solid OpenSCAD_Model
  facet normal 0 0 -1
    outer loop
      vertex 1.5 113.3 0
      vertex 3.5 3.5 0
      vertex 1.5 1.5 0
    endloop
  endfacet
  facet normal 0 0 -1
    outer loop
      vertex 3.5 3.5 0
      vertex 66.5 3.5 0
      vertex 1.5 1.5 0
    endloop
  endfacet
  facet normal 0 -1 0
    outer loop
      vertex 0 0 5.200000001490116
      vertex 0 0 3.0999999999999996
      vertex 70 0 3.0999999999999996
    endloop
  endfacet
  facet normal 0 0 1
    outer loop
      vertex 2.899999998509884 2.899999998509884 8.1
      vertex 8.349599654437709 13.031456550628121 8.1
      vertex 8.154529251732434 13.361302587979537 8.1
    endloop
  endfacet
  facet normal 0 0 1
    outer loop
      vertex 2.899999998509884 2.899999998509884 8.1
      vertex 7.980554979957281 13.70274632145306 8.1
      vertex 7.828363436081666 14.054440228623466 8.1
    endloop
  endfacet
  facet normal 0 0 1
    outer loop
      vertex 2.899999998509884 2.899999998509884 8.1
      vertex 7.828363436081666 14.054440228623466 8.1
      vertex 7.698555250599564 14.414996334312821 8.1
    endloop
  endfacet
  facet normal 0 0 1
    outer loop
      vertex 2.899999998509884 2.899999998509884 8.1
      vertex 7.698555250599564 14.414996334312821 8.1
      vertex 7.59164271711535 14.782991688294386 8.1
    endloop
  endfacet
  facet normal 0 0 1
    outer loop
      vertex 2.899999998509884 2.899999998509884 8.1
      vertex 8.154529251732434 13.361302587979537 8.1
      vertex 7.980554979957281 13.70274632145306 8.1
    endloop
  endfacet
  facet normal 0 0 1
    outer loop
      vertex 2.899999998509884 2.899999998509884 8.1
      vertex 7.59164271711535 14.782991688294386 8.1
      vertex 7.508047770555 15.156973981027079 8.1
    endloop
  endfacet
  facet normal 0 0 1
    outer loop
      vertex 2.899999998509884 2.899999998509884 8.1
      vertex 7.508047770555 15.156973981027079 8.1
      vertex 7.448100321981685 15.535467275257746 8.1
    endloop
  endfacet
  facet normal 0 0 1
    outer loop
      vertex 2.899999998509884 2.899999998509884 8.1
      vertex 7.448100321981685 15.535467275257746 8.1
      vertex 7.412036956587544 15.91697783087119 8.1
    endloop
  endfacet
  facet normal 0 0 1
    outer loop
      vertex 2.899999998509884 2.899999998509884 8.1
      vertex 7.412036956587544 15.91697783087119 8.1
      vertex 7.4 16.3 8.1
    endloop
  endfacet
  facet normal 0 0 1
    outer loop
      vertex 2.899999998509884 2.899999998509884 8.1
      vertex 7.4 16.3 8.1
      vertex 7.412036956587544 16.68302216912881 8.1
    endloop
  endfacet
  facet normal 0 0 1
    outer loop
      vertex 2.899999998509884 2.899999998509884 8.1
      vertex 7.412036956587544 16.68302216912881 8.1
      vertex 7.448100321981685 17.064532724742257 8.1
    endloop
  endfacet
  facet normal 0 0 1
    outer loop
      vertex 2.899999998509884 2.899999998509884 8.1
      vertex 7.448100321981685 17.064532724742257 8.1
      vertex 7.508047770555 17.443026018972922 8.1
    endloop
  endfacet
  facet normal 0 0 1
    outer loop
      vertex 2.899999998509884 2.899999998509884 8.1
      vertex 9.324262653835 11.853291372729391 8.1
      vertex 9.05329137272939 12.124262653835 8.1
    endloop
  endfacet
  facet normal 0 0 1
    outer loop
      vertex 2.899999998509884 2.899999998509884 8.1
      vertex 9.611713662532994 11.599869219067685 8.1
      vertex 9.324262653835 11.853291372729391 8.1
    endloop
  endfacet
  facet normal 0 0 1
    outer loop
      vertex 2.899999998509884 2.899999998509884 8.1
      vertex 9.914509961015915 11.36499633431282 8.1
      vertex 9.611713662532994 11.599869219067685 8.1
    endloop
  endfacet
  facet normal 0 0 1
    outer loop
      vertex 2.899999998509884 2.899999998509884 8.1
      vertex 8.799869219067684 12.411713662532994 8.1
      vertex 8.56499633431282 12.714509961015915 8.1
    endloop
  endfacet
  facet normal 0 0 1
    outer loop
      vertex 2.899999998509884 2.899999998509884 8.1
      vertex 8.56499633431282 12.714509961015915 8.1
      vertex 8.349599654437709 13.031456550628121 8.1
    endloop
  endfacet
  facet normal 0 0 1
    outer loop
      vertex 2.899999998509884 2.899999998509884 8.1
      vertex 9.05329137272939 12.124262653835 8.1
      vertex 8.799869219067684 12.411713662532994 8.1
    endloop
  endfacet
  facet normal 0 0 1
    outer loop
      vertex 2.899999998509884 2.899999998509884 8.1
      vertex 10.23145655062812 11.14959965443771 8.1
      vertex 9.914509961015915 11.36499633431282 8.1
    endloop
  endfacet
  facet normal 0 0 1
    outer loop
      vertex 2.899999998509884 2.899999998509884 8.1
      vertex 10.561302587979537 10.954529251732435 8.1
      vertex 10.23145655062812 11.14959965443771 8.1
    endloop
  endfacet
  facet normal 0 0 1
    outer loop
      vertex 2.899999998509884 2.899999998509884 8.1
      vertex 10.902746321453058 10.780554979957282 8.1
      vertex 10.561302587979537 10.954529251732435 8.1
    endloop
  endfacet
  facet normal 0 0 1
    outer loop
      vertex 2.899999998509884 2.899999998509884 8.1
      vertex 11.61499633431282 10.498555250599566 8.1
      vertex 11.254440228623466 10.628363436081667 8.1
    endloop
  endfacet
  facet normal 0 0 1
    outer loop
      vertex 2.899999998509884 2.899999998509884 8.1
      vertex 11.254440228623466 10.628363436081667 8.1
      vertex 10.902746321453058 10.780554979957282 8.1
    endloop
  endfacet
  facet normal 0 0 1
    outer loop
      vertex 2.899999998509884 2.899999998509884 8.1
      vertex 7.508047770555 17.443026018972922 8.1
      vertex 7.4 36.7 8.1
    endloop
  endfacet
  facet normal 0 0 1
    outer loop
      vertex 2.899999998509884 2.899999998509884 8.1
      vertex 7.4 36.7 8.1
      vertex 7.412036956587544 37.08302216912882 8.1
    endloop
  endfacet
  facet normal 0 0 1
    outer loop
      vertex 7.59164271711535 17.817008311705614 8.1
      vertex 7.508047770555 35.556973981027085 8.1
      vertex 7.508047770555 17.443026018972922 8.1
    endloop
  endfacet
  facet normal 0 0 1
    outer loop
      vertex 7.698555250599564 18.18500366568718 8.1
      vertex 7.59164271711535 35.182991688294386 8.1
      vertex 7.59164271711535 17.817008311705614 8.1
    endloop
  endfacet
  facet normal 0 0 1
    outer loop
      vertex 7.828363436081666 18.545559771376535 8.1
      vertex 7.698555250599564 34.81499633431282 8.1
      vertex 7.698555250599564 18.18500366568718 8.1
    endloop
  endfacet
  facet normal 0 0 1
    outer loop
      vertex 7.980554979957281 18.897253678546942 8.1
      vertex 7.828363436081666 34.45444022862347 8.1
      vertex 7.828363436081666 18.545559771376535 8.1
    endloop
  endfacet
  facet normal 0 0 1
    outer loop
      vertex 8.154529251732434 19.238697412020464 8.1
      vertex 7.980554979957281 34.10274632145306 8.1
      vertex 7.980554979957281 18.897253678546942 8.1
    endloop
  endfacet
  facet normal 0 0 1
    outer loop
      vertex 8.349599654437709 19.56854344937188 8.1
      vertex 8.154529251732434 33.761302587979536 8.1
      vertex 8.154529251732434 19.238697412020464 8.1
    endloop
  endfacet
  facet normal 0 0 1
    outer loop
      vertex 8.56499633431282 19.885490038984088 8.1
      vertex 8.56499633431282 33.11450996101591 8.1
      vertex 8.349599654437709 19.56854344937188 8.1
    endloop
  endfacet
  facet normal 0 0 1
    outer loop
      vertex 8.799869219067684 20.18828633746701 8.1
      vertex 8.799869219067684 32.811713662532995 8.1
      vertex 8.56499633431282 19.885490038984088 8.1
    endloop
  endfacet
  facet normal 0 0 1
    outer loop
      vertex 8.56499633431282 19.885490038984088 8.1
      vertex 8.799869219067684 32.811713662532995 8.1
      vertex 8.56499633431282 33.11450996101591 8.1
    endloop
  endfacet
  facet normal 0 0 1
    outer loop
      vertex 2.899999998509884 2.899999998509884 8.1
      vertex 11.982991688294385 10.391642717115351 8.1
      vertex 11.61499633431282 10.498555250599566 8.1
    endloop
  endfacet
  facet normal 0 0 1
    outer loop
      vertex 2.899999998509884 2.899999998509884 8.1
      vertex 12.356973981027078 10.308047770555 8.1
      vertex 11.982991688294385 10.391642717115351 8.1
    endloop
  endfacet
  facet normal 0 0 1
    outer loop
      vertex 2.899999998509884 2.899999998509884 8.1
      vertex 12.735467275257745 10.248100321981685 8.1
      vertex 12.356973981027078 10.308047770555 8.1
    endloop
  endfacet
  facet normal 0 0 1
    outer loop
      vertex 2.899999998509884 2.899999998509884 8.1
      vertex 13.116977830871186 10.212036956587545 8.1
      vertex 12.735467275257745 10.248100321981685 8.1
    endloop
  endfacet
  facet normal 0 0 1
    outer loop
      vertex 2.899999998509884 2.899999998509884 8.1
      vertex 13.5 10.200000000000001 8.1
      vertex 13.116977830871186 10.212036956587545 8.1
    endloop
  endfacet
  facet normal 0 0 1
    outer loop
      vertex 2.899999998509884 2.899999998509884 8.1
      vertex 13.883022169128814 10.212036956587545 8.1
      vertex 13.5 10.200000000000001 8.1
    endloop
  endfacet
  facet normal 0 0 1
    outer loop
      vertex 2.899999998509884 2.899999998509884 8.1
      vertex 14.264532724742255 10.248100321981685 8.1
      vertex 13.883022169128814 10.212036956587545 8.1
    endloop
  endfacet
  facet normal 0 0 1
    outer loop
      vertex 2.899999998509884 2.899999998509884 8.1
      vertex 14.643026018972922 10.308047770555 8.1
      vertex 14.264532724742255 10.248100321981685 8.1
    endloop
  endfacet
  facet normal 0 0 1
    outer loop
      vertex 2.899999998509884 2.899999998509884 8.1
      vertex 15.017008311705611 10.391642717115351 8.1
      vertex 14.643026018972922 10.308047770555 8.1
    endloop
  endfacet
  facet normal 0 0 1
    outer loop
      vertex 9.05329137272939 20.475737346165 8.1
      vertex 9.05329137272939 32.524262653835 8.1
      vertex 8.799869219067684 20.18828633746701 8.1
    endloop
  endfacet
  facet normal 0 0 1
    outer loop
      vertex 9.324262653835 20.74670862727061 8.1
      vertex 9.324262653835 32.25329137272939 8.1
      vertex 9.05329137272939 20.475737346165 8.1
    endloop
  endfacet
  facet normal 0 0 1
    outer loop
      vertex 9.611713662532994 21.000130780932317 8.1
      vertex 9.611713662532994 31.999869219067687 8.1
      vertex 9.324262653835 20.74670862727061 8.1
    endloop
  endfacet
  facet normal 0 0 1
    outer loop
      vertex 9.914509961015915 21.23500366568718 8.1
      vertex 10.23145655062812 31.549599654437714 8.1
      vertex 9.611713662532994 21.000130780932317 8.1
    endloop
  endfacet
  facet normal 0 0 1
    outer loop
      vertex 10.23145655062812 21.450400345562294 8.1
      vertex 10.902746321453058 31.180554979957286 8.1
      vertex 9.914509961015915 21.23500366568718 8.1
    endloop
  endfacet
  facet normal 0 0 1
    outer loop
      vertex 8.799869219067684 20.18828633746701 8.1
      vertex 9.05329137272939 32.524262653835 8.1
      vertex 8.799869219067684 32.811713662532995 8.1
    endloop
  endfacet
  facet normal 0 0 1
    outer loop
      vertex 9.05329137272939 20.475737346165 8.1
      vertex 9.324262653835 32.25329137272939 8.1
      vertex 9.05329137272939 32.524262653835 8.1
    endloop
  endfacet
  facet normal 0 0 1
    outer loop
      vertex 9.324262653835 20.74670862727061 8.1
      vertex 9.611713662532994 31.999869219067687 8.1
      vertex 9.324262653835 32.25329137272939 8.1
    endloop
  endfacet
  facet normal 0 0 1
    outer loop
      vertex 9.611713662532994 21.000130780932317 8.1
      vertex 9.914509961015915 31.764996334312823 8.1
      vertex 9.611713662532994 31.999869219067687 8.1
    endloop
  endfacet
  facet normal 0 0 1
    outer loop
      vertex 9.611713662532994 21.000130780932317 8.1
      vertex 10.23145655062812 31.549599654437714 8.1
      vertex 9.914509961015915 31.764996334312823 8.1
    endloop
  endfacet
  facet normal 0 0 1
    outer loop
      vertex 9.914509961015915 21.23500366568718 8.1
      vertex 10.561302587979537 31.354529251732437 8.1
      vertex 10.23145655062812 31.549599654437714 8.1
    endloop
  endfacet
  facet normal 0 0 1
    outer loop
      vertex 9.914509961015915 21.23500366568718 8.1
      vertex 10.902746321453058 31.180554979957286 8.1
      vertex 10.561302587979537 31.354529251732437 8.1
    endloop
  endfacet
  facet normal 0 0 1
    outer loop
      vertex 10.23145655062812 21.450400345562294 8.1
      vertex 11.254440228623466 31.02836343608167 8.1
      vertex 10.902746321453058 31.180554979957286 8.1
    endloop
  endfacet
  facet normal 0 0 1
    outer loop
      vertex 10.23145655062812 21.450400345562294 8.1
      vertex 11.61499633431282 30.898555250599568 8.1
      vertex 11.254440228623466 31.02836343608167 8.1
    endloop
  endfacet
  facet normal 0 0 1
    outer loop
      vertex 10.23145655062812 21.450400345562294 8.1
      vertex 11.982991688294385 30.79164271711535 8.1
      vertex 11.61499633431282 30.898555250599568 8.1
    endloop
  endfacet
  facet normal 0 0 1
    outer loop
      vertex 10.23145655062812 21.450400345562294 8.1
      vertex 12.356973981027078 30.708047770555 8.1
      vertex 11.982991688294385 30.79164271711535 8.1
    endloop
  endfacet
  facet normal 0 0 1
    outer loop
      vertex 10.23145655062812 21.450400345562294 8.1
      vertex 12.735467275257745 30.648100321981687 8.1
      vertex 12.356973981027078 30.708047770555 8.1
    endloop
  endfacet
  facet normal 0 0 1
    outer loop
      vertex 10.23145655062812 21.450400345562294 8.1
      vertex 13.116977830871186 30.612036956587545 8.1
      vertex 12.735467275257745 30.648100321981687 8.1
    endloop
  endfacet
  facet normal 0 0 1
    outer loop
      vertex 10.23145655062812 21.450400345562294 8.1
      vertex 13.5 30.6 8.1
      vertex 13.116977830871186 30.612036956587545 8.1
    endloop
  endfacet
  facet normal 0 0 1
    outer loop
      vertex 10.23145655062812 21.450400345562294 8.1
      vertex 13.883022169128814 30.612036956587545 8.1
      vertex 13.5 30.6 8.1
    endloop
  endfacet
  facet normal 0 0 1
    outer loop
      vertex 10.23145655062812 21.450400345562294 8.1
      vertex 14.264532724742255 30.648100321981687 8.1
      vertex 13.883022169128814 30.612036956587545 8.1
    endloop
  endfacet
  facet normal 0 0 1
    outer loop
      vertex 10.23145655062812 21.450400345562294 8.1
      vertex 14.643026018972922 30.708047770555 8.1
      vertex 14.264532724742255 30.648100321981687 8.1
    endloop
  endfacet
  facet normal 0 0 1
    outer loop
      vertex 10.23145655062812 21.450400345562294 8.1
      vertex 15.017008311705611 30.79164271711535 8.1
      vertex 14.643026018972922 30.708047770555 8.1
    endloop
  endfacet
  facet normal 0 0 1
    outer loop
      vertex 10.23145655062812 21.450400345562294 8.1
      vertex 15.38500366568718 30.898555250599568 8.1
      vertex 15.017008311705611 30.79164271711535 8.1
    endloop
  endfacet
  facet normal 0 0 1
    outer loop
      vertex 10.23145655062812 21.450400345562294 8.1
      vertex 15.745559771376538 31.02836343608167 8.1
      vertex 15.38500366568718 30.898555250599568 8.1
    endloop
  endfacet
  facet normal 0 0 1
    outer loop
      vertex 10.23145655062812 21.450400345562294 8.1
      vertex 16.09725367854694 31.180554979957286 8.1
      vertex 15.745559771376538 31.02836343608167 8.1
    endloop
  endfacet
  facet normal 0 0 1
    outer loop
      vertex 10.23145655062812 21.450400345562294 8.1
      vertex 16.438697412020463 31.354529251732437 8.1
      vertex 16.09725367854694 31.180554979957286 8.1
    endloop
  endfacet
  facet normal 0 0 1
    outer loop
      vertex 10.23145655062812 21.450400345562294 8.1
      vertex 16.768543449371876 31.54959965443771 8.1
      vertex 16.438697412020463 31.354529251732437 8.1
    endloop
  endfacet
  facet normal 0 0 1
    outer loop
      vertex 10.23145655062812 21.450400345562294 8.1
      vertex 17.085490038984084 31.764996334312823 8.1
      vertex 16.768543449371876 31.54959965443771 8.1
    endloop
  endfacet
  facet normal 0 0 1
    outer loop
      vertex 10.23145655062812 21.450400345562294 8.1
      vertex 17.388286337467008 31.99986921906769 8.1
      vertex 17.085490038984084 31.764996334312823 8.1
    endloop
  endfacet
  facet normal 0 0 1
    outer loop
      vertex 10.23145655062812 21.450400345562294 8.1
      vertex 17.675737346165 32.25329137272939 8.1
      vertex 17.388286337467008 31.99986921906769 8.1
    endloop
  endfacet
  facet normal -1 0 0
    outer loop
      vertex 0 0 5.200000001490116
      vertex 0 114.8 5.200000001490116
      vertex 0 0 3.0999999999999996
    endloop
  endfacet
  facet normal 0 0 1
    outer loop
      vertex 2.899999998509884 2.899999998509884 8.1
      vertex 7.412036956587544 37.08302216912882 8.1
      vertex 7.412036956587544 56.71697783087118 8.1
    endloop
  endfacet
  facet normal 0 0 1
    outer loop
      vertex 7.59164271711535 17.817008311705614 8.1
      vertex 7.59164271711535 35.182991688294386 8.1
      vertex 7.508047770555 35.556973981027085 8.1
    endloop
  endfacet
  facet normal 0 0 1
    outer loop
      vertex 7.508047770555 17.443026018972922 8.1
      vertex 7.508047770555 35.556973981027085 8.1
      vertex 7.448100321981685 35.93546727525775 8.1
    endloop
  endfacet
  facet normal 0 0 1
    outer loop
      vertex 7.508047770555 17.443026018972922 8.1
      vertex 7.448100321981685 35.93546727525775 8.1
      vertex 7.412036956587544 36.31697783087119 8.1
    endloop
  endfacet
  facet normal 0 0 1
    outer loop
      vertex 7.508047770555 17.443026018972922 8.1
      vertex 7.412036956587544 36.31697783087119 8.1
      vertex 7.4 36.7 8.1
    endloop
  endfacet
  facet normal 0 0 1
    outer loop
      vertex 7.828363436081666 18.545559771376535 8.1
      vertex 7.828363436081666 34.45444022862347 8.1
      vertex 7.698555250599564 34.81499633431282 8.1
    endloop
  endfacet
  facet normal 0 0 1
    outer loop
      vertex 7.698555250599564 18.18500366568718 8.1
      vertex 7.698555250599564 34.81499633431282 8.1
      vertex 7.59164271711535 35.182991688294386 8.1
    endloop
  endfacet
  facet normal 0 0 1
    outer loop
      vertex 8.154529251732434 19.238697412020464 8.1
      vertex 8.154529251732434 33.761302587979536 8.1
      vertex 7.980554979957281 34.10274632145306 8.1
    endloop
  endfacet
  facet normal 0 0 1
    outer loop
      vertex 7.980554979957281 18.897253678546942 8.1
      vertex 7.980554979957281 34.10274632145306 8.1
      vertex 7.828363436081666 34.45444022862347 8.1
    endloop
  endfacet
  facet normal 0 0 1
    outer loop
      vertex 8.349599654437709 19.56854344937188 8.1
      vertex 8.349599654437709 33.43145655062813 8.1
      vertex 8.154529251732434 33.761302587979536 8.1
    endloop
  endfacet
  facet normal 0 0 1
    outer loop
      vertex 8.349599654437709 19.56854344937188 8.1
      vertex 8.56499633431282 33.11450996101591 8.1
      vertex 8.349599654437709 33.43145655062813 8.1
    endloop
  endfacet
  facet normal 0 0 1
    outer loop
      vertex 2.899999998509884 2.899999998509884 8.1
      vertex 7.412036956587544 56.71697783087118 8.1
      vertex 7.4 57.099999999999994 8.1
    endloop
  endfacet
  facet normal 0 0 1
    outer loop
      vertex 2.899999998509884 2.899999998509884 8.1
      vertex 7.4 57.099999999999994 8.1
      vertex 7.412036956587544 57.48302216912881 8.1
    endloop
  endfacet
  facet normal 0 0 1
    outer loop
      vertex 2.899999998509884 2.899999998509884 8.1
      vertex 7.412036956587544 57.48302216912881 8.1
      vertex 7.60657911002636 82.083 8.1
    endloop
  endfacet
  facet normal 0 0 1
    outer loop
      vertex 7.448100321981685 37.464532724742256 8.1
      vertex 7.412036956587544 56.71697783087118 8.1
      vertex 7.412036956587544 37.08302216912882 8.1
    endloop
  endfacet
  facet normal 0 0 1
    outer loop
      vertex 7.508047770555 37.84302601897292 8.1
      vertex 7.448100321981685 56.33546727525774 8.1
      vertex 7.448100321981685 37.464532724742256 8.1
    endloop
  endfacet
  facet normal 0 0 1
    outer loop
      vertex 7.59164271711535 38.21700831170562 8.1
      vertex 7.508047770555 55.956973981027076 8.1
      vertex 7.508047770555 37.84302601897292 8.1
    endloop
  endfacet
  facet normal 0 0 1
    outer loop
      vertex 7.698555250599564 38.58500366568718 8.1
      vertex 7.59164271711535 55.58299168829438 8.1
      vertex 7.59164271711535 38.21700831170562 8.1
    endloop
  endfacet
  facet normal 0 0 1
    outer loop
      vertex 7.828363436081666 38.94555977137654 8.1
      vertex 7.698555250599564 55.214996334312815 8.1
      vertex 7.698555250599564 38.58500366568718 8.1
    endloop
  endfacet
  facet normal 0 0 1
    outer loop
      vertex 7.980554979957281 39.297253678546944 8.1
      vertex 7.828363436081666 54.85444022862346 8.1
      vertex 7.828363436081666 38.94555977137654 8.1
    endloop
  endfacet
  facet normal 0 0 1
    outer loop
      vertex 8.154529251732434 39.63869741202047 8.1
      vertex 7.980554979957281 54.50274632145305 8.1
      vertex 7.980554979957281 39.297253678546944 8.1
    endloop
  endfacet
  facet normal 0 0 1
    outer loop
      vertex 8.349599654437709 39.968543449371886 8.1
      vertex 8.154529251732434 54.16130258797953 8.1
      vertex 8.154529251732434 39.63869741202047 8.1
    endloop
  endfacet
  facet normal 0 0 1
    outer loop
      vertex 8.56499633431282 40.285490038984086 8.1
      vertex 8.349599654437709 53.83145655062811 8.1
      vertex 8.349599654437709 39.968543449371886 8.1
    endloop
  endfacet
  facet normal 0 0 1
    outer loop
      vertex 8.799869219067684 40.58828633746701 8.1
      vertex 8.56499633431282 53.51450996101591 8.1
      vertex 8.56499633431282 40.285490038984086 8.1
    endloop
  endfacet
  facet normal 0 0 1
    outer loop
      vertex 7.448100321981685 37.464532724742256 8.1
      vertex 7.448100321981685 56.33546727525774 8.1
      vertex 7.412036956587544 56.71697783087118 8.1
    endloop
  endfacet
  facet normal 0 0 1
    outer loop
      vertex 7.448100321981685 56.33546727525774 8.1
      vertex 7.508047770555 37.84302601897292 8.1
      vertex 7.508047770555 55.956973981027076 8.1
    endloop
  endfacet
  facet normal 0 0 1
    outer loop
      vertex 7.59164271711535 38.21700831170562 8.1
      vertex 7.59164271711535 55.58299168829438 8.1
      vertex 7.508047770555 55.956973981027076 8.1
    endloop
  endfacet
  facet normal 0 0 1
    outer loop
      vertex 7.698555250599564 55.214996334312815 8.1
      vertex 7.828363436081666 38.94555977137654 8.1
      vertex 7.828363436081666 54.85444022862346 8.1
    endloop
  endfacet
  facet normal 0 0 1
    outer loop
      vertex 7.59164271711535 55.58299168829438 8.1
      vertex 7.698555250599564 38.58500366568718 8.1
      vertex 7.698555250599564 55.214996334312815 8.1
    endloop
  endfacet
  facet normal 0 0 1
    outer loop
      vertex 7.828363436081666 54.85444022862346 8.1
      vertex 7.980554979957281 39.297253678546944 8.1
      vertex 7.980554979957281 54.50274632145305 8.1
    endloop
  endfacet
  facet normal 0 0 1
    outer loop
      vertex 8.154529251732434 39.63869741202047 8.1
      vertex 8.154529251732434 54.16130258797953 8.1
      vertex 7.980554979957281 54.50274632145305 8.1
    endloop
  endfacet
  facet normal 0 0 1
    outer loop
      vertex 8.349599654437709 39.968543449371886 8.1
      vertex 8.349599654437709 53.83145655062811 8.1
      vertex 8.154529251732434 54.16130258797953 8.1
    endloop
  endfacet
  facet normal 0 0 1
    outer loop
      vertex 8.349599654437709 53.83145655062811 8.1
      vertex 8.56499633431282 40.285490038984086 8.1
      vertex 8.56499633431282 53.51450996101591 8.1
    endloop
  endfacet
  facet normal 0 0 1
    outer loop
      vertex 8.799869219067684 40.58828633746701 8.1
      vertex 8.799869219067684 53.211713662532986 8.1
      vertex 8.56499633431282 53.51450996101591 8.1
    endloop
  endfacet
  facet normal 0 0 1
    outer loop
      vertex 2.899999998509884 2.899999998509884 8.1
      vertex 7.60657911002636 82.083 8.1
      vertex 7.60657911002636 87.083 8.1
    endloop
  endfacet
  facet normal 0 0 1
    outer loop
      vertex 10.23145655062812 21.450400345562294 8.1
      vertex 17.94670862727061 32.524262653835 8.1
      vertex 17.675737346165 32.25329137272939 8.1
    endloop
  endfacet
  facet normal 0 0 1
    outer loop
      vertex 10.23145655062812 21.450400345562294 8.1
      vertex 18.200130780932312 32.811713662532995 8.1
      vertex 17.94670862727061 32.524262653835 8.1
    endloop
  endfacet
  facet normal 0 0 1
    outer loop
      vertex 10.23145655062812 21.450400345562294 8.1
      vertex 18.43500366568718 33.11450996101591 8.1
      vertex 18.200130780932312 32.811713662532995 8.1
    endloop
  endfacet
  facet normal 0 0 1
    outer loop
      vertex 9.05329137272939 40.875737346165 8.1
      vertex 8.799869219067684 53.211713662532986 8.1
      vertex 8.799869219067684 40.58828633746701 8.1
    endloop
  endfacet
  facet normal 0 0 1
    outer loop
      vertex 9.324262653835 41.14670862727061 8.1
      vertex 9.05329137272939 52.924262653834994 8.1
      vertex 9.05329137272939 40.875737346165 8.1
    endloop
  endfacet
  facet normal 0 0 1
    outer loop
      vertex 9.611713662532994 41.400130780932315 8.1
      vertex 9.324262653835 52.653291372729385 8.1
      vertex 9.324262653835 41.14670862727061 8.1
    endloop
  endfacet
  facet normal 0 0 1
    outer loop
      vertex 9.914509961015915 41.63500366568718 8.1
      vertex 9.611713662532994 52.39986921906768 8.1
      vertex 9.611713662532994 41.400130780932315 8.1
    endloop
  endfacet
  facet normal 0 0 1
    outer loop
      vertex 10.23145655062812 41.85040034556229 8.1
      vertex 9.914509961015915 52.16499633431282 8.1
      vertex 9.914509961015915 41.63500366568718 8.1
    endloop
  endfacet
  facet normal 0 0 1
    outer loop
      vertex 10.561302587979537 42.04547074826757 8.1
      vertex 10.23145655062812 51.949599654437705 8.1
      vertex 10.23145655062812 41.85040034556229 8.1
    endloop
  endfacet
  facet normal 0 0 1
    outer loop
      vertex 10.561302587979537 51.75452925173243 8.1
      vertex 10.561302587979537 42.04547074826757 8.1
      vertex 10.902746321453057 42.21944502004272 8.1
    endloop
  endfacet
  facet normal 0 0 1
    outer loop
      vertex 9.05329137272939 40.875737346165 8.1
      vertex 9.05329137272939 52.924262653834994 8.1
      vertex 8.799869219067684 53.211713662532986 8.1
    endloop
  endfacet
  facet normal 0 0 1
    outer loop
      vertex 9.324262653835 41.14670862727061 8.1
      vertex 9.324262653835 52.653291372729385 8.1
      vertex 9.05329137272939 52.924262653834994 8.1
    endloop
  endfacet
  facet normal 0 0 1
    outer loop
      vertex 9.324262653835 52.653291372729385 8.1
      vertex 9.611713662532994 41.400130780932315 8.1
      vertex 9.611713662532994 52.39986921906768 8.1
    endloop
  endfacet
  facet normal 0 0 1
    outer loop
      vertex 9.611713662532994 52.39986921906768 8.1
      vertex 9.914509961015915 41.63500366568718 8.1
      vertex 9.914509961015915 52.16499633431282 8.1
    endloop
  endfacet
  facet normal 0 0 1
    outer loop
      vertex 9.914509961015915 52.16499633431282 8.1
      vertex 10.23145655062812 41.85040034556229 8.1
      vertex 10.23145655062812 51.949599654437705 8.1
    endloop
  endfacet
  facet normal 0 0 1
    outer loop
      vertex 10.561302587979537 42.04547074826757 8.1
      vertex 10.561302587979537 51.75452925173243 8.1
      vertex 10.23145655062812 51.949599654437705 8.1
    endloop
  endfacet
  facet normal 0 0 1
    outer loop
      vertex 10.561302587979537 51.75452925173243 8.1
      vertex 10.902746321453057 42.21944502004272 8.1
      vertex 10.902746321453058 51.58055497995728 8.1
    endloop
  endfacet
  facet normal 0 0 1
    outer loop
      vertex 11.254440228623466 42.37163656391834 8.1
      vertex 10.902746321453058 51.58055497995728 8.1
      vertex 10.902746321453057 42.21944502004272 8.1
    endloop
  endfacet
  facet normal 0 0 1
    outer loop
      vertex 11.61499633431282 42.50144474940044 8.1
      vertex 11.254440228623466 51.42836343608166 8.1
      vertex 11.254440228623466 42.37163656391834 8.1
    endloop
  endfacet
  facet normal 0 0 1
    outer loop
      vertex 11.982991688294385 42.608357282884654 8.1
      vertex 11.61499633431282 51.298555250599556 8.1
      vertex 11.61499633431282 42.50144474940044 8.1
    endloop
  endfacet
  facet normal 0 0 1
    outer loop
      vertex 12.35697398102708 42.69195222944501 8.1
      vertex 11.982991688294385 51.19164271711534 8.1
      vertex 11.982991688294385 42.608357282884654 8.1
    endloop
  endfacet
  facet normal 0 0 1
    outer loop
      vertex 12.735467275257744 42.75189967801832 8.1
      vertex 12.356973981027078 51.108047770555 8.1
      vertex 12.35697398102708 42.69195222944501 8.1
    endloop
  endfacet
  facet normal 0 0 1
    outer loop
      vertex 13.116977830871189 42.78796304341246 8.1
      vertex 12.735467275257745 51.04810032198168 8.1
      vertex 12.735467275257744 42.75189967801832 8.1
    endloop
  endfacet
  facet normal 0 0 1
    outer loop
      vertex 11.61499633431282 42.50144474940044 8.1
      vertex 11.61499633431282 51.298555250599556 8.1
      vertex 11.254440228623466 51.42836343608166 8.1
    endloop
  endfacet
  facet normal 0 0 1
    outer loop
      vertex 11.61499633431282 51.298555250599556 8.1
      vertex 11.982991688294385 42.608357282884654 8.1
      vertex 11.982991688294385 51.19164271711534 8.1
    endloop
  endfacet
  facet normal 0 0 1
    outer loop
      vertex 10.902746321453058 51.58055497995728 8.1
      vertex 11.254440228623466 42.37163656391834 8.1
      vertex 11.254440228623466 51.42836343608166 8.1
    endloop
  endfacet
  facet normal 0 0 1
    outer loop
      vertex 11.982991688294385 51.19164271711534 8.1
      vertex 12.35697398102708 42.69195222944501 8.1
      vertex 12.356973981027078 51.108047770555 8.1
    endloop
  endfacet
  facet normal 0 0 1
    outer loop
      vertex 12.735467275257744 42.75189967801832 8.1
      vertex 12.735467275257745 51.04810032198168 8.1
      vertex 12.356973981027078 51.108047770555 8.1
    endloop
  endfacet
  facet normal 0 0 1
    outer loop
      vertex 12.735467275257745 51.04810032198168 8.1
      vertex 13.116977830871189 42.78796304341246 8.1
      vertex 13.116977830871186 51.01203695658754 8.1
    endloop
  endfacet
  facet normal 0 0 1
    outer loop
      vertex 13.5 42.800000000000004 8.1
      vertex 13.116977830871186 51.01203695658754 8.1
      vertex 13.116977830871189 42.78796304341246 8.1
    endloop
  endfacet
  facet normal 0 0 1
    outer loop
      vertex 13.883022169128811 42.78796304341246 8.1
      vertex 13.5 50.99999999999999 8.1
      vertex 13.5 42.800000000000004 8.1
    endloop
  endfacet
  facet normal 0 0 1
    outer loop
      vertex 14.264532724742256 42.75189967801832 8.1
      vertex 13.883022169128814 51.01203695658754 8.1
      vertex 13.883022169128811 42.78796304341246 8.1
    endloop
  endfacet
  facet normal 0 0 1
    outer loop
      vertex 14.64302601897292 42.69195222944501 8.1
      vertex 14.264532724742255 51.04810032198168 8.1
      vertex 14.264532724742256 42.75189967801832 8.1
    endloop
  endfacet
  facet normal 0 0 1
    outer loop
      vertex 13.116977830871186 51.01203695658754 8.1
      vertex 13.5 42.800000000000004 8.1
      vertex 13.5 50.99999999999999 8.1
    endloop
  endfacet
  facet normal 0 0 1
    outer loop
      vertex 13.883022169128811 42.78796304341246 8.1
      vertex 13.883022169128814 51.01203695658754 8.1
      vertex 13.5 50.99999999999999 8.1
    endloop
  endfacet
  facet normal 0 0 1
    outer loop
      vertex 14.264532724742256 42.75189967801832 8.1
      vertex 14.264532724742255 51.04810032198168 8.1
      vertex 13.883022169128814 51.01203695658754 8.1
    endloop
  endfacet
  facet normal 0 0 1
    outer loop
      vertex 14.64302601897292 42.69195222944501 8.1
      vertex 14.643026018972922 51.108047770555 8.1
      vertex 14.264532724742255 51.04810032198168 8.1
    endloop
  endfacet
  facet normal 0 0 1
    outer loop
      vertex 14.643026018972922 51.108047770555 8.1
      vertex 14.64302601897292 42.69195222944501 8.1
      vertex 15.017008311705611 51.19164271711534 8.1
    endloop
  endfacet
  facet normal 0 0 1
    outer loop
      vertex 15.017008311705611 51.19164271711534 8.1
      vertex 14.64302601897292 42.69195222944501 8.1
      vertex 15.38500366568718 51.298555250599556 8.1
    endloop
  endfacet
  facet normal 0 0 1
    outer loop
      vertex 14.64302601897292 42.69195222944501 8.1
      vertex 15.745559771376538 51.42836343608166 8.1
      vertex 15.38500366568718 51.298555250599556 8.1
    endloop
  endfacet
  facet normal 0 0 1
    outer loop
      vertex 14.64302601897292 42.69195222944501 8.1
      vertex 16.09725367854694 51.58055497995728 8.1
      vertex 15.745559771376538 51.42836343608166 8.1
    endloop
  endfacet
  facet normal 0 0 1
    outer loop
      vertex 14.64302601897292 42.69195222944501 8.1
      vertex 16.438697412020463 51.75452925173243 8.1
      vertex 16.09725367854694 51.58055497995728 8.1
    endloop
  endfacet
  facet normal 0 0 1
    outer loop
      vertex 14.64302601897292 42.69195222944501 8.1
      vertex 16.768543449371876 51.949599654437705 8.1
      vertex 16.438697412020463 51.75452925173243 8.1
    endloop
  endfacet
  facet normal 0 0 1
    outer loop
      vertex 14.64302601897292 42.69195222944501 8.1
      vertex 17.085490038984084 52.16499633431282 8.1
      vertex 16.768543449371876 51.949599654437705 8.1
    endloop
  endfacet
  facet normal 0 0 1
    outer loop
      vertex 14.64302601897292 42.69195222944501 8.1
      vertex 17.388286337467008 52.39986921906768 8.1
      vertex 17.085490038984084 52.16499633431282 8.1
    endloop
  endfacet
  facet normal 0 0 1
    outer loop
      vertex 14.64302601897292 42.69195222944501 8.1
      vertex 17.675737346165 52.653291372729385 8.1
      vertex 17.388286337467008 52.39986921906768 8.1
    endloop
  endfacet
  facet normal 0 0 1
    outer loop
      vertex 14.64302601897292 42.69195222944501 8.1
      vertex 17.94670862727061 52.924262653834994 8.1
      vertex 17.675737346165 52.653291372729385 8.1
    endloop
  endfacet
  facet normal 0 0 1
    outer loop
      vertex 14.64302601897292 42.69195222944501 8.1
      vertex 18.200130780932312 53.211713662532986 8.1
      vertex 17.94670862727061 52.924262653834994 8.1
    endloop
  endfacet
  facet normal 0 0 1
    outer loop
      vertex 14.64302601897292 42.69195222944501 8.1
      vertex 18.43500366568718 53.51450996101591 8.1
      vertex 18.200130780932312 53.211713662532986 8.1
    endloop
  endfacet
  facet normal 0 0 1
    outer loop
      vertex 15.38500366568718 10.498555250599566 8.1
      vertex 33.004440228623466 10.628363436081667 8.1
      vertex 15.745559771376538 10.628363436081669 8.1
    endloop
  endfacet
  facet normal 0 0 1
    outer loop
      vertex 15.745559771376538 10.628363436081669 8.1
      vertex 32.65274632145306 10.780554979957282 8.1
      vertex 16.09725367854694 10.780554979957282 8.1
    endloop
  endfacet
  facet normal 0 0 1
    outer loop
      vertex 16.09725367854694 10.780554979957282 8.1
      vertex 32.31130258797954 10.954529251732435 8.1
      vertex 16.438697412020463 10.954529251732435 8.1
    endloop
  endfacet
  facet normal 0 0 1
    outer loop
      vertex 16.438697412020463 10.954529251732435 8.1
      vertex 31.98145655062812 11.14959965443771 8.1
      vertex 16.768543449371876 11.149599654437708 8.1
    endloop
  endfacet
  facet normal 0 0 1
    outer loop
      vertex 16.768543449371876 11.149599654437708 8.1
      vertex 31.664509961015913 11.36499633431282 8.1
      vertex 17.085490038984084 11.36499633431282 8.1
    endloop
  endfacet
  facet normal 0 0 1
    outer loop
      vertex 17.085490038984084 11.36499633431282 8.1
      vertex 31.361713662532992 11.599869219067685 8.1
      vertex 17.388286337467008 11.599869219067688 8.1
    endloop
  endfacet
  facet normal 0 0 1
    outer loop
      vertex 17.388286337467008 11.599869219067688 8.1
      vertex 31.074262653835 11.853291372729391 8.1
      vertex 17.675737346165 11.853291372729391 8.1
    endloop
  endfacet
  facet normal 0 0 1
    outer loop
      vertex 17.675737346165 11.853291372729391 8.1
      vertex 30.80329137272939 12.124262653835 8.1
      vertex 17.94670862727061 12.124262653835 8.1
    endloop
  endfacet
  facet normal 0 0 1
    outer loop
      vertex 17.94670862727061 12.124262653835 8.1
      vertex 30.549869219067684 12.411713662532994 8.1
      vertex 18.200130780932312 12.411713662532993 8.1
    endloop
  endfacet
  facet normal 0 0 1
    outer loop
      vertex 18.200130780932312 12.411713662532993 8.1
      vertex 30.31499633431282 12.714509961015915 8.1
      vertex 18.43500366568718 12.714509961015915 8.1
    endloop
  endfacet
  facet normal 0 0 1
    outer loop
      vertex 18.43500366568718 12.714509961015915 8.1
      vertex 30.09959965443771 13.031456550628121 8.1
      vertex 18.650400345562293 13.031456550628125 8.1
    endloop
  endfacet
  facet normal 0 0 1
    outer loop
      vertex 18.650400345562293 13.031456550628125 8.1
      vertex 29.904529251732434 13.361302587979537 8.1
      vertex 18.845470748267566 13.361302587979537 8.1
    endloop
  endfacet
  facet normal 0 0 1
    outer loop
      vertex 18.845470748267566 13.361302587979537 8.1
      vertex 29.730554979957283 13.70274632145306 8.1
      vertex 19.019445020042717 13.70274632145306 8.1
    endloop
  endfacet
  facet normal 0 0 1
    outer loop
      vertex 19.019445020042717 13.70274632145306 8.1
      vertex 29.578363436081666 14.054440228623466 8.1
      vertex 19.171636563918334 14.054440228623463 8.1
    endloop
  endfacet
  facet normal 0 0 1
    outer loop
      vertex 19.171636563918334 14.054440228623463 8.1
      vertex 29.448555250599565 14.414996334312821 8.1
      vertex 19.301444749400435 14.414996334312821 8.1
    endloop
  endfacet
  facet normal 0 0 1
    outer loop
      vertex 18.650400345562293 13.031456550628125 8.1
      vertex 30.09959965443771 13.031456550628121 8.1
      vertex 29.904529251732434 13.361302587979537 8.1
    endloop
  endfacet
  facet normal 0 0 1
    outer loop
      vertex 19.019445020042717 13.70274632145306 8.1
      vertex 29.730554979957283 13.70274632145306 8.1
      vertex 29.578363436081666 14.054440228623466 8.1
    endloop
  endfacet
  facet normal 0 0 1
    outer loop
      vertex 18.845470748267566 13.361302587979537 8.1
      vertex 29.904529251732434 13.361302587979537 8.1
      vertex 29.730554979957283 13.70274632145306 8.1
    endloop
  endfacet
  facet normal 0 0 1
    outer loop
      vertex 19.171636563918334 14.054440228623463 8.1
      vertex 29.578363436081666 14.054440228623466 8.1
      vertex 29.448555250599565 14.414996334312821 8.1
    endloop
  endfacet
  facet normal 0 0 1
    outer loop
      vertex 15.017008311705615 22.20835728288465 8.1
      vertex 29.198100321981684 35.93546727525775 8.1
      vertex 14.64302601897292 22.291952229445002 8.1
    endloop
  endfacet
  facet normal 0 0 1
    outer loop
      vertex 14.264532724742256 22.351899678018317 8.1
      vertex 14.64302601897292 22.291952229445002 8.1
      vertex 29.162036956587542 36.31697783087119 8.1
    endloop
  endfacet
  facet normal 0 0 1
    outer loop
      vertex 17.675737346165 20.74670862727061 8.1
      vertex 30.31499633431282 33.11450996101591 8.1
      vertex 17.388286337467008 21.000130780932313 8.1
    endloop
  endfacet
  facet normal 0 0 1
    outer loop
      vertex 15.38500366568718 22.101444749400436 8.1
      vertex 29.258047770555 35.556973981027085 8.1
      vertex 15.017008311705615 22.20835728288465 8.1
    endloop
  endfacet
  facet normal 0 0 1
    outer loop
      vertex 15.745559771376534 21.971636563918334 8.1
      vertex 29.34164271711535 35.182991688294386 8.1
      vertex 15.38500366568718 22.101444749400436 8.1
    endloop
  endfacet
  facet normal 0 0 1
    outer loop
      vertex 16.438697412020463 21.64547074826757 8.1
      vertex 29.578363436081666 34.45444022862347 8.1
      vertex 16.09725367854694 21.81944502004272 8.1
    endloop
  endfacet
  facet normal 0 0 1
    outer loop
      vertex 16.09725367854694 21.81944502004272 8.1
      vertex 29.448555250599565 34.81499633431282 8.1
      vertex 15.745559771376534 21.971636563918334 8.1
    endloop
  endfacet
  facet normal 0 0 1
    outer loop
      vertex 16.76854344937188 21.450400345562294 8.1
      vertex 29.730554979957283 34.10274632145306 8.1
      vertex 16.438697412020463 21.64547074826757 8.1
    endloop
  endfacet
  facet normal 0 0 1
    outer loop
      vertex 17.085490038984084 21.23500366568718 8.1
      vertex 29.904529251732434 33.761302587979536 8.1
      vertex 16.76854344937188 21.450400345562294 8.1
    endloop
  endfacet
  facet normal 0 0 1
    outer loop
      vertex 17.388286337467008 21.000130780932313 8.1
      vertex 30.09959965443771 33.43145655062813 8.1
      vertex 17.085490038984084 21.23500366568718 8.1
    endloop
  endfacet
  facet normal 0 0 1
    outer loop
      vertex 19.301444749400435 14.414996334312821 8.1
      vertex 29.34164271711535 14.782991688294386 8.1
      vertex 19.40835728288465 14.78299168829439 8.1
    endloop
  endfacet
  facet normal 0 0 1
    outer loop
      vertex 19.40835728288465 14.78299168829439 8.1
      vertex 29.258047770555 15.156973981027079 8.1
      vertex 19.491952229445 15.156973981027079 8.1
    endloop
  endfacet
  facet normal 0 0 1
    outer loop
      vertex 19.491952229445 15.156973981027079 8.1
      vertex 29.198100321981684 15.535467275257746 8.1
      vertex 19.551899678018316 15.535467275257746 8.1
    endloop
  endfacet
  facet normal 0 0 1
    outer loop
      vertex 19.551899678018316 15.535467275257746 8.1
      vertex 29.162036956587542 15.91697783087119 8.1
      vertex 19.587963043412458 15.916977830871186 8.1
    endloop
  endfacet
  facet normal 0 0 1
    outer loop
      vertex 19.587963043412458 15.916977830871186 8.1
      vertex 29.15 16.3 8.1
      vertex 19.6 16.3 8.1
    endloop
  endfacet
  facet normal 0 0 1
    outer loop
      vertex 19.6 16.3 8.1
      vertex 29.162036956587542 16.68302216912881 8.1
      vertex 19.587963043412458 16.68302216912881 8.1
    endloop
  endfacet
  facet normal 0 0 1
    outer loop
      vertex 19.587963043412458 16.68302216912881 8.1
      vertex 29.198100321981684 17.064532724742257 8.1
      vertex 19.551899678018316 17.064532724742257 8.1
    endloop
  endfacet
  facet normal 0 0 1
    outer loop
      vertex 19.551899678018316 17.064532724742257 8.1
      vertex 29.258047770555 17.443026018972922 8.1
      vertex 19.491952229445 17.443026018972922 8.1
    endloop
  endfacet
  facet normal 0 0 1
    outer loop
      vertex 19.491952229445 17.443026018972922 8.1
      vertex 29.34164271711535 17.817008311705614 8.1
      vertex 19.40835728288465 17.817008311705614 8.1
    endloop
  endfacet
  facet normal 0 0 1
    outer loop
      vertex 19.301444749400435 18.18500366568718 8.1
      vertex 29.578363436081666 18.545559771376535 8.1
      vertex 19.171636563918334 18.545559771376535 8.1
    endloop
  endfacet
  facet normal 0 0 1
    outer loop
      vertex 19.171636563918334 18.545559771376535 8.1
      vertex 29.730554979957283 18.897253678546942 8.1
      vertex 19.019445020042717 18.897253678546942 8.1
    endloop
  endfacet
  facet normal 0 0 1
    outer loop
      vertex 19.40835728288465 17.817008311705614 8.1
      vertex 29.448555250599565 18.18500366568718 8.1
      vertex 19.301444749400435 18.18500366568718 8.1
    endloop
  endfacet
  facet normal 0 0 1
    outer loop
      vertex 19.019445020042717 18.897253678546942 8.1
      vertex 29.904529251732434 19.238697412020464 8.1
      vertex 18.845470748267566 19.238697412020464 8.1
    endloop
  endfacet
  facet normal 0 0 1
    outer loop
      vertex 18.845470748267566 19.238697412020464 8.1
      vertex 30.09959965443771 19.56854344937188 8.1
      vertex 18.650400345562293 19.56854344937188 8.1
    endloop
  endfacet
  facet normal 0 0 1
    outer loop
      vertex 19.301444749400435 14.414996334312821 8.1
      vertex 29.448555250599565 14.414996334312821 8.1
      vertex 29.34164271711535 14.782991688294386 8.1
    endloop
  endfacet
  facet normal 0 0 1
    outer loop
      vertex 19.40835728288465 14.78299168829439 8.1
      vertex 29.34164271711535 14.782991688294386 8.1
      vertex 29.258047770555 15.156973981027079 8.1
    endloop
  endfacet
  facet normal 0 0 1
    outer loop
      vertex 19.551899678018316 15.535467275257746 8.1
      vertex 29.198100321981684 15.535467275257746 8.1
      vertex 29.162036956587542 15.91697783087119 8.1
    endloop
  endfacet
  facet normal 0 0 1
    outer loop
      vertex 19.587963043412458 15.916977830871186 8.1
      vertex 29.162036956587542 15.91697783087119 8.1
      vertex 29.15 16.3 8.1
    endloop
  endfacet
  facet normal 0 0 1
    outer loop
      vertex 19.491952229445 15.156973981027079 8.1
      vertex 29.258047770555 15.156973981027079 8.1
      vertex 29.198100321981684 15.535467275257746 8.1
    endloop
  endfacet
  facet normal 0 0 1
    outer loop
      vertex 19.6 16.3 8.1
      vertex 29.15 16.3 8.1
      vertex 29.162036956587542 16.68302216912881 8.1
    endloop
  endfacet
  facet normal 0 0 1
    outer loop
      vertex 19.587963043412458 16.68302216912881 8.1
      vertex 29.162036956587542 16.68302216912881 8.1
      vertex 29.198100321981684 17.064532724742257 8.1
    endloop
  endfacet
  facet normal 0 0 1
    outer loop
      vertex 19.551899678018316 17.064532724742257 8.1
      vertex 29.198100321981684 17.064532724742257 8.1
      vertex 29.258047770555 17.443026018972922 8.1
    endloop
  endfacet
  facet normal 0 0 1
    outer loop
      vertex 19.491952229445 17.443026018972922 8.1
      vertex 29.258047770555 17.443026018972922 8.1
      vertex 29.34164271711535 17.817008311705614 8.1
    endloop
  endfacet
  facet normal 0 0 1
    outer loop
      vertex 19.40835728288465 17.817008311705614 8.1
      vertex 29.34164271711535 17.817008311705614 8.1
      vertex 29.448555250599565 18.18500366568718 8.1
    endloop
  endfacet
  facet normal 0 0 1
    outer loop
      vertex 19.301444749400435 18.18500366568718 8.1
      vertex 29.448555250599565 18.18500366568718 8.1
      vertex 29.578363436081666 18.545559771376535 8.1
    endloop
  endfacet
  facet normal 0 0 1
    outer loop
      vertex 19.171636563918334 18.545559771376535 8.1
      vertex 29.578363436081666 18.545559771376535 8.1
      vertex 29.730554979957283 18.897253678546942 8.1
    endloop
  endfacet
  facet normal 0 0 1
    outer loop
      vertex 19.019445020042717 18.897253678546942 8.1
      vertex 29.730554979957283 18.897253678546942 8.1
      vertex 29.904529251732434 19.238697412020464 8.1
    endloop
  endfacet
  facet normal 0 0 1
    outer loop
      vertex 17.94670862727061 20.475737346165 8.1
      vertex 30.549869219067684 32.811713662532995 8.1
      vertex 17.675737346165 20.74670862727061 8.1
    endloop
  endfacet
  facet normal 0 0 1
    outer loop
      vertex 18.200130780932312 20.18828633746701 8.1
      vertex 30.549869219067684 32.811713662532995 8.1
      vertex 17.94670862727061 20.475737346165 8.1
    endloop
  endfacet
  facet normal 0 0 1
    outer loop
      vertex 18.43500366568718 19.885490038984088 8.1
      vertex 30.549869219067684 32.811713662532995 8.1
      vertex 18.200130780932312 20.18828633746701 8.1
    endloop
  endfacet
  facet normal 0 0 1
    outer loop
      vertex 18.650400345562293 19.56854344937188 8.1
      vertex 30.549869219067684 32.811713662532995 8.1
      vertex 18.43500366568718 19.885490038984088 8.1
    endloop
  endfacet
  facet normal 0 0 1
    outer loop
      vertex 2.899999998509884 2.899999998509884 8.1
      vertex 67.10000000149012 2.899999998509884 8.1
      vertex 15.017008311705611 10.391642717115351 8.1
    endloop
  endfacet
  facet normal 0 0 1
    outer loop
      vertex 15.745559771376538 10.628363436081669 8.1
      vertex 33.004440228623466 10.628363436081667 8.1
      vertex 32.65274632145306 10.780554979957282 8.1
    endloop
  endfacet
  facet normal 0 0 1
    outer loop
      vertex 15.38500366568718 10.498555250599566 8.1
      vertex 33.36499633431282 10.498555250599566 8.1
      vertex 33.004440228623466 10.628363436081667 8.1
    endloop
  endfacet
  facet normal 0 0 1
    outer loop
      vertex 15.38500366568718 10.498555250599566 8.1
      vertex 33.73299168829438 10.391642717115351 8.1
      vertex 33.36499633431282 10.498555250599566 8.1
    endloop
  endfacet
  facet normal 0 0 1
    outer loop
      vertex 17.085490038984084 11.36499633431282 8.1
      vertex 31.664509961015913 11.36499633431282 8.1
      vertex 31.361713662532992 11.599869219067685 8.1
    endloop
  endfacet
  facet normal 0 0 1
    outer loop
      vertex 17.675737346165 11.853291372729391 8.1
      vertex 31.074262653835 11.853291372729391 8.1
      vertex 30.80329137272939 12.124262653835 8.1
    endloop
  endfacet
  facet normal 0 0 1
    outer loop
      vertex 18.200130780932312 12.411713662532993 8.1
      vertex 30.549869219067684 12.411713662532994 8.1
      vertex 30.31499633431282 12.714509961015915 8.1
    endloop
  endfacet
  facet normal 0 0 1
    outer loop
      vertex 17.94670862727061 12.124262653835 8.1
      vertex 30.80329137272939 12.124262653835 8.1
      vertex 30.549869219067684 12.411713662532994 8.1
    endloop
  endfacet
  facet normal 0 0 1
    outer loop
      vertex 17.388286337467008 11.599869219067688 8.1
      vertex 31.361713662532992 11.599869219067685 8.1
      vertex 31.074262653835 11.853291372729391 8.1
    endloop
  endfacet
  facet normal 0 0 1
    outer loop
      vertex 16.438697412020463 10.954529251732435 8.1
      vertex 32.31130258797954 10.954529251732435 8.1
      vertex 31.98145655062812 11.14959965443771 8.1
    endloop
  endfacet
  facet normal 0 0 1
    outer loop
      vertex 16.09725367854694 10.780554979957282 8.1
      vertex 32.65274632145306 10.780554979957282 8.1
      vertex 32.31130258797954 10.954529251732435 8.1
    endloop
  endfacet
  facet normal 0 0 1
    outer loop
      vertex 16.768543449371876 11.149599654437708 8.1
      vertex 31.98145655062812 11.14959965443771 8.1
      vertex 31.664509961015913 11.36499633431282 8.1
    endloop
  endfacet
  facet normal 0 0 1
    outer loop
      vertex 18.43500366568718 12.714509961015915 8.1
      vertex 30.31499633431282 12.714509961015915 8.1
      vertex 30.09959965443771 13.031456550628121 8.1
    endloop
  endfacet
  facet normal 0 0 1
    outer loop
      vertex 67.10000000149012 2.899999998509884 8.1
      vertex 15.38500366568718 10.498555250599566 8.1
      vertex 15.017008311705611 10.391642717115351 8.1
    endloop
  endfacet
  facet normal 0 0 1
    outer loop
      vertex 18.845470748267566 19.238697412020464 8.1
      vertex 29.904529251732434 19.238697412020464 8.1
      vertex 30.09959965443771 19.56854344937188 8.1
    endloop
  endfacet
  facet normal 0 0 1
    outer loop
      vertex 30.31499633431282 19.885490038984088 8.1
      vertex 18.650400345562293 19.56854344937188 8.1
      vertex 30.09959965443771 19.56854344937188 8.1
    endloop
  endfacet
  facet normal 0 0 1
    outer loop
      vertex 30.549869219067684 20.18828633746701 8.1
      vertex 18.650400345562293 19.56854344937188 8.1
      vertex 30.31499633431282 19.885490038984088 8.1
    endloop
  endfacet
  facet normal 0 0 1
    outer loop
      vertex 18.650400345562293 19.56854344937188 8.1
      vertex 30.549869219067684 20.18828633746701 8.1
      vertex 30.549869219067684 32.811713662532995 8.1
    endloop
  endfacet
  facet normal 0 0 1
    outer loop
      vertex 30.80329137272939 20.475737346165 8.1
      vertex 30.549869219067684 32.811713662532995 8.1
      vertex 30.549869219067684 20.18828633746701 8.1
    endloop
  endfacet
  facet normal 0 0 1
    outer loop
      vertex 31.074262653835 20.74670862727061 8.1
      vertex 30.80329137272939 32.524262653835 8.1
      vertex 30.80329137272939 20.475737346165 8.1
    endloop
  endfacet
  facet normal 0 0 1
    outer loop
      vertex 31.361713662532992 21.000130780932317 8.1
      vertex 31.074262653835 32.25329137272939 8.1
      vertex 31.074262653835 20.74670862727061 8.1
    endloop
  endfacet
  facet normal 0 0 1
    outer loop
      vertex 31.664509961015913 21.23500366568718 8.1
      vertex 31.361713662532992 31.999869219067687 8.1
      vertex 31.361713662532992 21.000130780932317 8.1
    endloop
  endfacet
  facet normal 0 0 1
    outer loop
      vertex 31.98145655062812 21.450400345562294 8.1
      vertex 31.664509961015913 31.764996334312823 8.1
      vertex 31.664509961015913 21.23500366568718 8.1
    endloop
  endfacet
  facet normal 0 0 1
    outer loop
      vertex 32.31130258797954 21.64547074826757 8.1
      vertex 31.98145655062812 31.549599654437714 8.1
      vertex 31.98145655062812 21.450400345562294 8.1
    endloop
  endfacet
  facet normal 0 0 1
    outer loop
      vertex 32.65274632145306 21.81944502004272 8.1
      vertex 32.31130258797954 31.354529251732437 8.1
      vertex 32.31130258797954 21.64547074826757 8.1
    endloop
  endfacet
  facet normal 0 0 1
    outer loop
      vertex 33.004440228623466 21.971636563918334 8.1
      vertex 32.65274632145306 31.180554979957286 8.1
      vertex 32.65274632145306 21.81944502004272 8.1
    endloop
  endfacet
  facet normal 0 0 1
    outer loop
      vertex 30.80329137272939 20.475737346165 8.1
      vertex 30.80329137272939 32.524262653835 8.1
      vertex 30.549869219067684 32.811713662532995 8.1
    endloop
  endfacet
  facet normal 0 0 1
    outer loop
      vertex 31.074262653835 20.74670862727061 8.1
      vertex 31.074262653835 32.25329137272939 8.1
      vertex 30.80329137272939 32.524262653835 8.1
    endloop
  endfacet
  facet normal 0 0 1
    outer loop
      vertex 31.361713662532992 21.000130780932317 8.1
      vertex 31.361713662532992 31.999869219067687 8.1
      vertex 31.074262653835 32.25329137272939 8.1
    endloop
  endfacet
  facet normal 0 0 1
    outer loop
      vertex 31.664509961015913 21.23500366568718 8.1
      vertex 31.664509961015913 31.764996334312823 8.1
      vertex 31.361713662532992 31.999869219067687 8.1
    endloop
  endfacet
  facet normal 0 0 1
    outer loop
      vertex 31.98145655062812 21.450400345562294 8.1
      vertex 31.98145655062812 31.549599654437714 8.1
      vertex 31.664509961015913 31.764996334312823 8.1
    endloop
  endfacet
  facet normal 0 0 1
    outer loop
      vertex 32.31130258797954 21.64547074826757 8.1
      vertex 32.31130258797954 31.354529251732437 8.1
      vertex 31.98145655062812 31.549599654437714 8.1
    endloop
  endfacet
  facet normal 0 0 1
    outer loop
      vertex 32.65274632145306 21.81944502004272 8.1
      vertex 32.65274632145306 31.180554979957286 8.1
      vertex 32.31130258797954 31.354529251732437 8.1
    endloop
  endfacet
  facet normal 0 0 1
    outer loop
      vertex 33.36499633431282 22.101444749400436 8.1
      vertex 33.004440228623466 31.02836343608167 8.1
      vertex 33.004440228623466 21.971636563918334 8.1
    endloop
  endfacet
  facet normal 0 0 1
    outer loop
      vertex 33.73299168829438 22.20835728288465 8.1
      vertex 33.36499633431282 30.898555250599568 8.1
      vertex 33.36499633431282 22.101444749400436 8.1
    endloop
  endfacet
  facet normal 0 0 1
    outer loop
      vertex 34.10697398102708 22.291952229445002 8.1
      vertex 33.73299168829438 30.79164271711535 8.1
      vertex 33.73299168829438 22.20835728288465 8.1
    endloop
  endfacet
  facet normal 0 0 1
    outer loop
      vertex 33.004440228623466 21.971636563918334 8.1
      vertex 33.004440228623466 31.02836343608167 8.1
      vertex 32.65274632145306 31.180554979957286 8.1
    endloop
  endfacet
  facet normal 0 0 1
    outer loop
      vertex 33.36499633431282 22.101444749400436 8.1
      vertex 33.36499633431282 30.898555250599568 8.1
      vertex 33.004440228623466 31.02836343608167 8.1
    endloop
  endfacet
  facet normal 0 0 1
    outer loop
      vertex 33.73299168829438 22.20835728288465 8.1
      vertex 33.73299168829438 30.79164271711535 8.1
      vertex 33.36499633431282 30.898555250599568 8.1
    endloop
  endfacet
  facet normal 0 0 1
    outer loop
      vertex 34.48546727525775 22.351899678018317 8.1
      vertex 34.10697398102708 30.708047770555 8.1
      vertex 34.10697398102708 22.291952229445002 8.1
    endloop
  endfacet
  facet normal 0 0 1
    outer loop
      vertex 34.866977830871186 22.387963043412455 8.1
      vertex 34.48546727525775 30.648100321981687 8.1
      vertex 34.48546727525775 22.351899678018317 8.1
    endloop
  endfacet
  facet normal 0 0 1
    outer loop
      vertex 35.25 22.4 8.1
      vertex 34.866977830871186 30.612036956587545 8.1
      vertex 34.866977830871186 22.387963043412455 8.1
    endloop
  endfacet
  facet normal 0 0 1
    outer loop
      vertex 34.10697398102708 22.291952229445002 8.1
      vertex 34.10697398102708 30.708047770555 8.1
      vertex 33.73299168829438 30.79164271711535 8.1
    endloop
  endfacet
  facet normal 0 0 1
    outer loop
      vertex 34.48546727525775 22.351899678018317 8.1
      vertex 34.48546727525775 30.648100321981687 8.1
      vertex 34.10697398102708 30.708047770555 8.1
    endloop
  endfacet
  facet normal 0 0 1
    outer loop
      vertex 34.866977830871186 22.387963043412455 8.1
      vertex 34.866977830871186 30.612036956587545 8.1
      vertex 34.48546727525775 30.648100321981687 8.1
    endloop
  endfacet
  facet normal 0 0 1
    outer loop
      vertex 31.98145655062812 51.949599654437705 8.1
      vertex 10.23145655062812 21.450400345562294 8.1
      vertex 10.561302587979537 21.64547074826757 8.1
    endloop
  endfacet
  facet normal 0 0 1
    outer loop
      vertex 31.98145655062812 51.949599654437705 8.1
      vertex 10.561302587979537 21.64547074826757 8.1
      vertex 10.902746321453057 21.81944502004272 8.1
    endloop
  endfacet
  facet normal 0 0 1
    outer loop
      vertex 31.98145655062812 51.949599654437705 8.1
      vertex 10.902746321453057 21.81944502004272 8.1
      vertex 11.254440228623466 21.971636563918334 8.1
    endloop
  endfacet
  facet normal 0 0 1
    outer loop
      vertex 31.98145655062812 51.949599654437705 8.1
      vertex 11.254440228623466 21.971636563918334 8.1
      vertex 11.61499633431282 22.101444749400436 8.1
    endloop
  endfacet
  facet normal 0 0 1
    outer loop
      vertex 31.98145655062812 51.949599654437705 8.1
      vertex 11.61499633431282 22.101444749400436 8.1
      vertex 11.982991688294385 22.20835728288465 8.1
    endloop
  endfacet
  facet normal 0 0 1
    outer loop
      vertex 31.98145655062812 51.949599654437705 8.1
      vertex 11.982991688294385 22.20835728288465 8.1
      vertex 12.35697398102708 22.291952229445002 8.1
    endloop
  endfacet
  facet normal 0 0 1
    outer loop
      vertex 31.98145655062812 51.949599654437705 8.1
      vertex 12.35697398102708 22.291952229445002 8.1
      vertex 12.735467275257744 22.351899678018317 8.1
    endloop
  endfacet
  facet normal 0 0 1
    outer loop
      vertex 31.98145655062812 51.949599654437705 8.1
      vertex 12.735467275257744 22.351899678018317 8.1
      vertex 13.116977830871189 22.387963043412455 8.1
    endloop
  endfacet
  facet normal 0 0 1
    outer loop
      vertex 31.98145655062812 51.949599654437705 8.1
      vertex 13.116977830871189 22.387963043412455 8.1
      vertex 13.5 22.4 8.1
    endloop
  endfacet
  facet normal 0 0 1
    outer loop
      vertex 31.98145655062812 51.949599654437705 8.1
      vertex 13.5 22.4 8.1
      vertex 13.883022169128811 22.387963043412455 8.1
    endloop
  endfacet
  facet normal 0 0 1
    outer loop
      vertex 31.98145655062812 51.949599654437705 8.1
      vertex 13.883022169128811 22.387963043412455 8.1
      vertex 14.264532724742256 22.351899678018317 8.1
    endloop
  endfacet
  facet normal 0 0 1
    outer loop
      vertex 31.98145655062812 51.949599654437705 8.1
      vertex 18.43500366568718 33.11450996101591 8.1
      vertex 10.23145655062812 21.450400345562294 8.1
    endloop
  endfacet
  facet normal 0 0 1
    outer loop
      vertex 16.09725367854694 21.81944502004272 8.1
      vertex 29.578363436081666 34.45444022862347 8.1
      vertex 29.448555250599565 34.81499633431282 8.1
    endloop
  endfacet
  facet normal 0 0 1
    outer loop
      vertex 15.017008311705615 22.20835728288465 8.1
      vertex 29.258047770555 35.556973981027085 8.1
      vertex 29.198100321981684 35.93546727525775 8.1
    endloop
  endfacet
  facet normal 0 0 1
    outer loop
      vertex 14.264532724742256 22.351899678018317 8.1
      vertex 29.162036956587542 36.31697783087119 8.1
      vertex 29.15 36.7 8.1
    endloop
  endfacet
  facet normal 0 0 1
    outer loop
      vertex 14.64302601897292 22.291952229445002 8.1
      vertex 29.198100321981684 35.93546727525775 8.1
      vertex 29.162036956587542 36.31697783087119 8.1
    endloop
  endfacet
  facet normal 0 0 1
    outer loop
      vertex 14.264532724742256 22.351899678018317 8.1
      vertex 29.15 36.7 8.1
      vertex 29.162036956587542 37.08302216912882 8.1
    endloop
  endfacet
  facet normal 0 0 1
    outer loop
      vertex 15.745559771376534 21.971636563918334 8.1
      vertex 29.448555250599565 34.81499633431282 8.1
      vertex 29.34164271711535 35.182991688294386 8.1
    endloop
  endfacet
  facet normal 0 0 1
    outer loop
      vertex 15.38500366568718 22.101444749400436 8.1
      vertex 29.34164271711535 35.182991688294386 8.1
      vertex 29.258047770555 35.556973981027085 8.1
    endloop
  endfacet
  facet normal 0 0 1
    outer loop
      vertex 17.085490038984084 21.23500366568718 8.1
      vertex 30.09959965443771 33.43145655062813 8.1
      vertex 29.904529251732434 33.761302587979536 8.1
    endloop
  endfacet
  facet normal 0 0 1
    outer loop
      vertex 16.438697412020463 21.64547074826757 8.1
      vertex 29.730554979957283 34.10274632145306 8.1
      vertex 29.578363436081666 34.45444022862347 8.1
    endloop
  endfacet
  facet normal 0 0 1
    outer loop
      vertex 16.76854344937188 21.450400345562294 8.1
      vertex 29.904529251732434 33.761302587979536 8.1
      vertex 29.730554979957283 34.10274632145306 8.1
    endloop
  endfacet
  facet normal 0 0 1
    outer loop
      vertex 17.388286337467008 21.000130780932313 8.1
      vertex 30.31499633431282 33.11450996101591 8.1
      vertex 30.09959965443771 33.43145655062813 8.1
    endloop
  endfacet
  facet normal 0 0 1
    outer loop
      vertex 17.675737346165 20.74670862727061 8.1
      vertex 30.549869219067684 32.811713662532995 8.1
      vertex 30.31499633431282 33.11450996101591 8.1
    endloop
  endfacet
  facet normal 0 0 1
    outer loop
      vertex 14.264532724742256 22.351899678018317 8.1
      vertex 29.162036956587542 37.08302216912882 8.1
      vertex 29.198100321981684 37.464532724742256 8.1
    endloop
  endfacet
  facet normal 0 0 1
    outer loop
      vertex 14.264532724742256 22.351899678018317 8.1
      vertex 29.198100321981684 37.464532724742256 8.1
      vertex 29.258047770555 37.84302601897292 8.1
    endloop
  endfacet
  facet normal 0 0 1
    outer loop
      vertex 14.264532724742256 22.351899678018317 8.1
      vertex 29.258047770555 37.84302601897292 8.1
      vertex 29.34164271711535 38.21700831170562 8.1
    endloop
  endfacet
  facet normal 0 0 1
    outer loop
      vertex 14.264532724742256 22.351899678018317 8.1
      vertex 29.34164271711535 38.21700831170562 8.1
      vertex 29.448555250599565 38.58500366568718 8.1
    endloop
  endfacet
  facet normal 0 0 1
    outer loop
      vertex 14.264532724742256 22.351899678018317 8.1
      vertex 29.448555250599565 38.58500366568718 8.1
      vertex 29.578363436081666 38.94555977137654 8.1
    endloop
  endfacet
  facet normal 0 0 1
    outer loop
      vertex 14.264532724742256 22.351899678018317 8.1
      vertex 29.578363436081666 38.94555977137654 8.1
      vertex 29.730554979957283 39.297253678546944 8.1
    endloop
  endfacet
  facet normal 0 0 1
    outer loop
      vertex 14.264532724742256 22.351899678018317 8.1
      vertex 29.730554979957283 39.297253678546944 8.1
      vertex 29.904529251732434 39.63869741202047 8.1
    endloop
  endfacet
  facet normal 0 0 1
    outer loop
      vertex 14.264532724742256 22.351899678018317 8.1
      vertex 29.904529251732434 39.63869741202047 8.1
      vertex 30.09959965443771 39.968543449371886 8.1
    endloop
  endfacet
  facet normal 0 0 1
    outer loop
      vertex 14.264532724742256 22.351899678018317 8.1
      vertex 30.09959965443771 39.968543449371886 8.1
      vertex 30.31499633431282 40.285490038984086 8.1
    endloop
  endfacet
  facet normal 0 0 1
    outer loop
      vertex 14.264532724742256 22.351899678018317 8.1
      vertex 30.31499633431282 40.285490038984086 8.1
      vertex 30.549869219067684 40.58828633746701 8.1
    endloop
  endfacet
  facet normal 0 0 1
    outer loop
      vertex 14.264532724742256 22.351899678018317 8.1
      vertex 30.549869219067684 40.58828633746701 8.1
      vertex 30.80329137272939 40.875737346165 8.1
    endloop
  endfacet
  facet normal 0 0 1
    outer loop
      vertex 31.98145655062812 51.949599654437705 8.1
      vertex 18.650400345562293 33.43145655062813 8.1
      vertex 18.43500366568718 33.11450996101591 8.1
    endloop
  endfacet
  facet normal 0 0 1
    outer loop
      vertex 31.98145655062812 51.949599654437705 8.1
      vertex 18.845470748267566 33.761302587979536 8.1
      vertex 18.650400345562293 33.43145655062813 8.1
    endloop
  endfacet
  facet normal 0 0 1
    outer loop
      vertex 31.98145655062812 51.949599654437705 8.1
      vertex 19.019445020042717 34.10274632145306 8.1
      vertex 18.845470748267566 33.761302587979536 8.1
    endloop
  endfacet
  facet normal 0 0 1
    outer loop
      vertex 31.98145655062812 51.949599654437705 8.1
      vertex 19.171636563918334 34.45444022862347 8.1
      vertex 19.019445020042717 34.10274632145306 8.1
    endloop
  endfacet
  facet normal 0 0 1
    outer loop
      vertex 31.98145655062812 51.949599654437705 8.1
      vertex 19.301444749400435 34.81499633431282 8.1
      vertex 19.171636563918334 34.45444022862347 8.1
    endloop
  endfacet
  facet normal 0 0 1
    outer loop
      vertex 31.98145655062812 51.949599654437705 8.1
      vertex 19.40835728288465 35.18299168829439 8.1
      vertex 19.301444749400435 34.81499633431282 8.1
    endloop
  endfacet
  facet normal 0 0 1
    outer loop
      vertex 31.98145655062812 51.949599654437705 8.1
      vertex 19.491952229445 35.556973981027085 8.1
      vertex 19.40835728288465 35.18299168829439 8.1
    endloop
  endfacet
  facet normal 0 0 1
    outer loop
      vertex 31.98145655062812 51.949599654437705 8.1
      vertex 19.551899678018316 35.93546727525775 8.1
      vertex 19.491952229445 35.556973981027085 8.1
    endloop
  endfacet
  facet normal 0 0 1
    outer loop
      vertex 31.98145655062812 51.949599654437705 8.1
      vertex 19.587963043412458 36.31697783087119 8.1
      vertex 19.551899678018316 35.93546727525775 8.1
    endloop
  endfacet
  facet normal 0 0 1
    outer loop
      vertex 31.98145655062812 51.949599654437705 8.1
      vertex 19.6 36.7 8.1
      vertex 19.587963043412458 36.31697783087119 8.1
    endloop
  endfacet
  facet normal 0 0 1
    outer loop
      vertex 31.98145655062812 51.949599654437705 8.1
      vertex 19.587963043412458 37.08302216912882 8.1
      vertex 19.6 36.7 8.1
    endloop
  endfacet
  facet normal 0 0 1
    outer loop
      vertex 31.98145655062812 51.949599654437705 8.1
      vertex 19.551899678018316 37.464532724742256 8.1
      vertex 19.587963043412458 37.08302216912882 8.1
    endloop
  endfacet
  facet normal 0 0 1
    outer loop
      vertex 31.98145655062812 51.949599654437705 8.1
      vertex 19.491952229445 37.84302601897292 8.1
      vertex 19.551899678018316 37.464532724742256 8.1
    endloop
  endfacet
  facet normal 0 0 1
    outer loop
      vertex 31.98145655062812 51.949599654437705 8.1
      vertex 19.40835728288465 38.21700831170562 8.1
      vertex 19.491952229445 37.84302601897292 8.1
    endloop
  endfacet
  facet normal 0 0 1
    outer loop
      vertex 31.98145655062812 51.949599654437705 8.1
      vertex 19.301444749400435 38.58500366568718 8.1
      vertex 19.40835728288465 38.21700831170562 8.1
    endloop
  endfacet
  facet normal 0 0 1
    outer loop
      vertex 14.264532724742256 22.351899678018317 8.1
      vertex 30.80329137272939 40.875737346165 8.1
      vertex 31.98145655062812 51.949599654437705 8.1
    endloop
  endfacet
  facet normal 0 0 1
    outer loop
      vertex 15.017008311705615 42.608357282884654 8.1
      vertex 29.730554979957283 54.50274632145305 8.1
      vertex 14.64302601897292 42.69195222944501 8.1
    endloop
  endfacet
  facet normal 0 0 1
    outer loop
      vertex 15.38500366568718 42.50144474940044 8.1
      vertex 29.730554979957283 54.50274632145305 8.1
      vertex 15.017008311705615 42.608357282884654 8.1
    endloop
  endfacet
  facet normal 0 0 1
    outer loop
      vertex 15.745559771376534 42.37163656391834 8.1
      vertex 29.730554979957283 54.50274632145305 8.1
      vertex 15.38500366568718 42.50144474940044 8.1
    endloop
  endfacet
  facet normal 0 0 1
    outer loop
      vertex 16.09725367854694 42.21944502004272 8.1
      vertex 29.730554979957283 54.50274632145305 8.1
      vertex 15.745559771376534 42.37163656391834 8.1
    endloop
  endfacet
  facet normal 0 0 1
    outer loop
      vertex 16.438697412020463 42.04547074826757 8.1
      vertex 29.730554979957283 54.50274632145305 8.1
      vertex 16.09725367854694 42.21944502004272 8.1
    endloop
  endfacet
  facet normal 0 0 1
    outer loop
      vertex 16.76854344937188 41.85040034556229 8.1
      vertex 29.730554979957283 54.50274632145305 8.1
      vertex 16.438697412020463 42.04547074826757 8.1
    endloop
  endfacet
  facet normal 0 0 1
    outer loop
      vertex 17.085490038984084 41.63500366568718 8.1
      vertex 29.904529251732434 54.16130258797953 8.1
      vertex 16.76854344937188 41.85040034556229 8.1
    endloop
  endfacet
  facet normal 0 0 1
    outer loop
      vertex 17.388286337467008 41.400130780932315 8.1
      vertex 30.09959965443771 53.83145655062811 8.1
      vertex 17.085490038984084 41.63500366568718 8.1
    endloop
  endfacet
  facet normal 0 0 1
    outer loop
      vertex 17.675737346165 41.14670862727061 8.1
      vertex 30.31499633431282 53.51450996101591 8.1
      vertex 17.388286337467008 41.400130780932315 8.1
    endloop
  endfacet
  facet normal 0 0 1
    outer loop
      vertex 14.64302601897292 42.69195222944501 8.1
      vertex 29.730554979957283 54.50274632145305 8.1
      vertex 18.43500366568718 53.51450996101591 8.1
    endloop
  endfacet
  facet normal 0 0 1
    outer loop
      vertex 18.200130780932312 40.58828633746701 8.1
      vertex 30.80329137272939 52.924262653834994 8.1
      vertex 17.94670862727061 40.875737346165 8.1
    endloop
  endfacet
  facet normal 0 0 1
    outer loop
      vertex 18.43500366568718 40.285490038984086 8.1
      vertex 31.074262653835 52.653291372729385 8.1
      vertex 18.200130780932312 40.58828633746701 8.1
    endloop
  endfacet
  facet normal 0 0 1
    outer loop
      vertex 18.650400345562293 39.96854344937188 8.1
      vertex 31.361713662532992 52.39986921906768 8.1
      vertex 18.43500366568718 40.285490038984086 8.1
    endloop
  endfacet
  facet normal 0 0 1
    outer loop
      vertex 17.94670862727061 40.875737346165 8.1
      vertex 30.549869219067684 53.211713662532986 8.1
      vertex 17.675737346165 41.14670862727061 8.1
    endloop
  endfacet
  facet normal 0 0 1
    outer loop
      vertex 18.845470748267566 39.63869741202046 8.1
      vertex 31.664509961015913 52.16499633431282 8.1
      vertex 18.650400345562293 39.96854344937188 8.1
    endloop
  endfacet
  facet normal 0 0 1
    outer loop
      vertex 31.98145655062812 51.949599654437705 8.1
      vertex 19.171636563918334 38.94555977137654 8.1
      vertex 19.301444749400435 38.58500366568718 8.1
    endloop
  endfacet
  facet normal 0 0 1
    outer loop
      vertex 31.98145655062812 51.949599654437705 8.1
      vertex 19.019445020042717 39.297253678546944 8.1
      vertex 19.171636563918334 38.94555977137654 8.1
    endloop
  endfacet
  facet normal 0 0 1
    outer loop
      vertex 31.98145655062812 51.949599654437705 8.1
      vertex 18.845470748267566 39.63869741202046 8.1
      vertex 19.019445020042717 39.297253678546944 8.1
    endloop
  endfacet
  facet normal 0 0 1
    outer loop
      vertex 16.76854344937188 41.85040034556229 8.1
      vertex 29.904529251732434 54.16130258797953 8.1
      vertex 29.730554979957283 54.50274632145305 8.1
    endloop
  endfacet
  facet normal 0 0 1
    outer loop
      vertex 17.085490038984084 41.63500366568718 8.1
      vertex 30.09959965443771 53.83145655062811 8.1
      vertex 29.904529251732434 54.16130258797953 8.1
    endloop
  endfacet
  facet normal 0 0 1
    outer loop
      vertex 17.675737346165 41.14670862727061 8.1
      vertex 30.549869219067684 53.211713662532986 8.1
      vertex 30.31499633431282 53.51450996101591 8.1
    endloop
  endfacet
  facet normal 0 0 1
    outer loop
      vertex 17.388286337467008 41.400130780932315 8.1
      vertex 30.31499633431282 53.51450996101591 8.1
      vertex 30.09959965443771 53.83145655062811 8.1
    endloop
  endfacet
  facet normal 0 0 1
    outer loop
      vertex 18.43500366568718 53.51450996101591 8.1
      vertex 29.730554979957283 54.50274632145305 8.1
      vertex 18.650400345562293 53.83145655062812 8.1
    endloop
  endfacet
  facet normal 0 0 1
    outer loop
      vertex 18.650400345562293 53.83145655062812 8.1
      vertex 29.730554979957283 54.50274632145305 8.1
      vertex 18.845470748267566 54.16130258797953 8.1
    endloop
  endfacet
  facet normal 0 0 1
    outer loop
      vertex 18.845470748267566 54.16130258797953 8.1
      vertex 29.730554979957283 54.50274632145305 8.1
      vertex 19.019445020042717 54.50274632145305 8.1
    endloop
  endfacet
  facet normal 0 0 1
    outer loop
      vertex 19.019445020042717 54.50274632145305 8.1
      vertex 29.578363436081666 54.85444022862346 8.1
      vertex 19.171636563918334 54.85444022862346 8.1
    endloop
  endfacet
  facet normal 0 0 1
    outer loop
      vertex 19.171636563918334 54.85444022862346 8.1
      vertex 29.448555250599565 55.214996334312815 8.1
      vertex 19.301444749400435 55.214996334312815 8.1
    endloop
  endfacet
  facet normal 0 0 1
    outer loop
      vertex 19.301444749400435 55.214996334312815 8.1
      vertex 29.34164271711535 55.58299168829438 8.1
      vertex 19.40835728288465 55.582991688294385 8.1
    endloop
  endfacet
  facet normal 0 0 1
    outer loop
      vertex 19.40835728288465 55.582991688294385 8.1
      vertex 29.258047770555 55.956973981027076 8.1
      vertex 19.491952229445 55.956973981027076 8.1
    endloop
  endfacet
  facet normal 0 0 1
    outer loop
      vertex 19.491952229445 55.956973981027076 8.1
      vertex 29.198100321981684 56.33546727525774 8.1
      vertex 19.551899678018316 56.33546727525774 8.1
    endloop
  endfacet
  facet normal 0 0 1
    outer loop
      vertex 29.162036956587542 56.71697783087118 8.1
      vertex 19.587963043412458 56.71697783087118 8.1
      vertex 19.551899678018316 56.33546727525774 8.1
    endloop
  endfacet
  facet normal 0 0 1
    outer loop
      vertex 19.587963043412458 56.71697783087118 8.1
      vertex 29.15 57.099999999999994 8.1
      vertex 19.6 57.099999999999994 8.1
    endloop
  endfacet
  facet normal 0 0 1
    outer loop
      vertex 19.6 57.099999999999994 8.1
      vertex 29.162036956587542 57.48302216912881 8.1
      vertex 19.587963043412458 57.48302216912881 8.1
    endloop
  endfacet
  facet normal 0 0 1
    outer loop
      vertex 19.019445020042717 54.50274632145305 8.1
      vertex 29.730554979957283 54.50274632145305 8.1
      vertex 29.578363436081666 54.85444022862346 8.1
    endloop
  endfacet
  facet normal 0 0 1
    outer loop
      vertex 19.171636563918334 54.85444022862346 8.1
      vertex 29.578363436081666 54.85444022862346 8.1
      vertex 29.448555250599565 55.214996334312815 8.1
    endloop
  endfacet
  facet normal 0 0 1
    outer loop
      vertex 19.301444749400435 55.214996334312815 8.1
      vertex 29.448555250599565 55.214996334312815 8.1
      vertex 29.34164271711535 55.58299168829438 8.1
    endloop
  endfacet
  facet normal 0 0 1
    outer loop
      vertex 29.162036956587542 56.71697783087118 8.1
      vertex 19.551899678018316 56.33546727525774 8.1
      vertex 29.198100321981684 56.33546727525774 8.1
    endloop
  endfacet
  facet normal 0 0 1
    outer loop
      vertex 19.40835728288465 55.582991688294385 8.1
      vertex 29.34164271711535 55.58299168829438 8.1
      vertex 29.258047770555 55.956973981027076 8.1
    endloop
  endfacet
  facet normal 0 0 1
    outer loop
      vertex 19.491952229445 55.956973981027076 8.1
      vertex 29.258047770555 55.956973981027076 8.1
      vertex 29.198100321981684 56.33546727525774 8.1
    endloop
  endfacet
  facet normal 0 0 1
    outer loop
      vertex 19.587963043412458 56.71697783087118 8.1
      vertex 29.162036956587542 56.71697783087118 8.1
      vertex 29.15 57.099999999999994 8.1
    endloop
  endfacet
  facet normal 0 0 1
    outer loop
      vertex 19.6 57.099999999999994 8.1
      vertex 29.15 57.099999999999994 8.1
      vertex 29.162036956587542 57.48302216912881 8.1
    endloop
  endfacet
  facet normal 0 0 1
    outer loop
      vertex 18.650400345562293 39.96854344937188 8.1
      vertex 31.664509961015913 52.16499633431282 8.1
      vertex 31.361713662532992 52.39986921906768 8.1
    endloop
  endfacet
  facet normal 0 0 1
    outer loop
      vertex 30.549869219067684 53.211713662532986 8.1
      vertex 17.94670862727061 40.875737346165 8.1
      vertex 30.80329137272939 52.924262653834994 8.1
    endloop
  endfacet
  facet normal 0 0 1
    outer loop
      vertex 18.200130780932312 40.58828633746701 8.1
      vertex 31.074262653835 52.653291372729385 8.1
      vertex 30.80329137272939 52.924262653834994 8.1
    endloop
  endfacet
  facet normal 0 0 1
    outer loop
      vertex 18.43500366568718 40.285490038984086 8.1
      vertex 31.361713662532992 52.39986921906768 8.1
      vertex 31.074262653835 52.653291372729385 8.1
    endloop
  endfacet
  facet normal 0 0 1
    outer loop
      vertex 31.98145655062812 51.949599654437705 8.1
      vertex 31.664509961015913 52.16499633431282 8.1
      vertex 18.845470748267566 39.63869741202046 8.1
    endloop
  endfacet
  facet normal 0 0 1
    outer loop
      vertex 31.98145655062812 51.949599654437705 8.1
      vertex 30.80329137272939 40.875737346165 8.1
      vertex 31.074262653835 41.14670862727061 8.1
    endloop
  endfacet
  facet normal 0 0 1
    outer loop
      vertex 31.98145655062812 51.949599654437705 8.1
      vertex 31.074262653835 41.14670862727061 8.1
      vertex 31.361713662532992 41.400130780932315 8.1
    endloop
  endfacet
  facet normal 0 0 1
    outer loop
      vertex 31.98145655062812 51.949599654437705 8.1
      vertex 31.361713662532992 41.400130780932315 8.1
      vertex 31.664509961015913 41.63500366568718 8.1
    endloop
  endfacet
  facet normal 0 0 1
    outer loop
      vertex 31.98145655062812 51.949599654437705 8.1
      vertex 31.664509961015913 41.63500366568718 8.1
      vertex 31.98145655062812 41.85040034556229 8.1
    endloop
  endfacet
  facet normal 0 0 1
    outer loop
      vertex 32.31130258797954 42.04547074826757 8.1
      vertex 31.98145655062812 51.949599654437705 8.1
      vertex 31.98145655062812 41.85040034556229 8.1
    endloop
  endfacet
  facet normal 0 0 1
    outer loop
      vertex 32.65274632145306 42.21944502004272 8.1
      vertex 32.31130258797954 51.75452925173243 8.1
      vertex 32.31130258797954 42.04547074826757 8.1
    endloop
  endfacet
  facet normal 0 0 1
    outer loop
      vertex 33.004440228623466 42.37163656391834 8.1
      vertex 32.65274632145306 51.58055497995728 8.1
      vertex 32.65274632145306 42.21944502004272 8.1
    endloop
  endfacet
  facet normal 0 0 1
    outer loop
      vertex 32.31130258797954 42.04547074826757 8.1
      vertex 32.31130258797954 51.75452925173243 8.1
      vertex 31.98145655062812 51.949599654437705 8.1
    endloop
  endfacet
  facet normal 0 0 1
    outer loop
      vertex 32.31130258797954 51.75452925173243 8.1
      vertex 32.65274632145306 42.21944502004272 8.1
      vertex 32.65274632145306 51.58055497995728 8.1
    endloop
  endfacet
  facet normal 0 0 1
    outer loop
      vertex 33.36499633431282 42.50144474940044 8.1
      vertex 33.004440228623466 51.42836343608166 8.1
      vertex 33.004440228623466 42.37163656391834 8.1
    endloop
  endfacet
  facet normal 0 0 1
    outer loop
      vertex 33.73299168829438 42.608357282884654 8.1
      vertex 33.36499633431282 51.298555250599556 8.1
      vertex 33.36499633431282 42.50144474940044 8.1
    endloop
  endfacet
  facet normal 0 0 1
    outer loop
      vertex 34.10697398102708 42.69195222944501 8.1
      vertex 33.73299168829438 51.19164271711534 8.1
      vertex 33.73299168829438 42.608357282884654 8.1
    endloop
  endfacet
  facet normal 0 0 1
    outer loop
      vertex 34.48546727525775 42.75189967801832 8.1
      vertex 34.10697398102708 51.108047770555 8.1
      vertex 34.10697398102708 42.69195222944501 8.1
    endloop
  endfacet
  facet normal 0 0 1
    outer loop
      vertex 34.866977830871186 42.78796304341246 8.1
      vertex 34.48546727525775 51.04810032198168 8.1
      vertex 34.48546727525775 42.75189967801832 8.1
    endloop
  endfacet
  facet normal 0 0 1
    outer loop
      vertex 35.25 42.800000000000004 8.1
      vertex 34.866977830871186 51.01203695658754 8.1
      vertex 34.866977830871186 42.78796304341246 8.1
    endloop
  endfacet
  facet normal 0 0 1
    outer loop
      vertex 33.36499633431282 42.50144474940044 8.1
      vertex 33.36499633431282 51.298555250599556 8.1
      vertex 33.004440228623466 51.42836343608166 8.1
    endloop
  endfacet
  facet normal 0 0 1
    outer loop
      vertex 33.73299168829438 42.608357282884654 8.1
      vertex 33.73299168829438 51.19164271711534 8.1
      vertex 33.36499633431282 51.298555250599556 8.1
    endloop
  endfacet
  facet normal 0 0 1
    outer loop
      vertex 32.65274632145306 51.58055497995728 8.1
      vertex 33.004440228623466 42.37163656391834 8.1
      vertex 33.004440228623466 51.42836343608166 8.1
    endloop
  endfacet
  facet normal 0 0 1
    outer loop
      vertex 33.73299168829438 51.19164271711534 8.1
      vertex 34.10697398102708 42.69195222944501 8.1
      vertex 34.10697398102708 51.108047770555 8.1
    endloop
  endfacet
  facet normal 0 0 1
    outer loop
      vertex 34.48546727525775 42.75189967801832 8.1
      vertex 34.48546727525775 51.04810032198168 8.1
      vertex 34.10697398102708 51.108047770555 8.1
    endloop
  endfacet
  facet normal 0 0 1
    outer loop
      vertex 34.48546727525775 51.04810032198168 8.1
      vertex 34.866977830871186 42.78796304341246 8.1
      vertex 34.866977830871186 51.01203695658754 8.1
    endloop
  endfacet
  facet normal 0 0 -1
    outer loop
      vertex 1.5 113.3 0
      vertex 3.5 111.3 0
      vertex 3.5 3.5 0
    endloop
  endfacet
  facet normal -1 0 0
    outer loop
      vertex 0 114.8 5.200000001490116
      vertex 0 114.8 3.0999999999999996
      vertex 0 0 3.0999999999999996
    endloop
  endfacet
  facet normal 0 0 -1
    outer loop
      vertex 1.5 113.3 0
      vertex 68.5 113.3 0
      vertex 3.5 111.3 0
    endloop
  endfacet
  facet normal 0 0 1
    outer loop
      vertex 2.899999998509884 2.899999998509884 8.1
      vertex 7.60657911002636 87.083 8.1
      vertex 2.899999998509884 111.90000000149011 8.1
    endloop
  endfacet
  facet normal 0 0 1
    outer loop
      vertex 7.448100321981685 57.86453272474225 8.1
      vertex 7.60657911002636 82.083 8.1
      vertex 7.412036956587544 57.48302216912881 8.1
    endloop
  endfacet
  facet normal 0 0 1
    outer loop
      vertex 7.508047770555 58.24302601897291 8.1
      vertex 7.60657911002636 82.083 8.1
      vertex 7.448100321981685 57.86453272474225 8.1
    endloop
  endfacet
  facet normal 0 0 1
    outer loop
      vertex 7.59164271711535 58.61700831170561 8.1
      vertex 7.60657911002636 82.083 8.1
      vertex 7.508047770555 58.24302601897291 8.1
    endloop
  endfacet
  facet normal 0 0 1
    outer loop
      vertex 7.698555250599564 58.985003665687174 8.1
      vertex 7.60657911002636 82.083 8.1
      vertex 7.59164271711535 58.61700831170561 8.1
    endloop
  endfacet
  facet normal 0 0 1
    outer loop
      vertex 7.828363436081666 59.34555977137653 8.1
      vertex 7.60657911002636 82.083 8.1
      vertex 7.698555250599564 58.985003665687174 8.1
    endloop
  endfacet
  facet normal 0 0 1
    outer loop
      vertex 7.980554979957281 59.697253678546936 8.1
      vertex 7.60657911002636 82.083 8.1
      vertex 7.828363436081666 59.34555977137653 8.1
    endloop
  endfacet
  facet normal 0 0 1
    outer loop
      vertex 8.154529251732434 60.03869741202046 8.1
      vertex 7.60657911002636 82.083 8.1
      vertex 7.980554979957281 59.697253678546936 8.1
    endloop
  endfacet
  facet normal 0 0 1
    outer loop
      vertex 8.349599654437709 60.36854344937188 8.1
      vertex 7.60657911002636 82.083 8.1
      vertex 8.154529251732434 60.03869741202046 8.1
    endloop
  endfacet
  facet normal 0 0 1
    outer loop
      vertex 8.56499633431282 60.68549003898408 8.1
      vertex 7.60657911002636 82.083 8.1
      vertex 8.349599654437709 60.36854344937188 8.1
    endloop
  endfacet
  facet normal 0 0 1
    outer loop
      vertex 8.799869219067684 60.988286337467 8.1
      vertex 7.60657911002636 82.083 8.1
      vertex 8.56499633431282 60.68549003898408 8.1
    endloop
  endfacet
  facet normal 0 0 1
    outer loop
      vertex 9.05329137272939 61.275737346164995 8.1
      vertex 7.60657911002636 82.083 8.1
      vertex 8.799869219067684 60.988286337467 8.1
    endloop
  endfacet
  facet normal 0 0 1
    outer loop
      vertex 9.324262653835 61.546708627270604 8.1
      vertex 13.019237883388996 72.708 8.1
      vertex 9.05329137272939 61.275737346164995 8.1
    endloop
  endfacet
  facet normal 0 0 1
    outer loop
      vertex 9.611713662532994 61.80013078093231 8.1
      vertex 13.019237883388996 72.708 8.1
      vertex 9.324262653835 61.546708627270604 8.1
    endloop
  endfacet
  facet normal 0 0 1
    outer loop
      vertex 9.914509961015915 62.03500366568717 8.1
      vertex 13.019237883388996 72.708 8.1
      vertex 9.611713662532994 61.80013078093231 8.1
    endloop
  endfacet
  facet normal 0 0 1
    outer loop
      vertex 10.23145655062812 62.250400345562284 8.1
      vertex 13.019237883388996 72.708 8.1
      vertex 9.914509961015915 62.03500366568717 8.1
    endloop
  endfacet
  facet normal 0 0 1
    outer loop
      vertex 10.561302587979537 62.44547074826756 8.1
      vertex 13.019237883388996 72.708 8.1
      vertex 10.23145655062812 62.250400345562284 8.1
    endloop
  endfacet
  facet normal 0 0 1
    outer loop
      vertex 10.902746321453057 62.61944502004271 8.1
      vertex 13.019237883388996 72.708 8.1
      vertex 10.561302587979537 62.44547074826756 8.1
    endloop
  endfacet
  facet normal 0 0 1
    outer loop
      vertex 11.254440228623466 62.77163656391833 8.1
      vertex 13.019237883388996 72.708 8.1
      vertex 10.902746321453057 62.61944502004271 8.1
    endloop
  endfacet
  facet normal 0 0 1
    outer loop
      vertex 11.61499633431282 62.90144474940043 8.1
      vertex 13.019237883388996 72.708 8.1
      vertex 11.254440228623466 62.77163656391833 8.1
    endloop
  endfacet
  facet normal 0 0 1
    outer loop
      vertex 11.982991688294385 63.008357282884646 8.1
      vertex 13.019237883388996 72.708 8.1
      vertex 11.61499633431282 62.90144474940043 8.1
    endloop
  endfacet
  facet normal 0 0 1
    outer loop
      vertex 12.35697398102708 63.091952229445 8.1
      vertex 13.019237883388996 72.708 8.1
      vertex 11.982991688294385 63.008357282884646 8.1
    endloop
  endfacet
  facet normal 0 0 1
    outer loop
      vertex 12.735467275257744 63.15189967801831 8.1
      vertex 13.019237883388996 72.708 8.1
      vertex 12.35697398102708 63.091952229445 8.1
    endloop
  endfacet
  facet normal 0 0 1
    outer loop
      vertex 13.116977830871189 63.18796304341245 8.1
      vertex 13.019237883388996 72.708 8.1
      vertex 12.735467275257744 63.15189967801831 8.1
    endloop
  endfacet
  facet normal 0 0 1
    outer loop
      vertex 13.116977830871189 63.18796304341245 8.1
      vertex 17.349364906549454 70.208 8.1
      vertex 13.019237883388996 72.708 8.1
    endloop
  endfacet
  facet normal 0 0 1
    outer loop
      vertex 13.5 63.199999999999996 8.1
      vertex 23.84455543011427 72.708 8.1
      vertex 13.116977830871189 63.18796304341245 8.1
    endloop
  endfacet
  facet normal 0 0 1
    outer loop
      vertex 13.883022169128811 63.18796304341245 8.1
      vertex 23.84455543011427 72.708 8.1
      vertex 13.5 63.199999999999996 8.1
    endloop
  endfacet
  facet normal 0 0 1
    outer loop
      vertex 14.264532724742256 63.15189967801831 8.1
      vertex 23.84455543011427 72.708 8.1
      vertex 13.883022169128811 63.18796304341245 8.1
    endloop
  endfacet
  facet normal 0 0 1
    outer loop
      vertex 9.05329137272939 61.275737346164995 8.1
      vertex 13.019237883388996 72.708 8.1
      vertex 7.60657911002636 82.083 8.1
    endloop
  endfacet
  facet normal 0 0 1
    outer loop
      vertex 7.60657911002636 82.083 8.1
      vertex 13.019237883388996 72.708 8.1
      vertex 13.019237883388996 77.708 8.1
    endloop
  endfacet
  facet normal 0 0 1
    outer loop
      vertex 7.60657911002636 82.083 8.1
      vertex 13.019237883388996 77.708 8.1
      vertex 11.936706133186817 79.583 8.1
    endloop
  endfacet
  facet normal 0 0 1
    outer loop
      vertex 13.019237883388996 77.708 8.1
      vertex 17.349364906549454 80.208 8.1
      vertex 11.936706133186817 79.583 8.1
    endloop
  endfacet
  facet normal 0 0 1
    outer loop
      vertex 11.936706133186817 79.583 8.1
      vertex 17.349364906549454 80.208 8.1
      vertex 18.431896656751633 82.083 8.1
    endloop
  endfacet
  facet normal 0 0 1
    outer loop
      vertex 11.936706133186817 79.583 8.1
      vertex 18.431896656751633 82.083 8.1
      vertex 16.266833148896694 82.083 8.1
    endloop
  endfacet
  facet normal 0 0 1
    outer loop
      vertex 16.266833148896694 82.083 8.1
      vertex 18.431896656751633 87.083 8.1
      vertex 16.266833148896694 87.083 8.1
    endloop
  endfacet
  facet normal 0 1 0
    outer loop
      vertex 0 114.8 5.200000001490116
      vertex 0.003127955831231537 114.8 5.200000001490116
      vertex 0 114.8 3.0999999999999996
    endloop
  endfacet
  facet normal 0 0 1
    outer loop
      vertex 2.899999998509884 111.90000000149011 8.1
      vertex 7.60657911002636 87.083 8.1
      vertex 7.60657911002636 100.833 8.1
    endloop
  endfacet
  facet normal 0 0 1
    outer loop
      vertex 2.899999998509884 111.90000000149011 8.1
      vertex 7.60657911002636 100.833 8.1
      vertex 7.60657911002636 105.833 8.1
    endloop
  endfacet
  facet normal 0 0 1
    outer loop
      vertex 2.899999998509884 111.90000000149011 8.1
      vertex 7.60657911002636 105.833 8.1
      vertex 11.936706133186817 108.333 8.1
    endloop
  endfacet
  facet normal 0 0 1
    outer loop
      vertex 11.936706133186817 89.583 8.1
      vertex 13.019237883388996 96.458 8.1
      vertex 7.60657911002636 87.083 8.1
    endloop
  endfacet
  facet normal 0 0 1
    outer loop
      vertex 11.936706133186817 89.583 8.1
      vertex 13.019237883388996 91.458 8.1
      vertex 13.019237883388996 96.458 8.1
    endloop
  endfacet
  facet normal 0 0 1
    outer loop
      vertex 7.60657911002636 100.833 8.1
      vertex 7.60657911002636 87.083 8.1
      vertex 11.936706133186817 98.333 8.1
    endloop
  endfacet
  facet normal 0 0 1
    outer loop
      vertex 7.60657911002636 87.083 8.1
      vertex 13.019237883388996 96.458 8.1
      vertex 11.936706133186817 98.333 8.1
    endloop
  endfacet
  facet normal 0 0 1
    outer loop
      vertex 16.266833148896694 87.083 8.1
      vertex 13.019237883388996 91.458 8.1
      vertex 11.936706133186817 89.583 8.1
    endloop
  endfacet
  facet normal 0 0 1
    outer loop
      vertex 16.266833148896694 87.083 8.1
      vertex 17.349364906549454 88.958 8.1
      vertex 13.019237883388996 91.458 8.1
    endloop
  endfacet
  facet normal 0 0 1
    outer loop
      vertex 16.266833148896694 87.083 8.1
      vertex 18.431896656751633 87.083 8.1
      vertex 17.349364906549454 88.958 8.1
    endloop
  endfacet
  facet normal 0 0 1
    outer loop
      vertex 13.019237883388996 96.458 8.1
      vertex 17.349364906549454 98.958 8.1
      vertex 11.936706133186817 98.333 8.1
    endloop
  endfacet
  facet normal 0 0 1
    outer loop
      vertex 11.936706133186817 98.333 8.1
      vertex 17.349364906549454 98.958 8.1
      vertex 16.266833148896694 100.833 8.1
    endloop
  endfacet
  facet normal 0 0 1
    outer loop
      vertex 16.266833148896694 100.833 8.1
      vertex 17.349364906549454 98.958 8.1
      vertex 18.431896656751633 100.833 8.1
    endloop
  endfacet
  facet normal 0 0 1
    outer loop
      vertex 2.899999998509884 111.90000000149011 8.1
      vertex 11.936706133186817 108.333 8.1
      vertex 22.76202367991209 108.333 8.1
    endloop
  endfacet
  facet normal 0 0 1
    outer loop
      vertex 16.266833148896694 105.833 8.1
      vertex 16.266833148896694 100.833 8.1
      vertex 18.431896656751633 105.833 8.1
    endloop
  endfacet
  facet normal 0 0 1
    outer loop
      vertex 16.266833148896694 105.833 8.1
      vertex 22.76202367991209 108.333 8.1
      vertex 11.936706133186817 108.333 8.1
    endloop
  endfacet
  facet normal 0 0 1
    outer loop
      vertex 14.64302601897292 63.091952229445 8.1
      vertex 23.84455543011427 72.708 8.1
      vertex 14.264532724742256 63.15189967801831 8.1
    endloop
  endfacet
  facet normal 0 0 1
    outer loop
      vertex 15.017008311705615 63.008357282884646 8.1
      vertex 23.84455543011427 72.708 8.1
      vertex 14.64302601897292 63.091952229445 8.1
    endloop
  endfacet
  facet normal 0 0 1
    outer loop
      vertex 15.38500366568718 62.90144474940043 8.1
      vertex 23.84455543011427 72.708 8.1
      vertex 15.017008311705615 63.008357282884646 8.1
    endloop
  endfacet
  facet normal 0 0 1
    outer loop
      vertex 15.745559771376534 62.77163656391833 8.1
      vertex 23.84455543011427 72.708 8.1
      vertex 15.38500366568718 62.90144474940043 8.1
    endloop
  endfacet
  facet normal 0 0 1
    outer loop
      vertex 16.09725367854694 62.61944502004271 8.1
      vertex 23.84455543011427 72.708 8.1
      vertex 15.745559771376534 62.77163656391833 8.1
    endloop
  endfacet
  facet normal 0 0 1
    outer loop
      vertex 16.438697412020463 62.44547074826756 8.1
      vertex 23.84455543011427 72.708 8.1
      vertex 16.09725367854694 62.61944502004271 8.1
    endloop
  endfacet
  facet normal 0 0 1
    outer loop
      vertex 13.116977830871189 63.18796304341245 8.1
      vertex 23.84455543011427 72.708 8.1
      vertex 17.349364906549454 70.208 8.1
    endloop
  endfacet
  facet normal 0 0 1
    outer loop
      vertex 16.76854344937188 62.250400345562284 8.1
      vertex 28.174682453274727 70.208 8.1
      vertex 16.438697412020463 62.44547074826756 8.1
    endloop
  endfacet
  facet normal 0 0 1
    outer loop
      vertex 19.587963043412458 57.48302216912881 8.1
      vertex 29.198100321981684 57.86453272474225 8.1
      vertex 19.551899678018316 57.86453272474225 8.1
    endloop
  endfacet
  facet normal 0 0 1
    outer loop
      vertex 19.551899678018316 57.86453272474225 8.1
      vertex 29.258047770555 58.24302601897291 8.1
      vertex 19.491952229445 58.24302601897291 8.1
    endloop
  endfacet
  facet normal 0 0 1
    outer loop
      vertex 19.491952229445 58.24302601897291 8.1
      vertex 29.34164271711535 58.61700831170561 8.1
      vertex 19.40835728288465 58.61700831170561 8.1
    endloop
  endfacet
  facet normal 0 0 1
    outer loop
      vertex 19.40835728288465 58.61700831170561 8.1
      vertex 29.448555250599565 58.985003665687174 8.1
      vertex 19.301444749400435 58.985003665687174 8.1
    endloop
  endfacet
  facet normal 0 0 1
    outer loop
      vertex 18.43500366568718 60.68549003898408 8.1
      vertex 30.549869219067684 60.988286337467 8.1
      vertex 18.200130780932312 60.988286337467 8.1
    endloop
  endfacet
  facet normal 0 0 1
    outer loop
      vertex 19.301444749400435 58.985003665687174 8.1
      vertex 29.578363436081666 59.34555977137653 8.1
      vertex 19.171636563918334 59.34555977137653 8.1
    endloop
  endfacet
  facet normal 0 0 1
    outer loop
      vertex 19.171636563918334 59.34555977137653 8.1
      vertex 29.730554979957283 59.697253678546936 8.1
      vertex 19.019445020042717 59.697253678546936 8.1
    endloop
  endfacet
  facet normal 0 0 1
    outer loop
      vertex 19.019445020042717 59.697253678546936 8.1
      vertex 29.904529251732434 60.03869741202046 8.1
      vertex 18.845470748267566 60.038697412020454 8.1
    endloop
  endfacet
  facet normal 0 0 1
    outer loop
      vertex 18.845470748267566 60.038697412020454 8.1
      vertex 30.09959965443771 60.36854344937188 8.1
      vertex 18.650400345562293 60.36854344937187 8.1
    endloop
  endfacet
  facet normal 0 0 1
    outer loop
      vertex 18.650400345562293 60.36854344937187 8.1
      vertex 30.31499633431282 60.68549003898408 8.1
      vertex 18.43500366568718 60.68549003898408 8.1
    endloop
  endfacet
  facet normal 0 0 1
    outer loop
      vertex 17.675737346165 61.546708627270604 8.1
      vertex 31.361713662532992 61.80013078093231 8.1
      vertex 17.388286337467008 61.80013078093231 8.1
    endloop
  endfacet
  facet normal 0 0 1
    outer loop
      vertex 18.200130780932312 60.988286337467 8.1
      vertex 30.80329137272939 61.275737346164995 8.1
      vertex 17.94670862727061 61.275737346164995 8.1
    endloop
  endfacet
  facet normal 0 0 1
    outer loop
      vertex 17.94670862727061 61.275737346164995 8.1
      vertex 31.074262653835 61.546708627270604 8.1
      vertex 17.675737346165 61.546708627270604 8.1
    endloop
  endfacet
  facet normal 0 0 1
    outer loop
      vertex 17.085490038984084 62.03500366568717 8.1
      vertex 31.98145655062812 62.250400345562284 8.1
      vertex 16.76854344937188 62.250400345562284 8.1
    endloop
  endfacet
  facet normal 0 0 1
    outer loop
      vertex 17.388286337467008 61.80013078093231 8.1
      vertex 31.664509961015913 62.03500366568717 8.1
      vertex 17.085490038984084 62.03500366568717 8.1
    endloop
  endfacet
  facet normal 0 0 1
    outer loop
      vertex 19.587963043412458 57.48302216912881 8.1
      vertex 29.162036956587542 57.48302216912881 8.1
      vertex 29.198100321981684 57.86453272474225 8.1
    endloop
  endfacet
  facet normal 0 0 1
    outer loop
      vertex 19.551899678018316 57.86453272474225 8.1
      vertex 29.198100321981684 57.86453272474225 8.1
      vertex 29.258047770555 58.24302601897291 8.1
    endloop
  endfacet
  facet normal 0 0 1
    outer loop
      vertex 29.34164271711535 58.61700831170561 8.1
      vertex 19.491952229445 58.24302601897291 8.1
      vertex 29.258047770555 58.24302601897291 8.1
    endloop
  endfacet
  facet normal 0 0 1
    outer loop
      vertex 19.40835728288465 58.61700831170561 8.1
      vertex 29.34164271711535 58.61700831170561 8.1
      vertex 29.448555250599565 58.985003665687174 8.1
    endloop
  endfacet
  facet normal 0 0 1
    outer loop
      vertex 19.301444749400435 58.985003665687174 8.1
      vertex 29.448555250599565 58.985003665687174 8.1
      vertex 29.578363436081666 59.34555977137653 8.1
    endloop
  endfacet
  facet normal 0 0 1
    outer loop
      vertex 19.171636563918334 59.34555977137653 8.1
      vertex 29.578363436081666 59.34555977137653 8.1
      vertex 29.730554979957283 59.697253678546936 8.1
    endloop
  endfacet
  facet normal 0 0 1
    outer loop
      vertex 29.904529251732434 60.03869741202046 8.1
      vertex 19.019445020042717 59.697253678546936 8.1
      vertex 29.730554979957283 59.697253678546936 8.1
    endloop
  endfacet
  facet normal 0 0 1
    outer loop
      vertex 16.438697412020463 62.44547074826756 8.1
      vertex 28.174682453274727 70.208 8.1
      vertex 23.84455543011427 72.708 8.1
    endloop
  endfacet
  facet normal 0 0 1
    outer loop
      vertex 16.76854344937188 62.250400345562284 8.1
      vertex 31.98145655062812 62.250400345562284 8.1
      vertex 28.174682453274727 70.208 8.1
    endloop
  endfacet
  facet normal 0 0 1
    outer loop
      vertex 17.349364906549454 70.208 8.1
      vertex 23.84455543011427 72.708 8.1
      vertex 21.67949192225933 72.708 8.1
    endloop
  endfacet
  facet normal 0 0 1
    outer loop
      vertex 21.67949192225933 77.708 8.1
      vertex 18.431896656751633 82.083 8.1
      vertex 17.349364906549454 80.208 8.1
    endloop
  endfacet
  facet normal 0 0 1
    outer loop
      vertex 16.266833148896694 82.083 8.1
      vertex 18.431896656751633 82.083 8.1
      vertex 18.431896656751633 87.083 8.1
    endloop
  endfacet
  facet normal 0 0 1
    outer loop
      vertex 21.67949192225933 77.708 8.1
      vertex 22.76202367991209 79.583 8.1
      vertex 18.431896656751633 82.083 8.1
    endloop
  endfacet
  facet normal 0 0 1
    outer loop
      vertex 21.67949192225933 72.708 8.1
      vertex 23.84455543011427 72.708 8.1
      vertex 23.84455543011427 77.708 8.1
    endloop
  endfacet
  facet normal 0 0 1
    outer loop
      vertex 21.67949192225933 72.708 8.1
      vertex 23.84455543011427 77.708 8.1
      vertex 21.67949192225933 77.708 8.1
    endloop
  endfacet
  facet normal 0 0 1
    outer loop
      vertex 21.67949192225933 77.708 8.1
      vertex 23.84455543011427 77.708 8.1
      vertex 22.76202367991209 79.583 8.1
    endloop
  endfacet
  facet normal 0 0 1
    outer loop
      vertex 22.76202367991209 79.583 8.1
      vertex 23.84455543011427 77.708 8.1
      vertex 28.174682453274727 80.208 8.1
    endloop
  endfacet
  facet normal 0 0 1
    outer loop
      vertex 18.845470748267566 60.038697412020454 8.1
      vertex 29.904529251732434 60.03869741202046 8.1
      vertex 30.09959965443771 60.36854344937188 8.1
    endloop
  endfacet
  facet normal 0 0 1
    outer loop
      vertex 18.650400345562293 60.36854344937187 8.1
      vertex 30.09959965443771 60.36854344937188 8.1
      vertex 30.31499633431282 60.68549003898408 8.1
    endloop
  endfacet
  facet normal 0 0 1
    outer loop
      vertex 18.43500366568718 60.68549003898408 8.1
      vertex 30.31499633431282 60.68549003898408 8.1
      vertex 30.549869219067684 60.988286337467 8.1
    endloop
  endfacet
  facet normal 0 0 1
    outer loop
      vertex 18.200130780932312 60.988286337467 8.1
      vertex 30.549869219067684 60.988286337467 8.1
      vertex 30.80329137272939 61.275737346164995 8.1
    endloop
  endfacet
  facet normal 0 0 1
    outer loop
      vertex 31.074262653835 61.546708627270604 8.1
      vertex 17.94670862727061 61.275737346164995 8.1
      vertex 30.80329137272939 61.275737346164995 8.1
    endloop
  endfacet
  facet normal 0 0 1
    outer loop
      vertex 17.675737346165 61.546708627270604 8.1
      vertex 31.074262653835 61.546708627270604 8.1
      vertex 31.361713662532992 61.80013078093231 8.1
    endloop
  endfacet
  facet normal 0 0 1
    outer loop
      vertex 31.664509961015913 62.03500366568717 8.1
      vertex 17.388286337467008 61.80013078093231 8.1
      vertex 31.361713662532992 61.80013078093231 8.1
    endloop
  endfacet
  facet normal 0 0 1
    outer loop
      vertex 17.085490038984084 62.03500366568717 8.1
      vertex 31.664509961015913 62.03500366568717 8.1
      vertex 31.98145655062812 62.250400345562284 8.1
    endloop
  endfacet
  facet normal 0 0 1
    outer loop
      vertex 32.31130258797954 62.44547074826756 8.1
      vertex 28.174682453274727 70.208 8.1
      vertex 31.98145655062812 62.250400345562284 8.1
    endloop
  endfacet
  facet normal 0 0 1
    outer loop
      vertex 32.65274632145306 62.61944502004271 8.1
      vertex 28.174682453274727 70.208 8.1
      vertex 32.31130258797954 62.44547074826756 8.1
    endloop
  endfacet
  facet normal 0 0 1
    outer loop
      vertex 33.004440228623466 62.77163656391833 8.1
      vertex 28.174682453274727 70.208 8.1
      vertex 32.65274632145306 62.61944502004271 8.1
    endloop
  endfacet
  facet normal 0 0 1
    outer loop
      vertex 33.36499633431282 62.90144474940043 8.1
      vertex 28.174682453274727 70.208 8.1
      vertex 33.004440228623466 62.77163656391833 8.1
    endloop
  endfacet
  facet normal 0 0 1
    outer loop
      vertex 33.73299168829438 63.008357282884646 8.1
      vertex 28.174682453274727 70.208 8.1
      vertex 33.36499633431282 62.90144474940043 8.1
    endloop
  endfacet
  facet normal 0 0 1
    outer loop
      vertex 34.10697398102708 63.091952229445 8.1
      vertex 28.174682453274727 70.208 8.1
      vertex 33.73299168829438 63.008357282884646 8.1
    endloop
  endfacet
  facet normal 0 0 1
    outer loop
      vertex 34.48546727525775 63.15189967801831 8.1
      vertex 28.174682453274727 70.208 8.1
      vertex 34.10697398102708 63.091952229445 8.1
    endloop
  endfacet
  facet normal 0 0 1
    outer loop
      vertex 28.174682453274727 70.208 8.1
      vertex 34.48546727525775 63.15189967801831 8.1
      vertex 32.504809468984604 72.708 8.1
    endloop
  endfacet
  facet normal 0 0 1
    outer loop
      vertex 34.866977830871186 63.18796304341245 8.1
      vertex 32.504809468984604 72.708 8.1
      vertex 34.48546727525775 63.15189967801831 8.1
    endloop
  endfacet
  facet normal 0 0 1
    outer loop
      vertex 35.25 63.199999999999996 8.1
      vertex 34.66987298429012 72.708 8.1
      vertex 34.866977830871186 63.18796304341245 8.1
    endloop
  endfacet
  facet normal 0 0 1
    outer loop
      vertex 34.866977830871186 63.18796304341245 8.1
      vertex 34.66987298429012 72.708 8.1
      vertex 32.504809468984604 72.708 8.1
    endloop
  endfacet
  facet normal 0 0 1
    outer loop
      vertex 22.76202367991209 79.583 8.1
      vertex 28.174682453274727 80.208 8.1
      vertex 29.257214210927486 82.083 8.1
    endloop
  endfacet
  facet normal 0 0 1
    outer loop
      vertex 22.76202367991209 79.583 8.1
      vertex 29.257214210927486 82.083 8.1
      vertex 27.092150695621967 82.083 8.1
    endloop
  endfacet
  facet normal 0 0 1
    outer loop
      vertex 27.092150695621967 87.083 8.1
      vertex 27.092150695621967 82.083 8.1
      vertex 29.257214210927486 87.083 8.1
    endloop
  endfacet
  facet normal 0 0 1
    outer loop
      vertex 32.504809468984604 77.708 8.1
      vertex 29.257214210927486 82.083 8.1
      vertex 28.174682453274727 80.208 8.1
    endloop
  endfacet
  facet normal 0 0 1
    outer loop
      vertex 27.092150695621967 82.083 8.1
      vertex 29.257214210927486 82.083 8.1
      vertex 29.257214210927486 87.083 8.1
    endloop
  endfacet
  facet normal 0 0 1
    outer loop
      vertex 32.504809468984604 72.708 8.1
      vertex 34.66987298429012 72.708 8.1
      vertex 34.66987298429012 77.708 8.1
    endloop
  endfacet
  facet normal 0 0 1
    outer loop
      vertex 32.504809468984604 72.708 8.1
      vertex 34.66987298429012 77.708 8.1
      vertex 32.504809468984604 77.708 8.1
    endloop
  endfacet
  facet normal 0 0 1
    outer loop
      vertex 32.504809468984604 77.708 8.1
      vertex 33.58734122663736 79.583 8.1
      vertex 29.257214210927486 82.083 8.1
    endloop
  endfacet
  facet normal 0 1 0
    outer loop
      vertex 0.003127955831231537 114.8 5.200000001490116
      vertex 69.99686705798158 114.8 5.200000001490116
      vertex 0 114.8 3.0999999999999996
    endloop
  endfacet
  facet normal 0 0 1
    outer loop
      vertex 17.349364906549454 88.958 8.1
      vertex 18.431896656751633 87.083 8.1
      vertex 22.76202367991209 89.583 8.1
    endloop
  endfacet
  facet normal 0 0 1
    outer loop
      vertex 17.349364906549454 88.958 8.1
      vertex 22.76202367991209 89.583 8.1
      vertex 21.67949192225933 91.458 8.1
    endloop
  endfacet
  facet normal 0 0 1
    outer loop
      vertex 21.67949192225933 96.458 8.1
      vertex 18.431896656751633 100.833 8.1
      vertex 17.349364906549454 98.958 8.1
    endloop
  endfacet
  facet normal 0 0 1
    outer loop
      vertex 21.67949192225933 96.458 8.1
      vertex 22.76202367991209 98.333 8.1
      vertex 18.431896656751633 100.833 8.1
    endloop
  endfacet
  facet normal 0 0 1
    outer loop
      vertex 23.84455543011427 91.458 8.1
      vertex 21.67949192225933 91.458 8.1
      vertex 22.76202367991209 89.583 8.1
    endloop
  endfacet
  facet normal 0 0 1
    outer loop
      vertex 23.84455543011427 91.458 8.1
      vertex 23.84455543011427 96.458 8.1
      vertex 21.67949192225933 91.458 8.1
    endloop
  endfacet
  facet normal 0 0 1
    outer loop
      vertex 23.84455543011427 91.458 8.1
      vertex 22.76202367991209 89.583 8.1
      vertex 27.092150695621967 87.083 8.1
    endloop
  endfacet
  facet normal 0 0 1
    outer loop
      vertex 21.67949192225933 96.458 8.1
      vertex 21.67949192225933 91.458 8.1
      vertex 23.84455543011427 96.458 8.1
    endloop
  endfacet
  facet normal 0 0 1
    outer loop
      vertex 21.67949192225933 96.458 8.1
      vertex 23.84455543011427 96.458 8.1
      vertex 22.76202367991209 98.333 8.1
    endloop
  endfacet
  facet normal 0 0 1
    outer loop
      vertex 22.76202367991209 98.333 8.1
      vertex 23.84455543011427 96.458 8.1
      vertex 28.174682453274727 98.958 8.1
    endloop
  endfacet
  facet normal 0 0 1
    outer loop
      vertex 22.76202367991209 98.333 8.1
      vertex 28.174682453274727 98.958 8.1
      vertex 27.092150695621967 100.833 8.1
    endloop
  endfacet
  facet normal 0 0 1
    outer loop
      vertex 18.431896656751633 105.833 8.1
      vertex 16.266833148896694 100.833 8.1
      vertex 18.431896656751633 100.833 8.1
    endloop
  endfacet
  facet normal 0 0 1
    outer loop
      vertex 16.266833148896694 105.833 8.1
      vertex 18.431896656751633 105.833 8.1
      vertex 22.76202367991209 108.333 8.1
    endloop
  endfacet
  facet normal 0 0 1
    outer loop
      vertex 2.899999998509884 111.90000000149011 8.1
      vertex 22.76202367991209 108.333 8.1
      vertex 33.58734122663736 108.333 8.1
    endloop
  endfacet
  facet normal 0 0 1
    outer loop
      vertex 23.84455543011427 91.458 8.1
      vertex 27.092150695621967 87.083 8.1
      vertex 28.174682453274727 88.958 8.1
    endloop
  endfacet
  facet normal 0 0 1
    outer loop
      vertex 27.092150695621967 87.083 8.1
      vertex 29.257214210927486 87.083 8.1
      vertex 28.174682453274727 88.958 8.1
    endloop
  endfacet
  facet normal 0 0 1
    outer loop
      vertex 28.174682453274727 88.958 8.1
      vertex 29.257214210927486 87.083 8.1
      vertex 33.58734122663736 89.583 8.1
    endloop
  endfacet
  facet normal 0 0 1
    outer loop
      vertex 27.092150695621967 100.833 8.1
      vertex 28.174682453274727 98.958 8.1
      vertex 29.257214210927486 100.833 8.1
    endloop
  endfacet
  facet normal 0 0 1
    outer loop
      vertex 32.504809468984604 96.458 8.1
      vertex 29.257214210927486 100.833 8.1
      vertex 28.174682453274727 98.958 8.1
    endloop
  endfacet
  facet normal 0 0 1
    outer loop
      vertex 28.174682453274727 88.958 8.1
      vertex 33.58734122663736 89.583 8.1
      vertex 32.504809468984604 91.458 8.1
    endloop
  endfacet
  facet normal 0 0 1
    outer loop
      vertex 32.504809468984604 91.458 8.1
      vertex 33.58734122663736 89.583 8.1
      vertex 34.66987298429012 91.458 8.1
    endloop
  endfacet
  facet normal 0 0 1
    outer loop
      vertex 32.504809468984604 91.458 8.1
      vertex 34.66987298429012 91.458 8.1
      vertex 34.66987298429012 96.458 8.1
    endloop
  endfacet
  facet normal 0 0 1
    outer loop
      vertex 32.504809468984604 96.458 8.1
      vertex 33.58734122663736 98.333 8.1
      vertex 29.257214210927486 100.833 8.1
    endloop
  endfacet
  facet normal 0 0 1
    outer loop
      vertex 32.504809468984604 91.458 8.1
      vertex 34.66987298429012 96.458 8.1
      vertex 32.504809468984604 96.458 8.1
    endloop
  endfacet
  facet normal 0 0 1
    outer loop
      vertex 32.504809468984604 96.458 8.1
      vertex 34.66987298429012 96.458 8.1
      vertex 33.58734122663736 98.333 8.1
    endloop
  endfacet
  facet normal 0 0 1
    outer loop
      vertex 27.092150695621967 100.833 8.1
      vertex 29.257214210927486 105.833 8.1
      vertex 27.092150695621967 105.833 8.1
    endloop
  endfacet
  facet normal 0 0 1
    outer loop
      vertex 27.092150695621967 105.833 8.1
      vertex 33.58734122663736 108.333 8.1
      vertex 22.76202367991209 108.333 8.1
    endloop
  endfacet
  facet normal 0 0 1
    outer loop
      vertex 27.092150695621967 100.833 8.1
      vertex 29.257214210927486 100.833 8.1
      vertex 29.257214210927486 105.833 8.1
    endloop
  endfacet
  facet normal 0 0 1
    outer loop
      vertex 33.58734122663736 108.333 8.1
      vertex 27.092150695621967 105.833 8.1
      vertex 29.257214210927486 105.833 8.1
    endloop
  endfacet
  facet normal 0 0 1
    outer loop
      vertex 2.899999998509884 111.90000000149011 8.1
      vertex 33.58734122663736 108.333 8.1
      vertex 67.10000000149012 111.90000000149011 8.1
    endloop
  endfacet
  facet normal 0 0 -1
    outer loop
      vertex 1.5 1.5 0
      vertex 66.5 3.5 0
      vertex 68.5 1.5 0
    endloop
  endfacet
  facet normal 0 0 -1
    outer loop
      vertex 68.5 1.5 0
      vertex 66.5 3.5 0
      vertex 66.5 72.8 0
    endloop
  endfacet
  facet normal 1 0 0
    outer loop
      vertex 70 0 5.200000001490116
      vertex 70 0 3.0999999999999996
      vertex 70 72.8 3.0999999999999996
    endloop
  endfacet
  facet normal 0 0 -1
    outer loop
      vertex 68.5 1.5 0
      vertex 66.5 72.8 0
      vertex 68.5 72.8 0
    endloop
  endfacet
  facet normal 0 -1 0
    outer loop
      vertex 0 0 5.200000001490116
      vertex 70 0 3.0999999999999996
      vertex 70 0 5.200000001490116
    endloop
  endfacet
  facet normal 0 0 1
    outer loop
      vertex 67.10000000149012 2.899999998509884 8.1
      vertex 33.73299168829438 10.391642717115351 8.1
      vertex 15.38500366568718 10.498555250599566 8.1
    endloop
  endfacet
  facet normal 0 0 1
    outer loop
      vertex 37.13500366568718 10.498555250599566 8.1
      vertex 54.754440228623466 10.628363436081667 8.1
      vertex 37.495559771376534 10.628363436081669 8.1
    endloop
  endfacet
  facet normal 0 0 1
    outer loop
      vertex 37.495559771376534 10.628363436081669 8.1
      vertex 54.40274632145306 10.780554979957282 8.1
      vertex 37.84725367854694 10.780554979957282 8.1
    endloop
  endfacet
  facet normal 0 0 1
    outer loop
      vertex 37.84725367854694 10.780554979957282 8.1
      vertex 54.06130258797953 10.954529251732435 8.1
      vertex 38.18869741202047 10.954529251732435 8.1
    endloop
  endfacet
  facet normal 0 0 1
    outer loop
      vertex 38.18869741202047 10.954529251732435 8.1
      vertex 53.73145655062812 11.14959965443771 8.1
      vertex 38.518543449371876 11.149599654437708 8.1
    endloop
  endfacet
  facet normal 0 0 1
    outer loop
      vertex 38.518543449371876 11.149599654437708 8.1
      vertex 53.414509961015916 11.36499633431282 8.1
      vertex 38.835490038984084 11.36499633431282 8.1
    endloop
  endfacet
  facet normal 0 0 1
    outer loop
      vertex 38.835490038984084 11.36499633431282 8.1
      vertex 53.11171366253299 11.599869219067685 8.1
      vertex 39.13828633746701 11.599869219067688 8.1
    endloop
  endfacet
  facet normal 0 0 1
    outer loop
      vertex 36.39302601897292 22.291952229445002 8.1
      vertex 36.01453272474225 30.648100321981687 8.1
      vertex 36.01453272474225 22.351899678018317 8.1
    endloop
  endfacet
  facet normal 0 0 1
    outer loop
      vertex 36.76700831170562 22.20835728288465 8.1
      vertex 36.39302601897292 30.708047770555 8.1
      vertex 36.39302601897292 22.291952229445002 8.1
    endloop
  endfacet
  facet normal 0 0 1
    outer loop
      vertex 37.13500366568718 22.101444749400436 8.1
      vertex 36.76700831170561 30.79164271711535 8.1
      vertex 36.76700831170562 22.20835728288465 8.1
    endloop
  endfacet
  facet normal 0 0 1
    outer loop
      vertex 35.633022169128814 22.387963043412455 8.1
      vertex 35.25 30.6 8.1
      vertex 35.25 22.4 8.1
    endloop
  endfacet
  facet normal 0 0 1
    outer loop
      vertex 36.01453272474225 22.351899678018317 8.1
      vertex 35.633022169128814 30.612036956587545 8.1
      vertex 35.633022169128814 22.387963043412455 8.1
    endloop
  endfacet
  facet normal 0 0 1
    outer loop
      vertex 35.25 22.4 8.1
      vertex 35.25 30.6 8.1
      vertex 34.866977830871186 30.612036956587545 8.1
    endloop
  endfacet
  facet normal 0 0 1
    outer loop
      vertex 35.633022169128814 22.387963043412455 8.1
      vertex 35.633022169128814 30.612036956587545 8.1
      vertex 35.25 30.6 8.1
    endloop
  endfacet
  facet normal 0 0 1
    outer loop
      vertex 36.01453272474225 22.351899678018317 8.1
      vertex 36.01453272474225 30.648100321981687 8.1
      vertex 35.633022169128814 30.612036956587545 8.1
    endloop
  endfacet
  facet normal 0 0 1
    outer loop
      vertex 36.39302601897292 22.291952229445002 8.1
      vertex 36.39302601897292 30.708047770555 8.1
      vertex 36.01453272474225 30.648100321981687 8.1
    endloop
  endfacet
  facet normal 0 0 1
    outer loop
      vertex 36.76700831170562 22.20835728288465 8.1
      vertex 36.76700831170561 30.79164271711535 8.1
      vertex 36.39302601897292 30.708047770555 8.1
    endloop
  endfacet
  facet normal 0 0 1
    outer loop
      vertex 37.13500366568718 22.101444749400436 8.1
      vertex 37.13500366568718 30.898555250599568 8.1
      vertex 36.76700831170561 30.79164271711535 8.1
    endloop
  endfacet
  facet normal 0 0 1
    outer loop
      vertex 37.495559771376534 21.971636563918334 8.1
      vertex 37.13500366568718 30.898555250599568 8.1
      vertex 37.13500366568718 22.101444749400436 8.1
    endloop
  endfacet
  facet normal 0 0 1
    outer loop
      vertex 37.84725367854694 21.81944502004272 8.1
      vertex 37.495559771376534 31.02836343608167 8.1
      vertex 37.495559771376534 21.971636563918334 8.1
    endloop
  endfacet
  facet normal 0 0 1
    outer loop
      vertex 38.18869741202046 21.64547074826757 8.1
      vertex 37.84725367854694 31.180554979957286 8.1
      vertex 37.84725367854694 21.81944502004272 8.1
    endloop
  endfacet
  facet normal 0 0 1
    outer loop
      vertex 37.495559771376534 21.971636563918334 8.1
      vertex 37.495559771376534 31.02836343608167 8.1
      vertex 37.13500366568718 30.898555250599568 8.1
    endloop
  endfacet
  facet normal 0 0 1
    outer loop
      vertex 37.84725367854694 21.81944502004272 8.1
      vertex 37.84725367854694 31.180554979957286 8.1
      vertex 37.495559771376534 31.02836343608167 8.1
    endloop
  endfacet
  facet normal 0 0 1
    outer loop
      vertex 38.18869741202046 21.64547074826757 8.1
      vertex 38.18869741202047 31.354529251732437 8.1
      vertex 37.84725367854694 31.180554979957286 8.1
    endloop
  endfacet
  facet normal 0 0 1
    outer loop
      vertex 38.18869741202046 21.64547074826757 8.1
      vertex 38.518543449371876 31.54959965443771 8.1
      vertex 38.18869741202047 31.354529251732437 8.1
    endloop
  endfacet
  facet normal 0 0 1
    outer loop
      vertex 38.18869741202046 21.64547074826757 8.1
      vertex 38.835490038984084 31.764996334312823 8.1
      vertex 38.518543449371876 31.54959965443771 8.1
    endloop
  endfacet
  facet normal 0 0 1
    outer loop
      vertex 38.18869741202046 21.64547074826757 8.1
      vertex 39.13828633746701 31.99986921906769 8.1
      vertex 38.835490038984084 31.764996334312823 8.1
    endloop
  endfacet
  facet normal 0 0 1
    outer loop
      vertex 38.18869741202046 21.64547074826757 8.1
      vertex 39.425737346165 32.25329137272939 8.1
      vertex 39.13828633746701 31.99986921906769 8.1
    endloop
  endfacet
  facet normal 0 0 1
    outer loop
      vertex 38.835490038984084 21.23500366568718 8.1
      vertex 52.55329137272939 32.524262653835 8.1
      vertex 38.518543449371876 21.450400345562294 8.1
    endloop
  endfacet
  facet normal 0 0 1
    outer loop
      vertex 39.13828633746701 21.000130780932313 8.1
      vertex 52.55329137272939 32.524262653835 8.1
      vertex 38.835490038984084 21.23500366568718 8.1
    endloop
  endfacet
  facet normal 0 0 1
    outer loop
      vertex 39.425737346165 20.74670862727061 8.1
      vertex 52.55329137272939 32.524262653835 8.1
      vertex 39.13828633746701 21.000130780932313 8.1
    endloop
  endfacet
  facet normal 0 0 1
    outer loop
      vertex 38.518543449371876 21.450400345562294 8.1
      vertex 52.55329137272939 32.524262653835 8.1
      vertex 38.18869741202046 21.64547074826757 8.1
    endloop
  endfacet
  facet normal 0 0 1
    outer loop
      vertex 67.10000000149012 2.899999998509884 8.1
      vertex 34.10697398102708 10.308047770555 8.1
      vertex 33.73299168829438 10.391642717115351 8.1
    endloop
  endfacet
  facet normal 0 0 1
    outer loop
      vertex 67.10000000149012 2.899999998509884 8.1
      vertex 34.48546727525775 10.248100321981685 8.1
      vertex 34.10697398102708 10.308047770555 8.1
    endloop
  endfacet
  facet normal 0 0 1
    outer loop
      vertex 67.10000000149012 2.899999998509884 8.1
      vertex 34.866977830871186 10.212036956587545 8.1
      vertex 34.48546727525775 10.248100321981685 8.1
    endloop
  endfacet
  facet normal 0 0 1
    outer loop
      vertex 67.10000000149012 2.899999998509884 8.1
      vertex 35.25 10.200000000000001 8.1
      vertex 34.866977830871186 10.212036956587545 8.1
    endloop
  endfacet
  facet normal 0 0 1
    outer loop
      vertex 39.13828633746701 11.599869219067688 8.1
      vertex 52.824262653835 11.853291372729391 8.1
      vertex 39.425737346165 11.853291372729391 8.1
    endloop
  endfacet
  facet normal 0 0 1
    outer loop
      vertex 39.425737346165 11.853291372729391 8.1
      vertex 52.55329137272939 12.124262653835 8.1
      vertex 39.69670862727061 12.124262653835 8.1
    endloop
  endfacet
  facet normal 0 0 1
    outer loop
      vertex 39.69670862727061 12.124262653835 8.1
      vertex 52.29986921906769 12.411713662532994 8.1
      vertex 39.95013078093231 12.411713662532993 8.1
    endloop
  endfacet
  facet normal 0 0 1
    outer loop
      vertex 39.95013078093231 12.411713662532993 8.1
      vertex 52.06499633431282 12.714509961015915 8.1
      vertex 40.18500366568718 12.714509961015915 8.1
    endloop
  endfacet
  facet normal 0 0 1
    outer loop
      vertex 40.18500366568718 12.714509961015915 8.1
      vertex 51.84959965443771 13.031456550628121 8.1
      vertex 40.40040034556229 13.031456550628125 8.1
    endloop
  endfacet
  facet normal 0 0 1
    outer loop
      vertex 40.40040034556229 13.031456550628125 8.1
      vertex 51.654529251732434 13.361302587979537 8.1
      vertex 40.595470748267566 13.361302587979537 8.1
    endloop
  endfacet
  facet normal 0 0 1
    outer loop
      vertex 40.595470748267566 13.361302587979537 8.1
      vertex 51.48055497995728 13.70274632145306 8.1
      vertex 40.76944502004272 13.70274632145306 8.1
    endloop
  endfacet
  facet normal 0 0 1
    outer loop
      vertex 40.76944502004272 13.70274632145306 8.1
      vertex 51.328363436081666 14.054440228623466 8.1
      vertex 40.921636563918334 14.054440228623463 8.1
    endloop
  endfacet
  facet normal 0 0 1
    outer loop
      vertex 40.921636563918334 14.054440228623463 8.1
      vertex 51.19855525059956 14.414996334312821 8.1
      vertex 41.05144474940044 14.414996334312821 8.1
    endloop
  endfacet
  facet normal 0 0 1
    outer loop
      vertex 67.10000000149012 2.899999998509884 8.1
      vertex 35.633022169128814 10.212036956587545 8.1
      vertex 35.25 10.200000000000001 8.1
    endloop
  endfacet
  facet normal 0 0 1
    outer loop
      vertex 67.10000000149012 2.899999998509884 8.1
      vertex 36.01453272474225 10.248100321981685 8.1
      vertex 35.633022169128814 10.212036956587545 8.1
    endloop
  endfacet
  facet normal 0 0 1
    outer loop
      vertex 67.10000000149012 2.899999998509884 8.1
      vertex 36.39302601897292 10.308047770555 8.1
      vertex 36.01453272474225 10.248100321981685 8.1
    endloop
  endfacet
  facet normal 0 0 1
    outer loop
      vertex 67.10000000149012 2.899999998509884 8.1
      vertex 36.76700831170561 10.391642717115351 8.1
      vertex 36.39302601897292 10.308047770555 8.1
    endloop
  endfacet
  facet normal 0 0 1
    outer loop
      vertex 67.10000000149012 2.899999998509884 8.1
      vertex 37.13500366568718 10.498555250599566 8.1
      vertex 36.76700831170561 10.391642717115351 8.1
    endloop
  endfacet
  facet normal 0 0 1
    outer loop
      vertex 39.95013078093231 12.411713662532993 8.1
      vertex 52.29986921906769 12.411713662532994 8.1
      vertex 52.06499633431282 12.714509961015915 8.1
    endloop
  endfacet
  facet normal 0 0 1
    outer loop
      vertex 40.18500366568718 12.714509961015915 8.1
      vertex 52.06499633431282 12.714509961015915 8.1
      vertex 51.84959965443771 13.031456550628121 8.1
    endloop
  endfacet
  facet normal 0 0 1
    outer loop
      vertex 40.40040034556229 13.031456550628125 8.1
      vertex 51.84959965443771 13.031456550628121 8.1
      vertex 51.654529251732434 13.361302587979537 8.1
    endloop
  endfacet
  facet normal 0 0 1
    outer loop
      vertex 40.921636563918334 14.054440228623463 8.1
      vertex 51.328363436081666 14.054440228623466 8.1
      vertex 51.19855525059956 14.414996334312821 8.1
    endloop
  endfacet
  facet normal 0 0 1
    outer loop
      vertex 40.595470748267566 13.361302587979537 8.1
      vertex 51.654529251732434 13.361302587979537 8.1
      vertex 51.48055497995728 13.70274632145306 8.1
    endloop
  endfacet
  facet normal 0 0 1
    outer loop
      vertex 40.76944502004272 13.70274632145306 8.1
      vertex 51.48055497995728 13.70274632145306 8.1
      vertex 51.328363436081666 14.054440228623466 8.1
    endloop
  endfacet
  facet normal 0 0 1
    outer loop
      vertex 37.495559771376534 10.628363436081669 8.1
      vertex 54.754440228623466 10.628363436081667 8.1
      vertex 54.40274632145306 10.780554979957282 8.1
    endloop
  endfacet
  facet normal 0 0 1
    outer loop
      vertex 37.13500366568718 10.498555250599566 8.1
      vertex 55.11499633431282 10.498555250599566 8.1
      vertex 54.754440228623466 10.628363436081667 8.1
    endloop
  endfacet
  facet normal 0 0 1
    outer loop
      vertex 38.18869741202047 10.954529251732435 8.1
      vertex 54.06130258797953 10.954529251732435 8.1
      vertex 53.73145655062812 11.14959965443771 8.1
    endloop
  endfacet
  facet normal 0 0 1
    outer loop
      vertex 38.835490038984084 11.36499633431282 8.1
      vertex 53.414509961015916 11.36499633431282 8.1
      vertex 53.11171366253299 11.599869219067685 8.1
    endloop
  endfacet
  facet normal 0 0 1
    outer loop
      vertex 38.518543449371876 11.149599654437708 8.1
      vertex 53.73145655062812 11.14959965443771 8.1
      vertex 53.414509961015916 11.36499633431282 8.1
    endloop
  endfacet
  facet normal 0 0 1
    outer loop
      vertex 39.13828633746701 11.599869219067688 8.1
      vertex 53.11171366253299 11.599869219067685 8.1
      vertex 52.824262653835 11.853291372729391 8.1
    endloop
  endfacet
  facet normal 0 0 1
    outer loop
      vertex 39.425737346165 11.853291372729391 8.1
      vertex 52.824262653835 11.853291372729391 8.1
      vertex 52.55329137272939 12.124262653835 8.1
    endloop
  endfacet
  facet normal 0 0 1
    outer loop
      vertex 39.69670862727061 12.124262653835 8.1
      vertex 52.55329137272939 12.124262653835 8.1
      vertex 52.29986921906769 12.411713662532994 8.1
    endloop
  endfacet
  facet normal 0 0 1
    outer loop
      vertex 37.84725367854694 10.780554979957282 8.1
      vertex 54.40274632145306 10.780554979957282 8.1
      vertex 54.06130258797953 10.954529251732435 8.1
    endloop
  endfacet
  facet normal 0 0 1
    outer loop
      vertex 41.05144474940044 14.414996334312821 8.1
      vertex 51.09164271711535 14.782991688294386 8.1
      vertex 41.15835728288465 14.78299168829439 8.1
    endloop
  endfacet
  facet normal 0 0 1
    outer loop
      vertex 41.15835728288465 14.78299168829439 8.1
      vertex 51.008047770555 15.156973981027079 8.1
      vertex 41.241952229445 15.156973981027079 8.1
    endloop
  endfacet
  facet normal 0 0 1
    outer loop
      vertex 41.241952229445 15.156973981027079 8.1
      vertex 50.948100321981684 15.535467275257746 8.1
      vertex 41.301899678018316 15.535467275257746 8.1
    endloop
  endfacet
  facet normal 0 0 1
    outer loop
      vertex 41.301899678018316 15.535467275257746 8.1
      vertex 50.91203695658754 15.91697783087119 8.1
      vertex 41.33796304341246 15.916977830871186 8.1
    endloop
  endfacet
  facet normal 0 0 1
    outer loop
      vertex 41.33796304341246 15.916977830871186 8.1
      vertex 50.9 16.3 8.1
      vertex 41.35 16.3 8.1
    endloop
  endfacet
  facet normal 0 0 1
    outer loop
      vertex 41.35 16.3 8.1
      vertex 50.91203695658754 16.68302216912881 8.1
      vertex 41.33796304341246 16.68302216912881 8.1
    endloop
  endfacet
  facet normal 0 0 1
    outer loop
      vertex 41.33796304341246 16.68302216912881 8.1
      vertex 50.948100321981684 17.064532724742257 8.1
      vertex 41.301899678018316 17.064532724742257 8.1
    endloop
  endfacet
  facet normal 0 0 1
    outer loop
      vertex 41.301899678018316 17.064532724742257 8.1
      vertex 51.008047770555 17.443026018972922 8.1
      vertex 41.241952229445005 17.443026018972922 8.1
    endloop
  endfacet
  facet normal 0 0 1
    outer loop
      vertex 41.241952229445005 17.443026018972922 8.1
      vertex 51.09164271711535 17.817008311705614 8.1
      vertex 41.15835728288465 17.817008311705614 8.1
    endloop
  endfacet
  facet normal 0 0 1
    outer loop
      vertex 40.595470748267566 19.238697412020464 8.1
      vertex 51.84959965443771 19.56854344937188 8.1
      vertex 40.40040034556229 19.56854344937188 8.1
    endloop
  endfacet
  facet normal 0 0 1
    outer loop
      vertex 41.15835728288465 17.817008311705614 8.1
      vertex 51.19855525059956 18.18500366568718 8.1
      vertex 41.05144474940044 18.18500366568718 8.1
    endloop
  endfacet
  facet normal 0 0 1
    outer loop
      vertex 40.921636563918334 18.545559771376535 8.1
      vertex 51.48055497995728 18.897253678546942 8.1
      vertex 40.76944502004272 18.897253678546942 8.1
    endloop
  endfacet
  facet normal 0 0 1
    outer loop
      vertex 41.05144474940044 18.18500366568718 8.1
      vertex 51.328363436081666 18.545559771376535 8.1
      vertex 40.921636563918334 18.545559771376535 8.1
    endloop
  endfacet
  facet normal 0 0 1
    outer loop
      vertex 40.76944502004272 18.897253678546942 8.1
      vertex 51.654529251732434 19.238697412020464 8.1
      vertex 40.595470748267566 19.238697412020464 8.1
    endloop
  endfacet
  facet normal 0 0 1
    outer loop
      vertex 40.18500366568718 19.885490038984088 8.1
      vertex 52.29986921906769 20.18828633746701 8.1
      vertex 39.95013078093231 20.18828633746701 8.1
    endloop
  endfacet
  facet normal 0 0 1
    outer loop
      vertex 40.40040034556229 19.56854344937188 8.1
      vertex 52.06499633431282 19.885490038984088 8.1
      vertex 40.18500366568718 19.885490038984088 8.1
    endloop
  endfacet
  facet normal 0 0 1
    outer loop
      vertex 39.95013078093231 20.18828633746701 8.1
      vertex 52.55329137272939 20.475737346165 8.1
      vertex 39.69670862727061 20.475737346165 8.1
    endloop
  endfacet
  facet normal 0 0 1
    outer loop
      vertex 39.69670862727061 20.475737346165 8.1
      vertex 52.824262653835 20.74670862727061 8.1
      vertex 39.425737346165 20.74670862727061 8.1
    endloop
  endfacet
  facet normal 0 0 1
    outer loop
      vertex 41.05144474940044 14.414996334312821 8.1
      vertex 51.19855525059956 14.414996334312821 8.1
      vertex 51.09164271711535 14.782991688294386 8.1
    endloop
  endfacet
  facet normal 0 0 1
    outer loop
      vertex 41.15835728288465 14.78299168829439 8.1
      vertex 51.09164271711535 14.782991688294386 8.1
      vertex 51.008047770555 15.156973981027079 8.1
    endloop
  endfacet
  facet normal 0 0 1
    outer loop
      vertex 41.241952229445 15.156973981027079 8.1
      vertex 51.008047770555 15.156973981027079 8.1
      vertex 50.948100321981684 15.535467275257746 8.1
    endloop
  endfacet
  facet normal 0 0 1
    outer loop
      vertex 41.301899678018316 15.535467275257746 8.1
      vertex 50.948100321981684 15.535467275257746 8.1
      vertex 50.91203695658754 15.91697783087119 8.1
    endloop
  endfacet
  facet normal 0 0 1
    outer loop
      vertex 41.33796304341246 15.916977830871186 8.1
      vertex 50.91203695658754 15.91697783087119 8.1
      vertex 50.9 16.3 8.1
    endloop
  endfacet
  facet normal 0 0 1
    outer loop
      vertex 41.35 16.3 8.1
      vertex 50.9 16.3 8.1
      vertex 50.91203695658754 16.68302216912881 8.1
    endloop
  endfacet
  facet normal 0 0 1
    outer loop
      vertex 50.948100321981684 17.064532724742257 8.1
      vertex 41.33796304341246 16.68302216912881 8.1
      vertex 50.91203695658754 16.68302216912881 8.1
    endloop
  endfacet
  facet normal 0 0 1
    outer loop
      vertex 41.301899678018316 17.064532724742257 8.1
      vertex 50.948100321981684 17.064532724742257 8.1
      vertex 51.008047770555 17.443026018972922 8.1
    endloop
  endfacet
  facet normal 0 0 1
    outer loop
      vertex 51.09164271711535 17.817008311705614 8.1
      vertex 41.241952229445005 17.443026018972922 8.1
      vertex 51.008047770555 17.443026018972922 8.1
    endloop
  endfacet
  facet normal 0 0 1
    outer loop
      vertex 51.19855525059956 18.18500366568718 8.1
      vertex 41.15835728288465 17.817008311705614 8.1
      vertex 51.09164271711535 17.817008311705614 8.1
    endloop
  endfacet
  facet normal 0 0 1
    outer loop
      vertex 41.05144474940044 18.18500366568718 8.1
      vertex 51.19855525059956 18.18500366568718 8.1
      vertex 51.328363436081666 18.545559771376535 8.1
    endloop
  endfacet
  facet normal 0 0 1
    outer loop
      vertex 51.48055497995728 18.897253678546942 8.1
      vertex 40.921636563918334 18.545559771376535 8.1
      vertex 51.328363436081666 18.545559771376535 8.1
    endloop
  endfacet
  facet normal 0 0 1
    outer loop
      vertex 51.654529251732434 19.238697412020464 8.1
      vertex 40.76944502004272 18.897253678546942 8.1
      vertex 51.48055497995728 18.897253678546942 8.1
    endloop
  endfacet
  facet normal 0 0 1
    outer loop
      vertex 40.595470748267566 19.238697412020464 8.1
      vertex 51.654529251732434 19.238697412020464 8.1
      vertex 51.84959965443771 19.56854344937188 8.1
    endloop
  endfacet
  facet normal 0 0 1
    outer loop
      vertex 52.06499633431282 19.885490038984088 8.1
      vertex 40.40040034556229 19.56854344937188 8.1
      vertex 51.84959965443771 19.56854344937188 8.1
    endloop
  endfacet
  facet normal 0 0 1
    outer loop
      vertex 40.18500366568718 19.885490038984088 8.1
      vertex 52.06499633431282 19.885490038984088 8.1
      vertex 52.29986921906769 20.18828633746701 8.1
    endloop
  endfacet
  facet normal 0 0 1
    outer loop
      vertex 39.95013078093231 20.18828633746701 8.1
      vertex 52.29986921906769 20.18828633746701 8.1
      vertex 52.55329137272939 20.475737346165 8.1
    endloop
  endfacet
  facet normal 0 0 1
    outer loop
      vertex 39.69670862727061 20.475737346165 8.1
      vertex 52.55329137272939 20.475737346165 8.1
      vertex 52.824262653835 20.74670862727061 8.1
    endloop
  endfacet
  facet normal 0 0 1
    outer loop
      vertex 39.425737346165 20.74670862727061 8.1
      vertex 52.824262653835 20.74670862727061 8.1
      vertex 52.824262653835 32.25329137272939 8.1
    endloop
  endfacet
  facet normal 0 0 1
    outer loop
      vertex 39.425737346165 20.74670862727061 8.1
      vertex 52.824262653835 32.25329137272939 8.1
      vertex 52.55329137272939 32.524262653835 8.1
    endloop
  endfacet
  facet normal 0 0 1
    outer loop
      vertex 38.18869741202046 21.64547074826757 8.1
      vertex 39.69670862727061 32.524262653835 8.1
      vertex 39.425737346165 32.25329137272939 8.1
    endloop
  endfacet
  facet normal 0 0 1
    outer loop
      vertex 38.18869741202046 21.64547074826757 8.1
      vertex 52.55329137272939 32.524262653835 8.1
      vertex 39.69670862727061 32.524262653835 8.1
    endloop
  endfacet
  facet normal 0 0 1
    outer loop
      vertex 35.633022169128814 42.78796304341246 8.1
      vertex 35.25 50.99999999999999 8.1
      vertex 35.25 42.800000000000004 8.1
    endloop
  endfacet
  facet normal 0 0 1
    outer loop
      vertex 36.01453272474225 42.75189967801832 8.1
      vertex 35.633022169128814 51.01203695658754 8.1
      vertex 35.633022169128814 42.78796304341246 8.1
    endloop
  endfacet
  facet normal 0 0 1
    outer loop
      vertex 36.39302601897292 42.69195222944501 8.1
      vertex 36.01453272474225 51.04810032198168 8.1
      vertex 36.01453272474225 42.75189967801832 8.1
    endloop
  endfacet
  facet normal 0 0 1
    outer loop
      vertex 36.76700831170562 42.608357282884654 8.1
      vertex 36.39302601897292 51.108047770555 8.1
      vertex 36.39302601897292 42.69195222944501 8.1
    endloop
  endfacet
  facet normal 0 0 1
    outer loop
      vertex 37.13500366568718 42.50144474940044 8.1
      vertex 36.76700831170561 51.19164271711534 8.1
      vertex 36.76700831170562 42.608357282884654 8.1
    endloop
  endfacet
  facet normal 0 0 1
    outer loop
      vertex 35.25 42.800000000000004 8.1
      vertex 35.25 50.99999999999999 8.1
      vertex 34.866977830871186 51.01203695658754 8.1
    endloop
  endfacet
  facet normal 0 0 1
    outer loop
      vertex 35.633022169128814 42.78796304341246 8.1
      vertex 35.633022169128814 51.01203695658754 8.1
      vertex 35.25 50.99999999999999 8.1
    endloop
  endfacet
  facet normal 0 0 1
    outer loop
      vertex 36.01453272474225 42.75189967801832 8.1
      vertex 36.01453272474225 51.04810032198168 8.1
      vertex 35.633022169128814 51.01203695658754 8.1
    endloop
  endfacet
  facet normal 0 0 1
    outer loop
      vertex 36.39302601897292 42.69195222944501 8.1
      vertex 36.39302601897292 51.108047770555 8.1
      vertex 36.01453272474225 51.04810032198168 8.1
    endloop
  endfacet
  facet normal 0 0 1
    outer loop
      vertex 36.76700831170562 42.608357282884654 8.1
      vertex 36.76700831170561 51.19164271711534 8.1
      vertex 36.39302601897292 51.108047770555 8.1
    endloop
  endfacet
  facet normal 0 0 1
    outer loop
      vertex 37.13500366568718 42.50144474940044 8.1
      vertex 37.13500366568718 51.298555250599556 8.1
      vertex 36.76700831170561 51.19164271711534 8.1
    endloop
  endfacet
  facet normal 0 0 1
    outer loop
      vertex 37.495559771376534 42.37163656391834 8.1
      vertex 37.13500366568718 51.298555250599556 8.1
      vertex 37.13500366568718 42.50144474940044 8.1
    endloop
  endfacet
  facet normal 0 0 1
    outer loop
      vertex 37.84725367854694 42.21944502004272 8.1
      vertex 37.495559771376534 51.42836343608166 8.1
      vertex 37.495559771376534 42.37163656391834 8.1
    endloop
  endfacet
  facet normal 0 0 1
    outer loop
      vertex 38.18869741202046 42.04547074826757 8.1
      vertex 37.84725367854694 51.58055497995728 8.1
      vertex 37.84725367854694 42.21944502004272 8.1
    endloop
  endfacet
  facet normal 0 0 1
    outer loop
      vertex 37.495559771376534 42.37163656391834 8.1
      vertex 37.495559771376534 51.42836343608166 8.1
      vertex 37.13500366568718 51.298555250599556 8.1
    endloop
  endfacet
  facet normal 0 0 1
    outer loop
      vertex 37.84725367854694 42.21944502004272 8.1
      vertex 37.84725367854694 51.58055497995728 8.1
      vertex 37.495559771376534 51.42836343608166 8.1
    endloop
  endfacet
  facet normal 0 0 1
    outer loop
      vertex 38.18869741202046 42.04547074826757 8.1
      vertex 38.18869741202047 51.75452925173243 8.1
      vertex 37.84725367854694 51.58055497995728 8.1
    endloop
  endfacet
  facet normal 0 0 1
    outer loop
      vertex 38.18869741202047 51.75452925173243 8.1
      vertex 38.18869741202046 42.04547074826757 8.1
      vertex 38.518543449371876 51.949599654437705 8.1
    endloop
  endfacet
  facet normal 0 0 1
    outer loop
      vertex 38.518543449371876 51.949599654437705 8.1
      vertex 38.18869741202046 42.04547074826757 8.1
      vertex 38.835490038984084 52.16499633431282 8.1
    endloop
  endfacet
  facet normal 0 0 1
    outer loop
      vertex 38.835490038984084 52.16499633431282 8.1
      vertex 38.18869741202046 42.04547074826757 8.1
      vertex 39.13828633746701 52.39986921906768 8.1
    endloop
  endfacet
  facet normal 0 0 1
    outer loop
      vertex 39.13828633746701 52.39986921906768 8.1
      vertex 38.18869741202046 42.04547074826757 8.1
      vertex 39.425737346165 52.653291372729385 8.1
    endloop
  endfacet
  facet normal 0 0 1
    outer loop
      vertex 39.425737346165 52.653291372729385 8.1
      vertex 38.18869741202046 42.04547074826757 8.1
      vertex 39.69670862727061 52.924262653834994 8.1
    endloop
  endfacet
  facet normal 0 0 1
    outer loop
      vertex 38.518543449371876 41.85040034556229 8.1
      vertex 52.55329137272939 52.924262653834994 8.1
      vertex 38.18869741202046 42.04547074826757 8.1
    endloop
  endfacet
  facet normal 0 0 1
    outer loop
      vertex 38.835490038984084 41.63500366568718 8.1
      vertex 52.55329137272939 52.924262653834994 8.1
      vertex 38.518543449371876 41.85040034556229 8.1
    endloop
  endfacet
  facet normal 0 0 1
    outer loop
      vertex 39.425737346165 41.14670862727061 8.1
      vertex 52.55329137272939 52.924262653834994 8.1
      vertex 39.13828633746701 41.400130780932315 8.1
    endloop
  endfacet
  facet normal 0 0 1
    outer loop
      vertex 39.13828633746701 41.400130780932315 8.1
      vertex 52.55329137272939 52.924262653834994 8.1
      vertex 38.835490038984084 41.63500366568718 8.1
    endloop
  endfacet
  facet normal 0 0 1
    outer loop
      vertex 38.18869741202046 42.04547074826757 8.1
      vertex 52.55329137272939 52.924262653834994 8.1
      vertex 39.69670862727061 52.924262653834994 8.1
    endloop
  endfacet
  facet normal 0 0 1
    outer loop
      vertex 39.69670862727061 32.524262653835 8.1
      vertex 52.29986921906769 32.811713662532995 8.1
      vertex 39.95013078093231 32.811713662532995 8.1
    endloop
  endfacet
  facet normal 0 0 1
    outer loop
      vertex 39.95013078093231 32.811713662532995 8.1
      vertex 52.06499633431282 33.11450996101591 8.1
      vertex 40.18500366568718 33.11450996101591 8.1
    endloop
  endfacet
  facet normal 0 0 1
    outer loop
      vertex 40.18500366568718 33.11450996101591 8.1
      vertex 51.84959965443771 33.43145655062813 8.1
      vertex 40.40040034556229 33.43145655062813 8.1
    endloop
  endfacet
  facet normal 0 0 1
    outer loop
      vertex 40.40040034556229 33.43145655062813 8.1
      vertex 51.654529251732434 33.761302587979536 8.1
      vertex 40.595470748267566 33.761302587979536 8.1
    endloop
  endfacet
  facet normal 0 0 1
    outer loop
      vertex 40.595470748267566 33.761302587979536 8.1
      vertex 51.48055497995728 34.10274632145306 8.1
      vertex 40.76944502004272 34.10274632145306 8.1
    endloop
  endfacet
  facet normal 0 0 1
    outer loop
      vertex 40.76944502004272 34.10274632145306 8.1
      vertex 51.328363436081666 34.45444022862347 8.1
      vertex 40.921636563918334 34.45444022862347 8.1
    endloop
  endfacet
  facet normal 0 0 1
    outer loop
      vertex 40.921636563918334 34.45444022862347 8.1
      vertex 51.19855525059956 34.81499633431282 8.1
      vertex 41.05144474940044 34.81499633431282 8.1
    endloop
  endfacet
  facet normal 0 0 1
    outer loop
      vertex 41.05144474940044 34.81499633431282 8.1
      vertex 51.09164271711535 35.182991688294386 8.1
      vertex 41.15835728288465 35.18299168829439 8.1
    endloop
  endfacet
  facet normal 0 0 1
    outer loop
      vertex 41.15835728288465 35.18299168829439 8.1
      vertex 51.008047770555 35.556973981027085 8.1
      vertex 41.241952229445 35.556973981027085 8.1
    endloop
  endfacet
  facet normal 0 0 1
    outer loop
      vertex 41.241952229445 35.556973981027085 8.1
      vertex 50.948100321981684 35.93546727525775 8.1
      vertex 41.301899678018316 35.93546727525775 8.1
    endloop
  endfacet
  facet normal 0 0 1
    outer loop
      vertex 39.95013078093231 32.811713662532995 8.1
      vertex 52.29986921906769 32.811713662532995 8.1
      vertex 52.06499633431282 33.11450996101591 8.1
    endloop
  endfacet
  facet normal 0 0 1
    outer loop
      vertex 40.40040034556229 33.43145655062813 8.1
      vertex 51.84959965443771 33.43145655062813 8.1
      vertex 51.654529251732434 33.761302587979536 8.1
    endloop
  endfacet
  facet normal 0 0 1
    outer loop
      vertex 40.18500366568718 33.11450996101591 8.1
      vertex 52.06499633431282 33.11450996101591 8.1
      vertex 51.84959965443771 33.43145655062813 8.1
    endloop
  endfacet
  facet normal 0 0 1
    outer loop
      vertex 40.595470748267566 33.761302587979536 8.1
      vertex 51.654529251732434 33.761302587979536 8.1
      vertex 51.48055497995728 34.10274632145306 8.1
    endloop
  endfacet
  facet normal 0 0 1
    outer loop
      vertex 40.921636563918334 34.45444022862347 8.1
      vertex 51.328363436081666 34.45444022862347 8.1
      vertex 51.19855525059956 34.81499633431282 8.1
    endloop
  endfacet
  facet normal 0 0 1
    outer loop
      vertex 41.05144474940044 34.81499633431282 8.1
      vertex 51.19855525059956 34.81499633431282 8.1
      vertex 51.09164271711535 35.182991688294386 8.1
    endloop
  endfacet
  facet normal 0 0 1
    outer loop
      vertex 40.76944502004272 34.10274632145306 8.1
      vertex 51.48055497995728 34.10274632145306 8.1
      vertex 51.328363436081666 34.45444022862347 8.1
    endloop
  endfacet
  facet normal 0 0 1
    outer loop
      vertex 41.15835728288465 35.18299168829439 8.1
      vertex 51.09164271711535 35.182991688294386 8.1
      vertex 51.008047770555 35.556973981027085 8.1
    endloop
  endfacet
  facet normal 0 0 1
    outer loop
      vertex 41.241952229445 35.556973981027085 8.1
      vertex 51.008047770555 35.556973981027085 8.1
      vertex 50.948100321981684 35.93546727525775 8.1
    endloop
  endfacet
  facet normal 0 0 1
    outer loop
      vertex 41.301899678018316 35.93546727525775 8.1
      vertex 50.91203695658754 36.31697783087119 8.1
      vertex 41.33796304341246 36.31697783087119 8.1
    endloop
  endfacet
  facet normal 0 0 1
    outer loop
      vertex 41.33796304341246 36.31697783087119 8.1
      vertex 50.9 36.7 8.1
      vertex 41.35 36.7 8.1
    endloop
  endfacet
  facet normal 0 0 1
    outer loop
      vertex 41.35 36.7 8.1
      vertex 50.91203695658754 37.08302216912882 8.1
      vertex 41.33796304341246 37.08302216912882 8.1
    endloop
  endfacet
  facet normal 0 0 1
    outer loop
      vertex 41.33796304341246 37.08302216912882 8.1
      vertex 50.948100321981684 37.464532724742256 8.1
      vertex 41.301899678018316 37.464532724742256 8.1
    endloop
  endfacet
  facet normal 0 0 1
    outer loop
      vertex 41.301899678018316 37.464532724742256 8.1
      vertex 51.008047770555 37.84302601897292 8.1
      vertex 41.241952229445005 37.84302601897292 8.1
    endloop
  endfacet
  facet normal 0 0 1
    outer loop
      vertex 41.241952229445005 37.84302601897292 8.1
      vertex 51.09164271711535 38.21700831170562 8.1
      vertex 41.15835728288465 38.21700831170562 8.1
    endloop
  endfacet
  facet normal 0 0 1
    outer loop
      vertex 41.15835728288465 38.21700831170562 8.1
      vertex 51.19855525059956 38.58500366568718 8.1
      vertex 41.05144474940044 38.58500366568718 8.1
    endloop
  endfacet
  facet normal 0 0 1
    outer loop
      vertex 41.05144474940044 38.58500366568718 8.1
      vertex 51.328363436081666 38.94555977137654 8.1
      vertex 40.921636563918334 38.94555977137654 8.1
    endloop
  endfacet
  facet normal 0 0 1
    outer loop
      vertex 40.921636563918334 38.94555977137654 8.1
      vertex 51.48055497995728 39.297253678546944 8.1
      vertex 40.76944502004272 39.297253678546944 8.1
    endloop
  endfacet
  facet normal 0 0 1
    outer loop
      vertex 40.595470748267566 39.63869741202046 8.1
      vertex 51.84959965443771 39.968543449371886 8.1
      vertex 40.40040034556229 39.96854344937188 8.1
    endloop
  endfacet
  facet normal 0 0 1
    outer loop
      vertex 40.40040034556229 39.96854344937188 8.1
      vertex 52.06499633431282 40.285490038984086 8.1
      vertex 40.18500366568718 40.285490038984086 8.1
    endloop
  endfacet
  facet normal 0 0 1
    outer loop
      vertex 39.69670862727061 40.875737346165 8.1
      vertex 52.824262653835 41.14670862727061 8.1
      vertex 39.425737346165 41.14670862727061 8.1
    endloop
  endfacet
  facet normal 0 0 1
    outer loop
      vertex 40.18500366568718 40.285490038984086 8.1
      vertex 52.29986921906769 40.58828633746701 8.1
      vertex 39.95013078093231 40.58828633746701 8.1
    endloop
  endfacet
  facet normal 0 0 1
    outer loop
      vertex 39.95013078093231 40.58828633746701 8.1
      vertex 52.55329137272939 40.875737346165 8.1
      vertex 39.69670862727061 40.875737346165 8.1
    endloop
  endfacet
  facet normal 0 0 1
    outer loop
      vertex 40.76944502004272 39.297253678546944 8.1
      vertex 51.654529251732434 39.63869741202047 8.1
      vertex 40.595470748267566 39.63869741202046 8.1
    endloop
  endfacet
  facet normal 0 0 1
    outer loop
      vertex 41.301899678018316 35.93546727525775 8.1
      vertex 50.948100321981684 35.93546727525775 8.1
      vertex 50.91203695658754 36.31697783087119 8.1
    endloop
  endfacet
  facet normal 0 0 1
    outer loop
      vertex 41.33796304341246 36.31697783087119 8.1
      vertex 50.91203695658754 36.31697783087119 8.1
      vertex 50.9 36.7 8.1
    endloop
  endfacet
  facet normal 0 0 1
    outer loop
      vertex 41.35 36.7 8.1
      vertex 50.9 36.7 8.1
      vertex 50.91203695658754 37.08302216912882 8.1
    endloop
  endfacet
  facet normal 0 0 1
    outer loop
      vertex 50.948100321981684 37.464532724742256 8.1
      vertex 41.33796304341246 37.08302216912882 8.1
      vertex 50.91203695658754 37.08302216912882 8.1
    endloop
  endfacet
  facet normal 0 0 1
    outer loop
      vertex 41.301899678018316 37.464532724742256 8.1
      vertex 50.948100321981684 37.464532724742256 8.1
      vertex 51.008047770555 37.84302601897292 8.1
    endloop
  endfacet
  facet normal 0 0 1
    outer loop
      vertex 51.09164271711535 38.21700831170562 8.1
      vertex 41.241952229445005 37.84302601897292 8.1
      vertex 51.008047770555 37.84302601897292 8.1
    endloop
  endfacet
  facet normal 0 0 1
    outer loop
      vertex 41.15835728288465 38.21700831170562 8.1
      vertex 51.09164271711535 38.21700831170562 8.1
      vertex 51.19855525059956 38.58500366568718 8.1
    endloop
  endfacet
  facet normal 0 0 1
    outer loop
      vertex 41.05144474940044 38.58500366568718 8.1
      vertex 51.19855525059956 38.58500366568718 8.1
      vertex 51.328363436081666 38.94555977137654 8.1
    endloop
  endfacet
  facet normal 0 0 1
    outer loop
      vertex 51.48055497995728 39.297253678546944 8.1
      vertex 40.921636563918334 38.94555977137654 8.1
      vertex 51.328363436081666 38.94555977137654 8.1
    endloop
  endfacet
  facet normal 0 0 1
    outer loop
      vertex 51.654529251732434 39.63869741202047 8.1
      vertex 40.76944502004272 39.297253678546944 8.1
      vertex 51.48055497995728 39.297253678546944 8.1
    endloop
  endfacet
  facet normal 0 0 1
    outer loop
      vertex 40.595470748267566 39.63869741202046 8.1
      vertex 51.654529251732434 39.63869741202047 8.1
      vertex 51.84959965443771 39.968543449371886 8.1
    endloop
  endfacet
  facet normal 0 0 1
    outer loop
      vertex 52.06499633431282 40.285490038984086 8.1
      vertex 40.40040034556229 39.96854344937188 8.1
      vertex 51.84959965443771 39.968543449371886 8.1
    endloop
  endfacet
  facet normal 0 0 1
    outer loop
      vertex 39.69670862727061 32.524262653835 8.1
      vertex 52.55329137272939 32.524262653835 8.1
      vertex 52.29986921906769 32.811713662532995 8.1
    endloop
  endfacet
  facet normal 0 0 1
    outer loop
      vertex 40.18500366568718 40.285490038984086 8.1
      vertex 52.06499633431282 40.285490038984086 8.1
      vertex 52.29986921906769 40.58828633746701 8.1
    endloop
  endfacet
  facet normal 0 0 1
    outer loop
      vertex 39.95013078093231 40.58828633746701 8.1
      vertex 52.29986921906769 40.58828633746701 8.1
      vertex 52.55329137272939 40.875737346165 8.1
    endloop
  endfacet
  facet normal 0 0 1
    outer loop
      vertex 39.69670862727061 40.875737346165 8.1
      vertex 52.55329137272939 40.875737346165 8.1
      vertex 52.824262653835 41.14670862727061 8.1
    endloop
  endfacet
  facet normal 0 0 1
    outer loop
      vertex 39.69670862727061 52.924262653834994 8.1
      vertex 52.29986921906769 53.211713662532986 8.1
      vertex 39.95013078093231 53.211713662532986 8.1
    endloop
  endfacet
  facet normal 0 0 1
    outer loop
      vertex 39.95013078093231 53.211713662532986 8.1
      vertex 52.06499633431282 53.51450996101591 8.1
      vertex 40.18500366568718 53.51450996101591 8.1
    endloop
  endfacet
  facet normal 0 0 1
    outer loop
      vertex 40.18500366568718 53.51450996101591 8.1
      vertex 51.84959965443771 53.83145655062811 8.1
      vertex 40.40040034556229 53.83145655062812 8.1
    endloop
  endfacet
  facet normal 0 0 1
    outer loop
      vertex 40.40040034556229 53.83145655062812 8.1
      vertex 51.654529251732434 54.16130258797953 8.1
      vertex 40.595470748267566 54.16130258797953 8.1
    endloop
  endfacet
  facet normal 0 0 1
    outer loop
      vertex 40.595470748267566 54.16130258797953 8.1
      vertex 51.48055497995728 54.50274632145305 8.1
      vertex 40.76944502004272 54.50274632145305 8.1
    endloop
  endfacet
  facet normal 0 0 1
    outer loop
      vertex 40.76944502004272 54.50274632145305 8.1
      vertex 51.328363436081666 54.85444022862346 8.1
      vertex 40.921636563918334 54.85444022862346 8.1
    endloop
  endfacet
  facet normal 0 0 1
    outer loop
      vertex 40.921636563918334 54.85444022862346 8.1
      vertex 51.19855525059956 55.214996334312815 8.1
      vertex 41.05144474940044 55.214996334312815 8.1
    endloop
  endfacet
  facet normal 0 0 1
    outer loop
      vertex 41.05144474940044 55.214996334312815 8.1
      vertex 51.09164271711535 55.58299168829438 8.1
      vertex 41.15835728288465 55.582991688294385 8.1
    endloop
  endfacet
  facet normal 0 0 1
    outer loop
      vertex 41.15835728288465 55.582991688294385 8.1
      vertex 51.008047770555 55.956973981027076 8.1
      vertex 41.241952229445 55.956973981027076 8.1
    endloop
  endfacet
  facet normal 0 0 1
    outer loop
      vertex 41.241952229445 55.956973981027076 8.1
      vertex 50.948100321981684 56.33546727525774 8.1
      vertex 41.301899678018316 56.33546727525774 8.1
    endloop
  endfacet
  facet normal 0 0 1
    outer loop
      vertex 41.301899678018316 56.33546727525774 8.1
      vertex 50.91203695658754 56.71697783087118 8.1
      vertex 41.33796304341246 56.71697783087118 8.1
    endloop
  endfacet
  facet normal 0 0 1
    outer loop
      vertex 41.33796304341246 56.71697783087118 8.1
      vertex 50.9 57.099999999999994 8.1
      vertex 41.35 57.099999999999994 8.1
    endloop
  endfacet
  facet normal 0 0 1
    outer loop
      vertex 41.35 57.099999999999994 8.1
      vertex 50.91203695658754 57.48302216912881 8.1
      vertex 41.33796304341246 57.48302216912881 8.1
    endloop
  endfacet
  facet normal 0 0 1
    outer loop
      vertex 39.95013078093231 53.211713662532986 8.1
      vertex 52.29986921906769 53.211713662532986 8.1
      vertex 52.06499633431282 53.51450996101591 8.1
    endloop
  endfacet
  facet normal 0 0 1
    outer loop
      vertex 40.18500366568718 53.51450996101591 8.1
      vertex 52.06499633431282 53.51450996101591 8.1
      vertex 51.84959965443771 53.83145655062811 8.1
    endloop
  endfacet
  facet normal 0 0 1
    outer loop
      vertex 40.40040034556229 53.83145655062812 8.1
      vertex 51.84959965443771 53.83145655062811 8.1
      vertex 51.654529251732434 54.16130258797953 8.1
    endloop
  endfacet
  facet normal 0 0 1
    outer loop
      vertex 40.595470748267566 54.16130258797953 8.1
      vertex 51.654529251732434 54.16130258797953 8.1
      vertex 51.48055497995728 54.50274632145305 8.1
    endloop
  endfacet
  facet normal 0 0 1
    outer loop
      vertex 40.76944502004272 54.50274632145305 8.1
      vertex 51.48055497995728 54.50274632145305 8.1
      vertex 51.328363436081666 54.85444022862346 8.1
    endloop
  endfacet
  facet normal 0 0 1
    outer loop
      vertex 40.921636563918334 54.85444022862346 8.1
      vertex 51.328363436081666 54.85444022862346 8.1
      vertex 51.19855525059956 55.214996334312815 8.1
    endloop
  endfacet
  facet normal 0 0 1
    outer loop
      vertex 41.05144474940044 55.214996334312815 8.1
      vertex 51.19855525059956 55.214996334312815 8.1
      vertex 51.09164271711535 55.58299168829438 8.1
    endloop
  endfacet
  facet normal 0 0 1
    outer loop
      vertex 41.15835728288465 55.582991688294385 8.1
      vertex 51.09164271711535 55.58299168829438 8.1
      vertex 51.008047770555 55.956973981027076 8.1
    endloop
  endfacet
  facet normal 0 0 1
    outer loop
      vertex 41.241952229445 55.956973981027076 8.1
      vertex 51.008047770555 55.956973981027076 8.1
      vertex 50.948100321981684 56.33546727525774 8.1
    endloop
  endfacet
  facet normal 0 0 1
    outer loop
      vertex 50.91203695658754 56.71697783087118 8.1
      vertex 41.301899678018316 56.33546727525774 8.1
      vertex 50.948100321981684 56.33546727525774 8.1
    endloop
  endfacet
  facet normal 0 0 1
    outer loop
      vertex 41.33796304341246 56.71697783087118 8.1
      vertex 50.91203695658754 56.71697783087118 8.1
      vertex 50.9 57.099999999999994 8.1
    endloop
  endfacet
  facet normal 0 0 1
    outer loop
      vertex 41.35 57.099999999999994 8.1
      vertex 50.9 57.099999999999994 8.1
      vertex 50.91203695658754 57.48302216912881 8.1
    endloop
  endfacet
  facet normal 0 0 1
    outer loop
      vertex 39.425737346165 41.14670862727061 8.1
      vertex 52.824262653835 41.14670862727061 8.1
      vertex 52.824262653835 52.653291372729385 8.1
    endloop
  endfacet
  facet normal 0 0 1
    outer loop
      vertex 52.55329137272939 52.924262653834994 8.1
      vertex 39.425737346165 41.14670862727061 8.1
      vertex 52.824262653835 52.653291372729385 8.1
    endloop
  endfacet
  facet normal 0 0 1
    outer loop
      vertex 39.69670862727061 52.924262653834994 8.1
      vertex 52.55329137272939 52.924262653834994 8.1
      vertex 52.29986921906769 53.211713662532986 8.1
    endloop
  endfacet
  facet normal 0 0 1
    outer loop
      vertex 67.10000000149012 2.899999998509884 8.1
      vertex 55.11499633431282 10.498555250599566 8.1
      vertex 37.13500366568718 10.498555250599566 8.1
    endloop
  endfacet
  facet normal 0 0 1
    outer loop
      vertex 67.10000000149012 2.899999998509884 8.1
      vertex 55.48299168829438 10.391642717115351 8.1
      vertex 55.11499633431282 10.498555250599566 8.1
    endloop
  endfacet
  facet normal 0 0 1
    outer loop
      vertex 67.10000000149012 2.899999998509884 8.1
      vertex 55.85697398102708 10.308047770555 8.1
      vertex 55.48299168829438 10.391642717115351 8.1
    endloop
  endfacet
  facet normal 0 0 1
    outer loop
      vertex 67.10000000149012 2.899999998509884 8.1
      vertex 56.23546727525775 10.248100321981685 8.1
      vertex 55.85697398102708 10.308047770555 8.1
    endloop
  endfacet
  facet normal 0 0 1
    outer loop
      vertex 67.10000000149012 2.899999998509884 8.1
      vertex 56.616977830871186 10.212036956587545 8.1
      vertex 56.23546727525775 10.248100321981685 8.1
    endloop
  endfacet
  facet normal 0 0 1
    outer loop
      vertex 67.10000000149012 2.899999998509884 8.1
      vertex 57 10.200000000000001 8.1
      vertex 56.616977830871186 10.212036956587545 8.1
    endloop
  endfacet
  facet normal 0 0 1
    outer loop
      vertex 67.10000000149012 2.899999998509884 8.1
      vertex 57.383022169128814 10.212036956587545 8.1
      vertex 57 10.200000000000001 8.1
    endloop
  endfacet
  facet normal 0 0 1
    outer loop
      vertex 67.10000000149012 2.899999998509884 8.1
      vertex 57.76453272474225 10.248100321981685 8.1
      vertex 57.383022169128814 10.212036956587545 8.1
    endloop
  endfacet
  facet normal 0 0 1
    outer loop
      vertex 67.10000000149012 2.899999998509884 8.1
      vertex 58.14302601897292 10.308047770555 8.1
      vertex 57.76453272474225 10.248100321981685 8.1
    endloop
  endfacet
  facet normal 0 0 1
    outer loop
      vertex 53.11171366253299 21.000130780932317 8.1
      vertex 52.824262653835 32.25329137272939 8.1
      vertex 52.824262653835 20.74670862727061 8.1
    endloop
  endfacet
  facet normal 0 0 1
    outer loop
      vertex 53.414509961015916 21.23500366568718 8.1
      vertex 53.11171366253299 31.999869219067687 8.1
      vertex 53.11171366253299 21.000130780932317 8.1
    endloop
  endfacet
  facet normal 0 0 1
    outer loop
      vertex 53.73145655062812 21.450400345562294 8.1
      vertex 53.414509961015916 31.764996334312823 8.1
      vertex 53.414509961015916 21.23500366568718 8.1
    endloop
  endfacet
  facet normal 0 0 1
    outer loop
      vertex 54.06130258797954 21.64547074826757 8.1
      vertex 53.73145655062812 31.549599654437714 8.1
      vertex 53.73145655062812 21.450400345562294 8.1
    endloop
  endfacet
  facet normal 0 0 1
    outer loop
      vertex 54.40274632145306 21.81944502004272 8.1
      vertex 54.06130258797953 31.354529251732437 8.1
      vertex 54.06130258797954 21.64547074826757 8.1
    endloop
  endfacet
  facet normal 0 0 1
    outer loop
      vertex 54.754440228623466 21.971636563918334 8.1
      vertex 54.40274632145306 31.180554979957286 8.1
      vertex 54.40274632145306 21.81944502004272 8.1
    endloop
  endfacet
  facet normal 0 0 1
    outer loop
      vertex 53.11171366253299 21.000130780932317 8.1
      vertex 53.11171366253299 31.999869219067687 8.1
      vertex 52.824262653835 32.25329137272939 8.1
    endloop
  endfacet
  facet normal 0 0 1
    outer loop
      vertex 53.414509961015916 21.23500366568718 8.1
      vertex 53.414509961015916 31.764996334312823 8.1
      vertex 53.11171366253299 31.999869219067687 8.1
    endloop
  endfacet
  facet normal 0 0 1
    outer loop
      vertex 53.73145655062812 21.450400345562294 8.1
      vertex 53.73145655062812 31.549599654437714 8.1
      vertex 53.414509961015916 31.764996334312823 8.1
    endloop
  endfacet
  facet normal 0 0 1
    outer loop
      vertex 54.06130258797954 21.64547074826757 8.1
      vertex 54.06130258797953 31.354529251732437 8.1
      vertex 53.73145655062812 31.549599654437714 8.1
    endloop
  endfacet
  facet normal 0 0 1
    outer loop
      vertex 54.40274632145306 21.81944502004272 8.1
      vertex 54.40274632145306 31.180554979957286 8.1
      vertex 54.06130258797953 31.354529251732437 8.1
    endloop
  endfacet
  facet normal 0 0 1
    outer loop
      vertex 54.754440228623466 21.971636563918334 8.1
      vertex 54.754440228623466 31.02836343608167 8.1
      vertex 54.40274632145306 31.180554979957286 8.1
    endloop
  endfacet
  facet normal 0 0 1
    outer loop
      vertex 55.11499633431282 22.101444749400436 8.1
      vertex 54.754440228623466 31.02836343608167 8.1
      vertex 54.754440228623466 21.971636563918334 8.1
    endloop
  endfacet
  facet normal 0 0 1
    outer loop
      vertex 55.48299168829438 22.20835728288465 8.1
      vertex 55.11499633431282 30.898555250599568 8.1
      vertex 55.11499633431282 22.101444749400436 8.1
    endloop
  endfacet
  facet normal 0 0 1
    outer loop
      vertex 55.85697398102708 22.291952229445002 8.1
      vertex 55.48299168829438 30.79164271711535 8.1
      vertex 55.48299168829438 22.20835728288465 8.1
    endloop
  endfacet
  facet normal 0 0 1
    outer loop
      vertex 55.11499633431282 22.101444749400436 8.1
      vertex 55.11499633431282 30.898555250599568 8.1
      vertex 54.754440228623466 31.02836343608167 8.1
    endloop
  endfacet
  facet normal 0 0 1
    outer loop
      vertex 55.48299168829438 22.20835728288465 8.1
      vertex 55.48299168829438 30.79164271711535 8.1
      vertex 55.11499633431282 30.898555250599568 8.1
    endloop
  endfacet
  facet normal 0 0 1
    outer loop
      vertex 55.85697398102708 22.291952229445002 8.1
      vertex 55.85697398102708 30.708047770555 8.1
      vertex 55.48299168829438 30.79164271711535 8.1
    endloop
  endfacet
  facet normal 0 0 1
    outer loop
      vertex 56.23546727525775 22.351899678018317 8.1
      vertex 55.85697398102708 30.708047770555 8.1
      vertex 55.85697398102708 22.291952229445002 8.1
    endloop
  endfacet
  facet normal 0 0 1
    outer loop
      vertex 56.616977830871186 22.387963043412455 8.1
      vertex 56.23546727525775 30.648100321981687 8.1
      vertex 56.23546727525775 22.351899678018317 8.1
    endloop
  endfacet
  facet normal 0 0 1
    outer loop
      vertex 57 22.4 8.1
      vertex 56.616977830871186 30.612036956587545 8.1
      vertex 56.616977830871186 22.387963043412455 8.1
    endloop
  endfacet
  facet normal 0 0 1
    outer loop
      vertex 56.23546727525775 22.351899678018317 8.1
      vertex 56.23546727525775 30.648100321981687 8.1
      vertex 55.85697398102708 30.708047770555 8.1
    endloop
  endfacet
  facet normal 0 0 1
    outer loop
      vertex 56.616977830871186 22.387963043412455 8.1
      vertex 56.616977830871186 30.612036956587545 8.1
      vertex 56.23546727525775 30.648100321981687 8.1
    endloop
  endfacet
  facet normal 0 0 1
    outer loop
      vertex 57 22.4 8.1
      vertex 57 30.6 8.1
      vertex 56.616977830871186 30.612036956587545 8.1
    endloop
  endfacet
  facet normal 0 0 1
    outer loop
      vertex 58.14302601897292 22.291952229445002 8.1
      vertex 57.76453272474225 30.648100321981687 8.1
      vertex 57.76453272474225 22.351899678018317 8.1
    endloop
  endfacet
  facet normal 0 0 1
    outer loop
      vertex 58.51700831170562 22.20835728288465 8.1
      vertex 58.14302601897292 30.708047770555 8.1
      vertex 58.14302601897292 22.291952229445002 8.1
    endloop
  endfacet
  facet normal 0 0 1
    outer loop
      vertex 58.88500366568718 22.101444749400436 8.1
      vertex 58.51700831170561 30.79164271711535 8.1
      vertex 58.51700831170562 22.20835728288465 8.1
    endloop
  endfacet
  facet normal 0 0 1
    outer loop
      vertex 59.245559771376534 21.971636563918334 8.1
      vertex 58.88500366568718 30.898555250599568 8.1
      vertex 58.88500366568718 22.101444749400436 8.1
    endloop
  endfacet
  facet normal 0 0 1
    outer loop
      vertex 57.383022169128814 22.387963043412455 8.1
      vertex 57 30.6 8.1
      vertex 57 22.4 8.1
    endloop
  endfacet
  facet normal 0 0 1
    outer loop
      vertex 57.76453272474225 22.351899678018317 8.1
      vertex 57.383022169128814 30.612036956587545 8.1
      vertex 57.383022169128814 22.387963043412455 8.1
    endloop
  endfacet
  facet normal 0 0 1
    outer loop
      vertex 57.383022169128814 22.387963043412455 8.1
      vertex 57.383022169128814 30.612036956587545 8.1
      vertex 57 30.6 8.1
    endloop
  endfacet
  facet normal 0 0 1
    outer loop
      vertex 57.76453272474225 22.351899678018317 8.1
      vertex 57.76453272474225 30.648100321981687 8.1
      vertex 57.383022169128814 30.612036956587545 8.1
    endloop
  endfacet
  facet normal 0 0 1
    outer loop
      vertex 58.14302601897292 22.291952229445002 8.1
      vertex 58.14302601897292 30.708047770555 8.1
      vertex 57.76453272474225 30.648100321981687 8.1
    endloop
  endfacet
  facet normal 0 0 1
    outer loop
      vertex 58.51700831170562 22.20835728288465 8.1
      vertex 58.51700831170561 30.79164271711535 8.1
      vertex 58.14302601897292 30.708047770555 8.1
    endloop
  endfacet
  facet normal 0 0 1
    outer loop
      vertex 58.88500366568718 22.101444749400436 8.1
      vertex 58.88500366568718 30.898555250599568 8.1
      vertex 58.51700831170561 30.79164271711535 8.1
    endloop
  endfacet
  facet normal 0 0 1
    outer loop
      vertex 59.59725367854694 21.81944502004272 8.1
      vertex 59.245559771376534 31.02836343608167 8.1
      vertex 59.245559771376534 21.971636563918334 8.1
    endloop
  endfacet
  facet normal 0 0 1
    outer loop
      vertex 59.93869741202046 21.64547074826757 8.1
      vertex 59.59725367854694 31.180554979957286 8.1
      vertex 59.59725367854694 21.81944502004272 8.1
    endloop
  endfacet
  facet normal 0 0 1
    outer loop
      vertex 60.268543449371876 21.450400345562294 8.1
      vertex 59.93869741202047 31.354529251732437 8.1
      vertex 59.93869741202046 21.64547074826757 8.1
    endloop
  endfacet
  facet normal 0 0 1
    outer loop
      vertex 60.585490038984084 21.23500366568718 8.1
      vertex 60.268543449371876 31.54959965443771 8.1
      vertex 60.268543449371876 21.450400345562294 8.1
    endloop
  endfacet
  facet normal 0 0 1
    outer loop
      vertex 60.88828633746701 21.000130780932313 8.1
      vertex 60.585490038984084 31.764996334312823 8.1
      vertex 60.585490038984084 21.23500366568718 8.1
    endloop
  endfacet
  facet normal 0 0 1
    outer loop
      vertex 61.175737346165 20.74670862727061 8.1
      vertex 60.88828633746701 31.99986921906769 8.1
      vertex 60.88828633746701 21.000130780932313 8.1
    endloop
  endfacet
  facet normal 0 0 1
    outer loop
      vertex 59.245559771376534 21.971636563918334 8.1
      vertex 59.245559771376534 31.02836343608167 8.1
      vertex 58.88500366568718 30.898555250599568 8.1
    endloop
  endfacet
  facet normal 0 0 1
    outer loop
      vertex 59.59725367854694 21.81944502004272 8.1
      vertex 59.59725367854694 31.180554979957286 8.1
      vertex 59.245559771376534 31.02836343608167 8.1
    endloop
  endfacet
  facet normal 0 0 1
    outer loop
      vertex 59.93869741202046 21.64547074826757 8.1
      vertex 59.93869741202047 31.354529251732437 8.1
      vertex 59.59725367854694 31.180554979957286 8.1
    endloop
  endfacet
  facet normal 0 0 1
    outer loop
      vertex 60.268543449371876 21.450400345562294 8.1
      vertex 60.268543449371876 31.54959965443771 8.1
      vertex 59.93869741202047 31.354529251732437 8.1
    endloop
  endfacet
  facet normal 0 0 1
    outer loop
      vertex 60.585490038984084 21.23500366568718 8.1
      vertex 60.585490038984084 31.764996334312823 8.1
      vertex 60.268543449371876 31.54959965443771 8.1
    endloop
  endfacet
  facet normal 0 0 1
    outer loop
      vertex 60.88828633746701 21.000130780932313 8.1
      vertex 60.88828633746701 31.99986921906769 8.1
      vertex 60.585490038984084 31.764996334312823 8.1
    endloop
  endfacet
  facet normal 0 0 1
    outer loop
      vertex 61.175737346165 20.74670862727061 8.1
      vertex 61.175737346165 32.25329137272939 8.1
      vertex 60.88828633746701 31.99986921906769 8.1
    endloop
  endfacet
  facet normal 0 0 1
    outer loop
      vertex 67.10000000149012 2.899999998509884 8.1
      vertex 58.51700831170561 10.391642717115351 8.1
      vertex 58.14302601897292 10.308047770555 8.1
    endloop
  endfacet
  facet normal 0 0 1
    outer loop
      vertex 67.10000000149012 2.899999998509884 8.1
      vertex 58.88500366568718 10.498555250599566 8.1
      vertex 58.51700831170561 10.391642717115351 8.1
    endloop
  endfacet
  facet normal 0 0 1
    outer loop
      vertex 67.10000000149012 2.899999998509884 8.1
      vertex 59.245559771376534 10.628363436081669 8.1
      vertex 58.88500366568718 10.498555250599566 8.1
    endloop
  endfacet
  facet normal 0 0 1
    outer loop
      vertex 67.10000000149012 2.899999998509884 8.1
      vertex 59.59725367854694 10.780554979957282 8.1
      vertex 59.245559771376534 10.628363436081669 8.1
    endloop
  endfacet
  facet normal 0 0 1
    outer loop
      vertex 67.10000000149012 2.899999998509884 8.1
      vertex 59.93869741202047 10.954529251732435 8.1
      vertex 59.59725367854694 10.780554979957282 8.1
    endloop
  endfacet
  facet normal 0 0 1
    outer loop
      vertex 67.10000000149012 2.899999998509884 8.1
      vertex 60.268543449371876 11.149599654437708 8.1
      vertex 59.93869741202047 10.954529251732435 8.1
    endloop
  endfacet
  facet normal 0 0 1
    outer loop
      vertex 67.10000000149012 2.899999998509884 8.1
      vertex 60.585490038984084 11.36499633431282 8.1
      vertex 60.268543449371876 11.149599654437708 8.1
    endloop
  endfacet
  facet normal 0 0 1
    outer loop
      vertex 67.10000000149012 2.899999998509884 8.1
      vertex 60.88828633746701 11.599869219067688 8.1
      vertex 60.585490038984084 11.36499633431282 8.1
    endloop
  endfacet
  facet normal 0 0 1
    outer loop
      vertex 67.10000000149012 2.899999998509884 8.1
      vertex 61.175737346165 11.853291372729391 8.1
      vertex 60.88828633746701 11.599869219067688 8.1
    endloop
  endfacet
  facet normal 0 0 1
    outer loop
      vertex 67.10000000149012 2.899999998509884 8.1
      vertex 61.44670862727061 12.124262653835 8.1
      vertex 61.175737346165 11.853291372729391 8.1
    endloop
  endfacet
  facet normal 0 0 1
    outer loop
      vertex 67.10000000149012 2.899999998509884 8.1
      vertex 61.70013078093231 12.411713662532993 8.1
      vertex 61.44670862727061 12.124262653835 8.1
    endloop
  endfacet
  facet normal 0 0 1
    outer loop
      vertex 67.10000000149012 2.899999998509884 8.1
      vertex 61.93500366568718 12.714509961015915 8.1
      vertex 61.70013078093231 12.411713662532993 8.1
    endloop
  endfacet
  facet normal 0 0 1
    outer loop
      vertex 67.10000000149012 2.899999998509884 8.1
      vertex 62.15040034556229 13.031456550628125 8.1
      vertex 61.93500366568718 12.714509961015915 8.1
    endloop
  endfacet
  facet normal 0 0 1
    outer loop
      vertex 67.10000000149012 2.899999998509884 8.1
      vertex 62.345470748267566 13.361302587979537 8.1
      vertex 62.15040034556229 13.031456550628125 8.1
    endloop
  endfacet
  facet normal 0 0 1
    outer loop
      vertex 67.10000000149012 2.899999998509884 8.1
      vertex 62.51944502004272 13.70274632145306 8.1
      vertex 62.345470748267566 13.361302587979537 8.1
    endloop
  endfacet
  facet normal 0 0 1
    outer loop
      vertex 67.10000000149012 2.899999998509884 8.1
      vertex 62.671636563918334 14.054440228623463 8.1
      vertex 62.51944502004272 13.70274632145306 8.1
    endloop
  endfacet
  facet normal 0 0 1
    outer loop
      vertex 67.10000000149012 2.899999998509884 8.1
      vertex 62.80144474940044 14.414996334312821 8.1
      vertex 62.671636563918334 14.054440228623463 8.1
    endloop
  endfacet
  facet normal 0 0 1
    outer loop
      vertex 67.10000000149012 2.899999998509884 8.1
      vertex 62.90835728288465 14.78299168829439 8.1
      vertex 62.80144474940044 14.414996334312821 8.1
    endloop
  endfacet
  facet normal 0 0 1
    outer loop
      vertex 67.10000000149012 2.899999998509884 8.1
      vertex 62.991952229445 15.156973981027079 8.1
      vertex 62.90835728288465 14.78299168829439 8.1
    endloop
  endfacet
  facet normal 0 0 1
    outer loop
      vertex 67.10000000149012 2.899999998509884 8.1
      vertex 63.051899678018316 15.535467275257746 8.1
      vertex 62.991952229445 15.156973981027079 8.1
    endloop
  endfacet
  facet normal 0 0 1
    outer loop
      vertex 67.10000000149012 2.899999998509884 8.1
      vertex 63.08796304341246 15.916977830871186 8.1
      vertex 63.051899678018316 15.535467275257746 8.1
    endloop
  endfacet
  facet normal 0 0 1
    outer loop
      vertex 67.10000000149012 2.899999998509884 8.1
      vertex 63.1 16.3 8.1
      vertex 63.08796304341246 15.916977830871186 8.1
    endloop
  endfacet
  facet normal 0 0 1
    outer loop
      vertex 67.10000000149012 2.899999998509884 8.1
      vertex 63.1 36.7 8.1
      vertex 63.1 16.3 8.1
    endloop
  endfacet
  facet normal 0 0 1
    outer loop
      vertex 61.44670862727061 20.475737346165 8.1
      vertex 61.175737346165 32.25329137272939 8.1
      vertex 61.175737346165 20.74670862727061 8.1
    endloop
  endfacet
  facet normal 0 0 1
    outer loop
      vertex 61.70013078093231 20.18828633746701 8.1
      vertex 61.44670862727061 32.524262653835 8.1
      vertex 61.44670862727061 20.475737346165 8.1
    endloop
  endfacet
  facet normal 0 0 1
    outer loop
      vertex 61.93500366568718 19.885490038984088 8.1
      vertex 61.70013078093231 32.811713662532995 8.1
      vertex 61.70013078093231 20.18828633746701 8.1
    endloop
  endfacet
  facet normal 0 0 1
    outer loop
      vertex 62.15040034556229 19.56854344937188 8.1
      vertex 61.93500366568718 33.11450996101591 8.1
      vertex 61.93500366568718 19.885490038984088 8.1
    endloop
  endfacet
  facet normal 0 0 1
    outer loop
      vertex 62.345470748267566 19.238697412020464 8.1
      vertex 62.15040034556229 33.43145655062813 8.1
      vertex 62.15040034556229 19.56854344937188 8.1
    endloop
  endfacet
  facet normal 0 0 1
    outer loop
      vertex 63.1 16.3 8.1
      vertex 63.08796304341246 36.31697783087119 8.1
      vertex 63.08796304341246 16.68302216912881 8.1
    endloop
  endfacet
  facet normal 0 0 1
    outer loop
      vertex 63.08796304341246 16.68302216912881 8.1
      vertex 63.051899678018316 35.93546727525775 8.1
      vertex 63.051899678018316 17.064532724742257 8.1
    endloop
  endfacet
  facet normal 0 0 1
    outer loop
      vertex 62.51944502004272 18.897253678546942 8.1
      vertex 62.345470748267566 33.761302587979536 8.1
      vertex 62.345470748267566 19.238697412020464 8.1
    endloop
  endfacet
  facet normal 0 0 1
    outer loop
      vertex 62.671636563918334 18.545559771376535 8.1
      vertex 62.51944502004272 34.10274632145306 8.1
      vertex 62.51944502004272 18.897253678546942 8.1
    endloop
  endfacet
  facet normal 0 0 1
    outer loop
      vertex 62.80144474940044 18.18500366568718 8.1
      vertex 62.671636563918334 34.45444022862347 8.1
      vertex 62.671636563918334 18.545559771376535 8.1
    endloop
  endfacet
  facet normal 0 0 1
    outer loop
      vertex 62.90835728288465 17.817008311705614 8.1
      vertex 62.80144474940044 34.81499633431282 8.1
      vertex 62.80144474940044 18.18500366568718 8.1
    endloop
  endfacet
  facet normal 0 0 1
    outer loop
      vertex 62.991952229445005 17.443026018972922 8.1
      vertex 62.90835728288465 35.18299168829439 8.1
      vertex 62.90835728288465 17.817008311705614 8.1
    endloop
  endfacet
  facet normal 0 0 1
    outer loop
      vertex 63.051899678018316 17.064532724742257 8.1
      vertex 62.991952229445 35.556973981027085 8.1
      vertex 62.991952229445005 17.443026018972922 8.1
    endloop
  endfacet
  facet normal 0 0 1
    outer loop
      vertex 61.44670862727061 20.475737346165 8.1
      vertex 61.44670862727061 32.524262653835 8.1
      vertex 61.175737346165 32.25329137272939 8.1
    endloop
  endfacet
  facet normal 0 0 1
    outer loop
      vertex 61.70013078093231 20.18828633746701 8.1
      vertex 61.70013078093231 32.811713662532995 8.1
      vertex 61.44670862727061 32.524262653835 8.1
    endloop
  endfacet
  facet normal 0 0 1
    outer loop
      vertex 61.93500366568718 19.885490038984088 8.1
      vertex 61.93500366568718 33.11450996101591 8.1
      vertex 61.70013078093231 32.811713662532995 8.1
    endloop
  endfacet
  facet normal 1 0 0
    outer loop
      vertex 70 0 5.200000001490116
      vertex 70 72.8 3.0999999999999996
      vertex 70 77.8 4.6
    endloop
  endfacet
  facet normal 0 0 1
    outer loop
      vertex 53.11171366253299 41.400130780932315 8.1
      vertex 52.824262653835 52.653291372729385 8.1
      vertex 52.824262653835 41.14670862727061 8.1
    endloop
  endfacet
  facet normal 0 0 1
    outer loop
      vertex 53.414509961015916 41.63500366568718 8.1
      vertex 53.11171366253299 52.39986921906768 8.1
      vertex 53.11171366253299 41.400130780932315 8.1
    endloop
  endfacet
  facet normal 0 0 1
    outer loop
      vertex 53.73145655062812 41.85040034556229 8.1
      vertex 53.414509961015916 52.16499633431282 8.1
      vertex 53.414509961015916 41.63500366568718 8.1
    endloop
  endfacet
  facet normal 0 0 1
    outer loop
      vertex 54.06130258797954 42.04547074826757 8.1
      vertex 53.73145655062812 51.949599654437705 8.1
      vertex 53.73145655062812 41.85040034556229 8.1
    endloop
  endfacet
  facet normal 0 0 1
    outer loop
      vertex 54.40274632145306 42.21944502004272 8.1
      vertex 54.06130258797953 51.75452925173243 8.1
      vertex 54.06130258797954 42.04547074826757 8.1
    endloop
  endfacet
  facet normal 0 0 1
    outer loop
      vertex 54.754440228623466 42.37163656391834 8.1
      vertex 54.40274632145306 51.58055497995728 8.1
      vertex 54.40274632145306 42.21944502004272 8.1
    endloop
  endfacet
  facet normal 0 0 1
    outer loop
      vertex 53.11171366253299 41.400130780932315 8.1
      vertex 53.11171366253299 52.39986921906768 8.1
      vertex 52.824262653835 52.653291372729385 8.1
    endloop
  endfacet
  facet normal 0 0 1
    outer loop
      vertex 53.414509961015916 41.63500366568718 8.1
      vertex 53.414509961015916 52.16499633431282 8.1
      vertex 53.11171366253299 52.39986921906768 8.1
    endloop
  endfacet
  facet normal 0 0 1
    outer loop
      vertex 53.414509961015916 52.16499633431282 8.1
      vertex 53.73145655062812 41.85040034556229 8.1
      vertex 53.73145655062812 51.949599654437705 8.1
    endloop
  endfacet
  facet normal 0 0 1
    outer loop
      vertex 54.06130258797954 42.04547074826757 8.1
      vertex 54.06130258797953 51.75452925173243 8.1
      vertex 53.73145655062812 51.949599654437705 8.1
    endloop
  endfacet
  facet normal 0 0 1
    outer loop
      vertex 54.06130258797953 51.75452925173243 8.1
      vertex 54.40274632145306 42.21944502004272 8.1
      vertex 54.40274632145306 51.58055497995728 8.1
    endloop
  endfacet
  facet normal 0 0 1
    outer loop
      vertex 54.40274632145306 51.58055497995728 8.1
      vertex 54.754440228623466 42.37163656391834 8.1
      vertex 54.754440228623466 51.42836343608166 8.1
    endloop
  endfacet
  facet normal 0 0 1
    outer loop
      vertex 55.11499633431282 42.50144474940044 8.1
      vertex 54.754440228623466 51.42836343608166 8.1
      vertex 54.754440228623466 42.37163656391834 8.1
    endloop
  endfacet
  facet normal 0 0 1
    outer loop
      vertex 55.48299168829438 42.608357282884654 8.1
      vertex 55.11499633431282 51.298555250599556 8.1
      vertex 55.11499633431282 42.50144474940044 8.1
    endloop
  endfacet
  facet normal 0 0 1
    outer loop
      vertex 55.85697398102708 42.69195222944501 8.1
      vertex 55.48299168829438 51.19164271711534 8.1
      vertex 55.48299168829438 42.608357282884654 8.1
    endloop
  endfacet
  facet normal 0 0 1
    outer loop
      vertex 56.23546727525775 42.75189967801832 8.1
      vertex 55.85697398102708 51.108047770555 8.1
      vertex 55.85697398102708 42.69195222944501 8.1
    endloop
  endfacet
  facet normal 0 0 1
    outer loop
      vertex 56.616977830871186 42.78796304341246 8.1
      vertex 56.23546727525775 51.04810032198168 8.1
      vertex 56.23546727525775 42.75189967801832 8.1
    endloop
  endfacet
  facet normal 0 0 1
    outer loop
      vertex 57 42.800000000000004 8.1
      vertex 56.616977830871186 51.01203695658754 8.1
      vertex 56.616977830871186 42.78796304341246 8.1
    endloop
  endfacet
  facet normal 0 0 1
    outer loop
      vertex 55.11499633431282 42.50144474940044 8.1
      vertex 55.11499633431282 51.298555250599556 8.1
      vertex 54.754440228623466 51.42836343608166 8.1
    endloop
  endfacet
  facet normal 0 0 1
    outer loop
      vertex 55.48299168829438 42.608357282884654 8.1
      vertex 55.48299168829438 51.19164271711534 8.1
      vertex 55.11499633431282 51.298555250599556 8.1
    endloop
  endfacet
  facet normal 0 0 1
    outer loop
      vertex 55.85697398102708 42.69195222944501 8.1
      vertex 55.85697398102708 51.108047770555 8.1
      vertex 55.48299168829438 51.19164271711534 8.1
    endloop
  endfacet
  facet normal 0 0 1
    outer loop
      vertex 56.23546727525775 42.75189967801832 8.1
      vertex 56.23546727525775 51.04810032198168 8.1
      vertex 55.85697398102708 51.108047770555 8.1
    endloop
  endfacet
  facet normal 0 0 1
    outer loop
      vertex 56.23546727525775 51.04810032198168 8.1
      vertex 56.616977830871186 42.78796304341246 8.1
      vertex 56.616977830871186 51.01203695658754 8.1
    endloop
  endfacet
  facet normal 0 0 1
    outer loop
      vertex 57 42.800000000000004 8.1
      vertex 57 50.99999999999999 8.1
      vertex 56.616977830871186 51.01203695658754 8.1
    endloop
  endfacet
  facet normal 0 0 1
    outer loop
      vertex 57.383022169128814 42.78796304341246 8.1
      vertex 57 50.99999999999999 8.1
      vertex 57 42.800000000000004 8.1
    endloop
  endfacet
  facet normal 0 0 1
    outer loop
      vertex 57.76453272474225 42.75189967801832 8.1
      vertex 57.383022169128814 51.01203695658754 8.1
      vertex 57.383022169128814 42.78796304341246 8.1
    endloop
  endfacet
  facet normal 0 0 1
    outer loop
      vertex 58.14302601897292 42.69195222944501 8.1
      vertex 57.76453272474225 51.04810032198168 8.1
      vertex 57.76453272474225 42.75189967801832 8.1
    endloop
  endfacet
  facet normal 0 0 1
    outer loop
      vertex 58.51700831170562 42.608357282884654 8.1
      vertex 58.14302601897292 51.108047770555 8.1
      vertex 58.14302601897292 42.69195222944501 8.1
    endloop
  endfacet
  facet normal 0 0 1
    outer loop
      vertex 58.88500366568718 42.50144474940044 8.1
      vertex 58.51700831170561 51.19164271711534 8.1
      vertex 58.51700831170562 42.608357282884654 8.1
    endloop
  endfacet
  facet normal 0 0 1
    outer loop
      vertex 59.245559771376534 42.37163656391834 8.1
      vertex 58.88500366568718 51.298555250599556 8.1
      vertex 58.88500366568718 42.50144474940044 8.1
    endloop
  endfacet
  facet normal 0 0 1
    outer loop
      vertex 57.383022169128814 42.78796304341246 8.1
      vertex 57.383022169128814 51.01203695658754 8.1
      vertex 57 50.99999999999999 8.1
    endloop
  endfacet
  facet normal 0 0 1
    outer loop
      vertex 57.76453272474225 42.75189967801832 8.1
      vertex 57.76453272474225 51.04810032198168 8.1
      vertex 57.383022169128814 51.01203695658754 8.1
    endloop
  endfacet
  facet normal 0 0 1
    outer loop
      vertex 58.14302601897292 42.69195222944501 8.1
      vertex 58.14302601897292 51.108047770555 8.1
      vertex 57.76453272474225 51.04810032198168 8.1
    endloop
  endfacet
  facet normal 0 0 1
    outer loop
      vertex 58.51700831170562 42.608357282884654 8.1
      vertex 58.51700831170561 51.19164271711534 8.1
      vertex 58.14302601897292 51.108047770555 8.1
    endloop
  endfacet
  facet normal 0 0 1
    outer loop
      vertex 58.88500366568718 42.50144474940044 8.1
      vertex 58.88500366568718 51.298555250599556 8.1
      vertex 58.51700831170561 51.19164271711534 8.1
    endloop
  endfacet
  facet normal 0 0 1
    outer loop
      vertex 59.59725367854694 42.21944502004272 8.1
      vertex 59.245559771376534 51.42836343608166 8.1
      vertex 59.245559771376534 42.37163656391834 8.1
    endloop
  endfacet
  facet normal 0 0 1
    outer loop
      vertex 59.93869741202046 42.04547074826757 8.1
      vertex 59.59725367854694 51.58055497995728 8.1
      vertex 59.59725367854694 42.21944502004272 8.1
    endloop
  endfacet
  facet normal 0 0 1
    outer loop
      vertex 60.268543449371876 41.85040034556229 8.1
      vertex 59.93869741202047 51.75452925173243 8.1
      vertex 59.93869741202046 42.04547074826757 8.1
    endloop
  endfacet
  facet normal 0 0 1
    outer loop
      vertex 60.585490038984084 41.63500366568718 8.1
      vertex 60.268543449371876 51.949599654437705 8.1
      vertex 60.268543449371876 41.85040034556229 8.1
    endloop
  endfacet
  facet normal 0 0 1
    outer loop
      vertex 60.88828633746701 41.400130780932315 8.1
      vertex 60.585490038984084 52.16499633431282 8.1
      vertex 60.585490038984084 41.63500366568718 8.1
    endloop
  endfacet
  facet normal 0 0 1
    outer loop
      vertex 61.175737346165 41.14670862727061 8.1
      vertex 60.88828633746701 52.39986921906768 8.1
      vertex 60.88828633746701 41.400130780932315 8.1
    endloop
  endfacet
  facet normal 0 0 1
    outer loop
      vertex 59.245559771376534 42.37163656391834 8.1
      vertex 59.245559771376534 51.42836343608166 8.1
      vertex 58.88500366568718 51.298555250599556 8.1
    endloop
  endfacet
  facet normal 0 0 1
    outer loop
      vertex 59.59725367854694 42.21944502004272 8.1
      vertex 59.59725367854694 51.58055497995728 8.1
      vertex 59.245559771376534 51.42836343608166 8.1
    endloop
  endfacet
  facet normal 0 0 1
    outer loop
      vertex 59.93869741202046 42.04547074826757 8.1
      vertex 59.93869741202047 51.75452925173243 8.1
      vertex 59.59725367854694 51.58055497995728 8.1
    endloop
  endfacet
  facet normal 0 0 1
    outer loop
      vertex 60.268543449371876 41.85040034556229 8.1
      vertex 60.268543449371876 51.949599654437705 8.1
      vertex 59.93869741202047 51.75452925173243 8.1
    endloop
  endfacet
  facet normal 0 0 1
    outer loop
      vertex 60.585490038984084 41.63500366568718 8.1
      vertex 60.585490038984084 52.16499633431282 8.1
      vertex 60.268543449371876 51.949599654437705 8.1
    endloop
  endfacet
  facet normal 0 0 1
    outer loop
      vertex 60.88828633746701 41.400130780932315 8.1
      vertex 60.88828633746701 52.39986921906768 8.1
      vertex 60.585490038984084 52.16499633431282 8.1
    endloop
  endfacet
  facet normal 0 0 1
    outer loop
      vertex 61.175737346165 41.14670862727061 8.1
      vertex 61.175737346165 52.653291372729385 8.1
      vertex 60.88828633746701 52.39986921906768 8.1
    endloop
  endfacet
  facet normal 0 0 1
    outer loop
      vertex 62.15040034556229 19.56854344937188 8.1
      vertex 62.15040034556229 33.43145655062813 8.1
      vertex 61.93500366568718 33.11450996101591 8.1
    endloop
  endfacet
  facet normal 0 0 1
    outer loop
      vertex 62.345470748267566 19.238697412020464 8.1
      vertex 62.345470748267566 33.761302587979536 8.1
      vertex 62.15040034556229 33.43145655062813 8.1
    endloop
  endfacet
  facet normal 0 0 1
    outer loop
      vertex 62.51944502004272 18.897253678546942 8.1
      vertex 62.51944502004272 34.10274632145306 8.1
      vertex 62.345470748267566 33.761302587979536 8.1
    endloop
  endfacet
  facet normal 0 0 1
    outer loop
      vertex 62.671636563918334 18.545559771376535 8.1
      vertex 62.671636563918334 34.45444022862347 8.1
      vertex 62.51944502004272 34.10274632145306 8.1
    endloop
  endfacet
  facet normal 0 0 1
    outer loop
      vertex 62.80144474940044 18.18500366568718 8.1
      vertex 62.80144474940044 34.81499633431282 8.1
      vertex 62.671636563918334 34.45444022862347 8.1
    endloop
  endfacet
  facet normal 0 0 1
    outer loop
      vertex 62.90835728288465 17.817008311705614 8.1
      vertex 62.90835728288465 35.18299168829439 8.1
      vertex 62.80144474940044 34.81499633431282 8.1
    endloop
  endfacet
  facet normal 0 0 1
    outer loop
      vertex 62.991952229445005 17.443026018972922 8.1
      vertex 62.991952229445 35.556973981027085 8.1
      vertex 62.90835728288465 35.18299168829439 8.1
    endloop
  endfacet
  facet normal 0 0 1
    outer loop
      vertex 63.051899678018316 17.064532724742257 8.1
      vertex 63.051899678018316 35.93546727525775 8.1
      vertex 62.991952229445 35.556973981027085 8.1
    endloop
  endfacet
  facet normal 0 0 1
    outer loop
      vertex 63.08796304341246 16.68302216912881 8.1
      vertex 63.08796304341246 36.31697783087119 8.1
      vertex 63.051899678018316 35.93546727525775 8.1
    endloop
  endfacet
  facet normal 0 0 1
    outer loop
      vertex 63.1 16.3 8.1
      vertex 63.1 36.7 8.1
      vertex 63.08796304341246 36.31697783087119 8.1
    endloop
  endfacet
  facet normal 0 0 1
    outer loop
      vertex 67.10000000149012 2.899999998509884 8.1
      vertex 63.1 57.099999999999994 8.1
      vertex 63.1 36.7 8.1
    endloop
  endfacet
  facet normal 0 0 1
    outer loop
      vertex 61.70013078093231 40.58828633746701 8.1
      vertex 61.44670862727061 52.924262653834994 8.1
      vertex 61.44670862727061 40.875737346165 8.1
    endloop
  endfacet
  facet normal 0 0 1
    outer loop
      vertex 61.93500366568718 40.285490038984086 8.1
      vertex 61.70013078093231 53.211713662532986 8.1
      vertex 61.70013078093231 40.58828633746701 8.1
    endloop
  endfacet
  facet normal 0 0 1
    outer loop
      vertex 62.15040034556229 39.96854344937188 8.1
      vertex 61.93500366568718 53.51450996101591 8.1
      vertex 61.93500366568718 40.285490038984086 8.1
    endloop
  endfacet
  facet normal 0 0 1
    outer loop
      vertex 62.345470748267566 39.63869741202046 8.1
      vertex 62.15040034556229 53.83145655062812 8.1
      vertex 62.15040034556229 39.96854344937188 8.1
    endloop
  endfacet
  facet normal 0 0 1
    outer loop
      vertex 61.44670862727061 40.875737346165 8.1
      vertex 61.175737346165 52.653291372729385 8.1
      vertex 61.175737346165 41.14670862727061 8.1
    endloop
  endfacet
  facet normal 0 0 1
    outer loop
      vertex 62.51944502004272 39.297253678546944 8.1
      vertex 62.345470748267566 54.16130258797953 8.1
      vertex 62.345470748267566 39.63869741202046 8.1
    endloop
  endfacet
  facet normal 0 0 1
    outer loop
      vertex 62.671636563918334 38.94555977137654 8.1
      vertex 62.51944502004272 54.50274632145305 8.1
      vertex 62.51944502004272 39.297253678546944 8.1
    endloop
  endfacet
  facet normal 0 0 1
    outer loop
      vertex 62.80144474940044 38.58500366568718 8.1
      vertex 62.671636563918334 54.85444022862346 8.1
      vertex 62.671636563918334 38.94555977137654 8.1
    endloop
  endfacet
  facet normal 0 0 1
    outer loop
      vertex 62.90835728288465 38.21700831170562 8.1
      vertex 62.80144474940044 55.214996334312815 8.1
      vertex 62.80144474940044 38.58500366568718 8.1
    endloop
  endfacet
  facet normal 0 0 1
    outer loop
      vertex 62.991952229445005 37.84302601897292 8.1
      vertex 62.90835728288465 55.582991688294385 8.1
      vertex 62.90835728288465 38.21700831170562 8.1
    endloop
  endfacet
  facet normal 0 0 1
    outer loop
      vertex 63.051899678018316 37.464532724742256 8.1
      vertex 62.991952229445 55.956973981027076 8.1
      vertex 62.991952229445005 37.84302601897292 8.1
    endloop
  endfacet
  facet normal 0 0 1
    outer loop
      vertex 63.1 36.7 8.1
      vertex 63.08796304341246 56.71697783087118 8.1
      vertex 63.08796304341246 37.08302216912882 8.1
    endloop
  endfacet
  facet normal 0 0 1
    outer loop
      vertex 63.08796304341246 37.08302216912882 8.1
      vertex 63.051899678018316 56.33546727525774 8.1
      vertex 63.051899678018316 37.464532724742256 8.1
    endloop
  endfacet
  facet normal 0 0 1
    outer loop
      vertex 61.44670862727061 40.875737346165 8.1
      vertex 61.44670862727061 52.924262653834994 8.1
      vertex 61.175737346165 52.653291372729385 8.1
    endloop
  endfacet
  facet normal 0 0 1
    outer loop
      vertex 61.70013078093231 40.58828633746701 8.1
      vertex 61.70013078093231 53.211713662532986 8.1
      vertex 61.44670862727061 52.924262653834994 8.1
    endloop
  endfacet
  facet normal 0 0 1
    outer loop
      vertex 61.93500366568718 40.285490038984086 8.1
      vertex 61.93500366568718 53.51450996101591 8.1
      vertex 61.70013078093231 53.211713662532986 8.1
    endloop
  endfacet
  facet normal 0 0 1
    outer loop
      vertex 62.15040034556229 39.96854344937188 8.1
      vertex 62.15040034556229 53.83145655062812 8.1
      vertex 61.93500366568718 53.51450996101591 8.1
    endloop
  endfacet
  facet normal 0 0 1
    outer loop
      vertex 62.345470748267566 39.63869741202046 8.1
      vertex 62.345470748267566 54.16130258797953 8.1
      vertex 62.15040034556229 53.83145655062812 8.1
    endloop
  endfacet
  facet normal 0 0 1
    outer loop
      vertex 62.51944502004272 39.297253678546944 8.1
      vertex 62.51944502004272 54.50274632145305 8.1
      vertex 62.345470748267566 54.16130258797953 8.1
    endloop
  endfacet
  facet normal 0 0 1
    outer loop
      vertex 62.671636563918334 38.94555977137654 8.1
      vertex 62.671636563918334 54.85444022862346 8.1
      vertex 62.51944502004272 54.50274632145305 8.1
    endloop
  endfacet
  facet normal 0 0 1
    outer loop
      vertex 62.80144474940044 38.58500366568718 8.1
      vertex 62.80144474940044 55.214996334312815 8.1
      vertex 62.671636563918334 54.85444022862346 8.1
    endloop
  endfacet
  facet normal 0 0 1
    outer loop
      vertex 62.90835728288465 38.21700831170562 8.1
      vertex 62.90835728288465 55.582991688294385 8.1
      vertex 62.80144474940044 55.214996334312815 8.1
    endloop
  endfacet
  facet normal 0 0 1
    outer loop
      vertex 62.991952229445005 37.84302601897292 8.1
      vertex 62.991952229445 55.956973981027076 8.1
      vertex 62.90835728288465 55.582991688294385 8.1
    endloop
  endfacet
  facet normal 0 0 1
    outer loop
      vertex 63.051899678018316 37.464532724742256 8.1
      vertex 63.051899678018316 56.33546727525774 8.1
      vertex 62.991952229445 55.956973981027076 8.1
    endloop
  endfacet
  facet normal 0 0 1
    outer loop
      vertex 63.08796304341246 37.08302216912882 8.1
      vertex 63.08796304341246 56.71697783087118 8.1
      vertex 63.051899678018316 56.33546727525774 8.1
    endloop
  endfacet
  facet normal 0 0 1
    outer loop
      vertex 63.1 36.7 8.1
      vertex 63.1 57.099999999999994 8.1
      vertex 63.08796304341246 56.71697783087118 8.1
    endloop
  endfacet
  facet normal 0 0 1
    outer loop
      vertex 67.10000000149012 2.899999998509884 8.1
      vertex 67.10000000149012 111.90000000149011 8.1
      vertex 63.1 57.099999999999994 8.1
    endloop
  endfacet
  facet normal 0 0 -1
    outer loop
      vertex 68.5 113.3 0
      vertex 66.5 111.3 0
      vertex 3.5 111.3 0
    endloop
  endfacet
  facet normal 0 1 0
    outer loop
      vertex 70 114.8 5.200000001490116
      vertex 70 114.8 3.0999999999999996
      vertex 0 114.8 3.0999999999999996
    endloop
  endfacet
  facet normal 1 0 0
    outer loop
      vertex 70 72.8 3.0999999999999996
      vertex 70 77.8 3.0999999999999996
      vertex 70 77.8 4.6
    endloop
  endfacet
  facet normal 0 0 -1
    outer loop
      vertex 66.5 103.8 0
      vertex 66.5 111.3 0
      vertex 68.5 103.8 0
    endloop
  endfacet
  facet normal 0 0 -1
    outer loop
      vertex 68.5 113.3 0
      vertex 68.5 103.8 0
      vertex 66.5 111.3 0
    endloop
  endfacet
  facet normal 1 0 0
    outer loop
      vertex 70 103.8 3.0999999999999996
      vertex 70 98.8 4.6
      vertex 70 98.8 3.0999999999999996
    endloop
  endfacet
  facet normal 1 0 0
    outer loop
      vertex 70 114.8 5.200000001490116
      vertex 70 103.8 3.0999999999999996
      vertex 70 114.8 3.0999999999999996
    endloop
  endfacet
  facet normal 0 0 1
    outer loop
      vertex 35.633022169128814 63.18796304341245 8.1
      vertex 34.66987298429012 72.708 8.1
      vertex 35.25 63.199999999999996 8.1
    endloop
  endfacet
  facet normal 0 0 1
    outer loop
      vertex 36.01453272474225 63.15189967801831 8.1
      vertex 34.66987298429012 72.708 8.1
      vertex 35.633022169128814 63.18796304341245 8.1
    endloop
  endfacet
  facet normal 0 0 1
    outer loop
      vertex 36.39302601897292 63.091952229445 8.1
      vertex 34.66987298429012 72.708 8.1
      vertex 36.01453272474225 63.15189967801831 8.1
    endloop
  endfacet
  facet normal 0 0 1
    outer loop
      vertex 36.39302601897292 63.091952229445 8.1
      vertex 39 70.208 8.1
      vertex 34.66987298429012 72.708 8.1
    endloop
  endfacet
  facet normal 0 0 1
    outer loop
      vertex 36.76700831170562 63.008357282884646 8.1
      vertex 39 70.208 8.1
      vertex 36.39302601897292 63.091952229445 8.1
    endloop
  endfacet
  facet normal 0 0 1
    outer loop
      vertex 37.13500366568718 62.90144474940043 8.1
      vertex 39 70.208 8.1
      vertex 36.76700831170562 63.008357282884646 8.1
    endloop
  endfacet
  facet normal 0 0 1
    outer loop
      vertex 37.495559771376534 62.77163656391833 8.1
      vertex 39 70.208 8.1
      vertex 37.13500366568718 62.90144474940043 8.1
    endloop
  endfacet
  facet normal 0 0 1
    outer loop
      vertex 37.84725367854694 62.61944502004271 8.1
      vertex 39 70.208 8.1
      vertex 37.495559771376534 62.77163656391833 8.1
    endloop
  endfacet
  facet normal 0 0 1
    outer loop
      vertex 38.18869741202046 62.44547074826756 8.1
      vertex 39 70.208 8.1
      vertex 37.84725367854694 62.61944502004271 8.1
    endloop
  endfacet
  facet normal 0 0 1
    outer loop
      vertex 38.18869741202046 62.44547074826756 8.1
      vertex 43.33012701570988 72.708 8.1
      vertex 39 70.208 8.1
    endloop
  endfacet
  facet normal 0 0 1
    outer loop
      vertex 32.504809468984604 77.708 8.1
      vertex 34.66987298429012 77.708 8.1
      vertex 39 80.208 8.1
    endloop
  endfacet
  facet normal 0 0 1
    outer loop
      vertex 32.504809468984604 77.708 8.1
      vertex 39 80.208 8.1
      vertex 33.58734122663736 79.583 8.1
    endloop
  endfacet
  facet normal 0 0 1
    outer loop
      vertex 39 80.208 8.1
      vertex 37.91746824234724 82.083 8.1
      vertex 33.58734122663736 79.583 8.1
    endloop
  endfacet
  facet normal 0 0 1
    outer loop
      vertex 43.33012701570988 77.708 8.1
      vertex 37.91746824234724 82.083 8.1
      vertex 39 80.208 8.1
    endloop
  endfacet
  facet normal 0 0 1
    outer loop
      vertex 37.91746824234724 82.083 8.1
      vertex 43.33012701570988 77.708 8.1
      vertex 37.91746824234724 87.083 8.1
    endloop
  endfacet
  facet normal 0 0 1
    outer loop
      vertex 37.91746824234724 87.083 8.1
      vertex 43.33012701570988 77.708 8.1
      vertex 39 88.958 8.1
    endloop
  endfacet
  facet normal 0 0 1
    outer loop
      vertex 43.33012701570988 77.708 8.1
      vertex 43.33012701570988 91.458 8.1
      vertex 39 88.958 8.1
    endloop
  endfacet
  facet normal 0 0 1
    outer loop
      vertex 41.33796304341246 57.48302216912881 8.1
      vertex 50.948100321981684 57.86453272474225 8.1
      vertex 41.301899678018316 57.86453272474225 8.1
    endloop
  endfacet
  facet normal 0 0 1
    outer loop
      vertex 41.301899678018316 57.86453272474225 8.1
      vertex 51.008047770555 58.24302601897291 8.1
      vertex 41.241952229445005 58.24302601897291 8.1
    endloop
  endfacet
  facet normal 0 0 1
    outer loop
      vertex 41.241952229445005 58.24302601897291 8.1
      vertex 51.09164271711535 58.61700831170561 8.1
      vertex 41.15835728288465 58.61700831170561 8.1
    endloop
  endfacet
  facet normal 0 0 1
    outer loop
      vertex 41.15835728288465 58.61700831170561 8.1
      vertex 51.19855525059956 58.985003665687174 8.1
      vertex 41.05144474940044 58.985003665687174 8.1
    endloop
  endfacet
  facet normal 0 0 1
    outer loop
      vertex 41.05144474940044 58.985003665687174 8.1
      vertex 51.328363436081666 59.34555977137653 8.1
      vertex 40.921636563918334 59.34555977137653 8.1
    endloop
  endfacet
  facet normal 0 0 1
    outer loop
      vertex 41.33796304341246 57.48302216912881 8.1
      vertex 50.91203695658754 57.48302216912881 8.1
      vertex 50.948100321981684 57.86453272474225 8.1
    endloop
  endfacet
  facet normal 0 0 1
    outer loop
      vertex 41.301899678018316 57.86453272474225 8.1
      vertex 50.948100321981684 57.86453272474225 8.1
      vertex 51.008047770555 58.24302601897291 8.1
    endloop
  endfacet
  facet normal 0 0 1
    outer loop
      vertex 41.241952229445005 58.24302601897291 8.1
      vertex 51.008047770555 58.24302601897291 8.1
      vertex 51.09164271711535 58.61700831170561 8.1
    endloop
  endfacet
  facet normal 0 0 1
    outer loop
      vertex 41.15835728288465 58.61700831170561 8.1
      vertex 51.09164271711535 58.61700831170561 8.1
      vertex 51.19855525059956 58.985003665687174 8.1
    endloop
  endfacet
  facet normal 0 0 1
    outer loop
      vertex 41.05144474940044 58.985003665687174 8.1
      vertex 51.19855525059956 58.985003665687174 8.1
      vertex 51.328363436081666 59.34555977137653 8.1
    endloop
  endfacet
  facet normal 0 0 1
    outer loop
      vertex 51.48055497995728 59.697253678546936 8.1
      vertex 40.921636563918334 59.34555977137653 8.1
      vertex 51.328363436081666 59.34555977137653 8.1
    endloop
  endfacet
  facet normal 0 0 1
    outer loop
      vertex 51.654529251732434 60.03869741202046 8.1
      vertex 40.921636563918334 59.34555977137653 8.1
      vertex 51.48055497995728 59.697253678546936 8.1
    endloop
  endfacet
  facet normal 0 0 1
    outer loop
      vertex 51.84959965443771 60.36854344937188 8.1
      vertex 40.921636563918334 59.34555977137653 8.1
      vertex 51.654529251732434 60.03869741202046 8.1
    endloop
  endfacet
  facet normal 0 0 1
    outer loop
      vertex 52.06499633431282 60.68549003898408 8.1
      vertex 40.921636563918334 59.34555977137653 8.1
      vertex 51.84959965443771 60.36854344937188 8.1
    endloop
  endfacet
  facet normal 0 0 1
    outer loop
      vertex 52.29986921906769 60.988286337467 8.1
      vertex 40.921636563918334 59.34555977137653 8.1
      vertex 52.06499633431282 60.68549003898408 8.1
    endloop
  endfacet
  facet normal 0 0 1
    outer loop
      vertex 52.55329137272939 61.275737346164995 8.1
      vertex 40.921636563918334 59.34555977137653 8.1
      vertex 52.29986921906769 60.988286337467 8.1
    endloop
  endfacet
  facet normal 0 0 1
    outer loop
      vertex 52.824262653835 61.546708627270604 8.1
      vertex 40.921636563918334 59.34555977137653 8.1
      vertex 52.55329137272939 61.275737346164995 8.1
    endloop
  endfacet
  facet normal 0 0 1
    outer loop
      vertex 53.11171366253299 61.80013078093231 8.1
      vertex 40.921636563918334 59.34555977137653 8.1
      vertex 52.824262653835 61.546708627270604 8.1
    endloop
  endfacet
  facet normal 0 0 1
    outer loop
      vertex 53.414509961015916 62.03500366568717 8.1
      vertex 40.921636563918334 59.34555977137653 8.1
      vertex 53.11171366253299 61.80013078093231 8.1
    endloop
  endfacet
  facet normal 0 0 1
    outer loop
      vertex 53.73145655062812 62.250400345562284 8.1
      vertex 40.921636563918334 59.34555977137653 8.1
      vertex 53.414509961015916 62.03500366568717 8.1
    endloop
  endfacet
  facet normal 0 0 1
    outer loop
      vertex 54.06130258797954 62.44547074826756 8.1
      vertex 40.921636563918334 59.34555977137653 8.1
      vertex 53.73145655062812 62.250400345562284 8.1
    endloop
  endfacet
  facet normal 0 0 1
    outer loop
      vertex 54.40274632145306 62.61944502004271 8.1
      vertex 40.921636563918334 59.34555977137653 8.1
      vertex 54.06130258797954 62.44547074826756 8.1
    endloop
  endfacet
  facet normal 0 0 1
    outer loop
      vertex 67.10000000149012 111.90000000149011 8.1
      vertex 38.18869741202046 62.44547074826756 8.1
      vertex 38.518543449371876 62.250400345562284 8.1
    endloop
  endfacet
  facet normal 0 0 1
    outer loop
      vertex 67.10000000149012 111.90000000149011 8.1
      vertex 38.518543449371876 62.250400345562284 8.1
      vertex 38.835490038984084 62.03500366568717 8.1
    endloop
  endfacet
  facet normal 0 0 1
    outer loop
      vertex 67.10000000149012 111.90000000149011 8.1
      vertex 38.835490038984084 62.03500366568717 8.1
      vertex 39.13828633746701 61.80013078093231 8.1
    endloop
  endfacet
  facet normal 0 0 1
    outer loop
      vertex 67.10000000149012 111.90000000149011 8.1
      vertex 39.13828633746701 61.80013078093231 8.1
      vertex 39.425737346165 61.546708627270604 8.1
    endloop
  endfacet
  facet normal 0 0 1
    outer loop
      vertex 67.10000000149012 111.90000000149011 8.1
      vertex 39.95013078093231 60.988286337467 8.1
      vertex 40.18500366568718 60.68549003898408 8.1
    endloop
  endfacet
  facet normal 0 0 1
    outer loop
      vertex 67.10000000149012 111.90000000149011 8.1
      vertex 39.425737346165 61.546708627270604 8.1
      vertex 39.69670862727061 61.275737346164995 8.1
    endloop
  endfacet
  facet normal 0 0 1
    outer loop
      vertex 67.10000000149012 111.90000000149011 8.1
      vertex 39.69670862727061 61.275737346164995 8.1
      vertex 39.95013078093231 60.988286337467 8.1
    endloop
  endfacet
  facet normal 0 0 1
    outer loop
      vertex 67.10000000149012 111.90000000149011 8.1
      vertex 40.76944502004272 59.697253678546936 8.1
      vertex 40.921636563918334 59.34555977137653 8.1
    endloop
  endfacet
  facet normal 0 0 1
    outer loop
      vertex 67.10000000149012 111.90000000149011 8.1
      vertex 40.595470748267566 60.038697412020454 8.1
      vertex 40.76944502004272 59.697253678546936 8.1
    endloop
  endfacet
  facet normal 0 0 1
    outer loop
      vertex 67.10000000149012 111.90000000149011 8.1
      vertex 40.40040034556229 60.36854344937187 8.1
      vertex 40.595470748267566 60.038697412020454 8.1
    endloop
  endfacet
  facet normal 0 0 1
    outer loop
      vertex 67.10000000149012 111.90000000149011 8.1
      vertex 40.18500366568718 60.68549003898408 8.1
      vertex 40.40040034556229 60.36854344937187 8.1
    endloop
  endfacet
  facet normal 0 0 1
    outer loop
      vertex 67.10000000149012 111.90000000149011 8.1
      vertex 43.33012701570988 72.708 8.1
      vertex 38.18869741202046 62.44547074826756 8.1
    endloop
  endfacet
  facet normal 0 1 0
    outer loop
      vertex 70 114.8 5.200000001490116
      vertex 0 114.8 3.0999999999999996
      vertex 69.99686705798158 114.8 5.200000001490116
    endloop
  endfacet
  facet normal 0 0 1
    outer loop
      vertex 33.58734122663736 89.583 8.1
      vertex 37.91746824234724 87.083 8.1
      vertex 34.66987298429012 91.458 8.1
    endloop
  endfacet
  facet normal 0 0 1
    outer loop
      vertex 37.91746824234724 87.083 8.1
      vertex 39 88.958 8.1
      vertex 34.66987298429012 91.458 8.1
    endloop
  endfacet
  facet normal 0 0 1
    outer loop
      vertex 39 98.958 8.1
      vertex 33.58734122663736 98.333 8.1
      vertex 34.66987298429012 96.458 8.1
    endloop
  endfacet
  facet normal 0 0 1
    outer loop
      vertex 39 98.958 8.1
      vertex 37.91746824234724 100.833 8.1
      vertex 33.58734122663736 98.333 8.1
    endloop
  endfacet
  facet normal 0 0 1
    outer loop
      vertex 67.10000000149012 111.90000000149011 8.1
      vertex 43.33012701570988 77.708 8.1
      vertex 43.33012701570988 72.708 8.1
    endloop
  endfacet
  facet normal 0 0 1
    outer loop
      vertex 67.10000000149012 111.90000000149011 8.1
      vertex 43.33012701570988 91.458 8.1
      vertex 43.33012701570988 77.708 8.1
    endloop
  endfacet
  facet normal 0 0 1
    outer loop
      vertex 67.10000000149012 111.90000000149011 8.1
      vertex 43.33012701570988 96.458 8.1
      vertex 43.33012701570988 91.458 8.1
    endloop
  endfacet
  facet normal 0 0 1
    outer loop
      vertex 67.10000000149012 111.90000000149011 8.1
      vertex 37.91746824234724 100.833 8.1
      vertex 39 98.958 8.1
    endloop
  endfacet
  facet normal 0 0 1
    outer loop
      vertex 67.10000000149012 111.90000000149011 8.1
      vertex 37.91746824234724 105.833 8.1
      vertex 37.91746824234724 100.833 8.1
    endloop
  endfacet
  facet normal 0 0 1
    outer loop
      vertex 67.10000000149012 111.90000000149011 8.1
      vertex 33.58734122663736 108.333 8.1
      vertex 37.91746824234724 105.833 8.1
    endloop
  endfacet
  facet normal 0 0 1
    outer loop
      vertex 67.10000000149012 111.90000000149011 8.1
      vertex 39 98.958 8.1
      vertex 43.33012701570988 96.458 8.1
    endloop
  endfacet
  facet normal 1 0 0
    outer loop
      vertex 70 0 5.200000001490116
      vertex 70 77.8 4.6
      vertex 70 98.8 4.6
    endloop
  endfacet
  facet normal 1 0 0
    outer loop
      vertex 70 0 5.200000001490116
      vertex 70 98.8 4.6
      vertex 70 114.8 5.200000001490116
    endloop
  endfacet
  facet normal 0 0 1
    outer loop
      vertex 67.10000000149012 111.90000000149011 8.1
      vertex 40.921636563918334 59.34555977137653 8.1
      vertex 54.40274632145306 62.61944502004271 8.1
    endloop
  endfacet
  facet normal 0 0 1
    outer loop
      vertex 67.10000000149012 111.90000000149011 8.1
      vertex 54.40274632145306 62.61944502004271 8.1
      vertex 54.754440228623466 62.77163656391833 8.1
    endloop
  endfacet
  facet normal 0 0 1
    outer loop
      vertex 67.10000000149012 111.90000000149011 8.1
      vertex 54.754440228623466 62.77163656391833 8.1
      vertex 55.11499633431282 62.90144474940043 8.1
    endloop
  endfacet
  facet normal 0 0 1
    outer loop
      vertex 67.10000000149012 111.90000000149011 8.1
      vertex 55.11499633431282 62.90144474940043 8.1
      vertex 55.48299168829438 63.008357282884646 8.1
    endloop
  endfacet
  facet normal 0 0 1
    outer loop
      vertex 67.10000000149012 111.90000000149011 8.1
      vertex 55.48299168829438 63.008357282884646 8.1
      vertex 55.85697398102708 63.091952229445 8.1
    endloop
  endfacet
  facet normal 0 0 1
    outer loop
      vertex 67.10000000149012 111.90000000149011 8.1
      vertex 55.85697398102708 63.091952229445 8.1
      vertex 56.23546727525775 63.15189967801831 8.1
    endloop
  endfacet
  facet normal 0 0 1
    outer loop
      vertex 67.10000000149012 111.90000000149011 8.1
      vertex 56.23546727525775 63.15189967801831 8.1
      vertex 56.616977830871186 63.18796304341245 8.1
    endloop
  endfacet
  facet normal 0 0 1
    outer loop
      vertex 67.10000000149012 111.90000000149011 8.1
      vertex 56.616977830871186 63.18796304341245 8.1
      vertex 57 63.199999999999996 8.1
    endloop
  endfacet
  facet normal 0 0 1
    outer loop
      vertex 67.10000000149012 111.90000000149011 8.1
      vertex 57 63.199999999999996 8.1
      vertex 57.383022169128814 63.18796304341245 8.1
    endloop
  endfacet
  facet normal 0 0 1
    outer loop
      vertex 67.10000000149012 111.90000000149011 8.1
      vertex 57.383022169128814 63.18796304341245 8.1
      vertex 57.76453272474225 63.15189967801831 8.1
    endloop
  endfacet
  facet normal 0 0 1
    outer loop
      vertex 67.10000000149012 111.90000000149011 8.1
      vertex 57.76453272474225 63.15189967801831 8.1
      vertex 58.14302601897292 63.091952229445 8.1
    endloop
  endfacet
  facet normal 0 0 1
    outer loop
      vertex 67.10000000149012 111.90000000149011 8.1
      vertex 59.93869741202046 62.44547074826756 8.1
      vertex 60.268543449371876 62.250400345562284 8.1
    endloop
  endfacet
  facet normal 0 0 1
    outer loop
      vertex 67.10000000149012 111.90000000149011 8.1
      vertex 60.268543449371876 62.250400345562284 8.1
      vertex 60.585490038984084 62.03500366568717 8.1
    endloop
  endfacet
  facet normal 0 0 1
    outer loop
      vertex 67.10000000149012 111.90000000149011 8.1
      vertex 60.585490038984084 62.03500366568717 8.1
      vertex 60.88828633746701 61.80013078093231 8.1
    endloop
  endfacet
  facet normal 0 0 1
    outer loop
      vertex 67.10000000149012 111.90000000149011 8.1
      vertex 60.88828633746701 61.80013078093231 8.1
      vertex 61.175737346165 61.546708627270604 8.1
    endloop
  endfacet
  facet normal 0 0 1
    outer loop
      vertex 67.10000000149012 111.90000000149011 8.1
      vertex 61.175737346165 61.546708627270604 8.1
      vertex 61.44670862727061 61.275737346164995 8.1
    endloop
  endfacet
  facet normal 0 0 1
    outer loop
      vertex 67.10000000149012 111.90000000149011 8.1
      vertex 61.44670862727061 61.275737346164995 8.1
      vertex 61.70013078093231 60.988286337467 8.1
    endloop
  endfacet
  facet normal 0 0 1
    outer loop
      vertex 67.10000000149012 111.90000000149011 8.1
      vertex 63.08796304341246 57.48302216912881 8.1
      vertex 63.1 57.099999999999994 8.1
    endloop
  endfacet
  facet normal 0 0 1
    outer loop
      vertex 67.10000000149012 111.90000000149011 8.1
      vertex 63.051899678018316 57.86453272474225 8.1
      vertex 63.08796304341246 57.48302216912881 8.1
    endloop
  endfacet
  facet normal 0 0 1
    outer loop
      vertex 67.10000000149012 111.90000000149011 8.1
      vertex 62.991952229445005 58.24302601897291 8.1
      vertex 63.051899678018316 57.86453272474225 8.1
    endloop
  endfacet
  facet normal 0 0 1
    outer loop
      vertex 67.10000000149012 111.90000000149011 8.1
      vertex 62.51944502004272 59.697253678546936 8.1
      vertex 62.671636563918334 59.34555977137653 8.1
    endloop
  endfacet
  facet normal 0 0 1
    outer loop
      vertex 67.10000000149012 111.90000000149011 8.1
      vertex 62.671636563918334 59.34555977137653 8.1
      vertex 62.80144474940044 58.985003665687174 8.1
    endloop
  endfacet
  facet normal 0 0 1
    outer loop
      vertex 67.10000000149012 111.90000000149011 8.1
      vertex 62.90835728288465 58.61700831170561 8.1
      vertex 62.991952229445005 58.24302601897291 8.1
    endloop
  endfacet
  facet normal 0 0 1
    outer loop
      vertex 67.10000000149012 111.90000000149011 8.1
      vertex 62.80144474940044 58.985003665687174 8.1
      vertex 62.90835728288465 58.61700831170561 8.1
    endloop
  endfacet
  facet normal 0 0 1
    outer loop
      vertex 67.10000000149012 111.90000000149011 8.1
      vertex 61.70013078093231 60.988286337467 8.1
      vertex 61.93500366568718 60.68549003898408 8.1
    endloop
  endfacet
  facet normal 0 0 1
    outer loop
      vertex 67.10000000149012 111.90000000149011 8.1
      vertex 62.15040034556229 60.36854344937187 8.1
      vertex 62.345470748267566 60.038697412020454 8.1
    endloop
  endfacet
  facet normal 0 0 1
    outer loop
      vertex 67.10000000149012 111.90000000149011 8.1
      vertex 61.93500366568718 60.68549003898408 8.1
      vertex 62.15040034556229 60.36854344937187 8.1
    endloop
  endfacet
  facet normal 0 0 1
    outer loop
      vertex 67.10000000149012 111.90000000149011 8.1
      vertex 62.345470748267566 60.038697412020454 8.1
      vertex 62.51944502004272 59.697253678546936 8.1
    endloop
  endfacet
  facet normal 0 0 1
    outer loop
      vertex 67.10000000149012 111.90000000149011 8.1
      vertex 58.14302601897292 63.091952229445 8.1
      vertex 58.51700831170562 63.008357282884646 8.1
    endloop
  endfacet
  facet normal 0 0 1
    outer loop
      vertex 67.10000000149012 111.90000000149011 8.1
      vertex 58.51700831170562 63.008357282884646 8.1
      vertex 58.88500366568718 62.90144474940043 8.1
    endloop
  endfacet
  facet normal 0 0 1
    outer loop
      vertex 67.10000000149012 111.90000000149011 8.1
      vertex 58.88500366568718 62.90144474940043 8.1
      vertex 59.245559771376534 62.77163656391833 8.1
    endloop
  endfacet
  facet normal 0 0 1
    outer loop
      vertex 67.10000000149012 111.90000000149011 8.1
      vertex 59.245559771376534 62.77163656391833 8.1
      vertex 59.59725367854694 62.61944502004271 8.1
    endloop
  endfacet
  facet normal 0 0 1
    outer loop
      vertex 67.10000000149012 111.90000000149011 8.1
      vertex 59.59725367854694 62.61944502004271 8.1
      vertex 59.93869741202046 62.44547074826756 8.1
    endloop
  endfacet
  facet normal 1 0 0
    outer loop
      vertex 70 114.8 5.200000001490116
      vertex 70 98.8 4.6
      vertex 70 103.8 3.0999999999999996
    endloop
  endfacet
  facet normal 0 0 1
    outer loop
      vertex 0.003142625093460083 0.0030930998977462686 5.200000001490116
      vertex 0.003142625093460083 0.003142625093460083 5.200000001490116
      vertex 0 0 5.200000001490116
    endloop
  endfacet
  facet normal 0 0 1
    outer loop
      vertex 0.003142625093460083 0.003142625093460083 5.200000001490116
      vertex 0.003142625093460083 114.79685736745596 5.200000001490116
      vertex 0 0 5.200000001490116
    endloop
  endfacet
  facet normal -0.999506560059708 0 0.03141076881595747
    outer loop
      vertex 0.003142625093460083 0.003142625093460083 5.200000001490116
      vertex 0.005919814109802246 0.005919814109802246 5.288371561467647
      vertex 0.005919814109802246 114.7940801858902 5.288371561467647
    endloop
  endfacet
  facet normal -0.9955619629242154 0 0.09410833107904502
    outer loop
      vertex 0.005919814109802246 0.005919814109802246 5.288371561467647
      vertex 0.023655898869037628 0.023655898869037628 5.475999704003334
      vertex 0.023655898869037628 114.77634410113096 5.475999704003334
    endloop
  endfacet
  facet normal -0.9876883418662116 0 0.1564344570149861
    outer loop
      vertex 0.023655898869037628 0.023655898869037628 5.475999704003334
      vertex 0.05313824862241745 0.05313824862241745 5.662143944203853
      vertex 0.05313824862241745 114.74686175137758 5.662143944203853
    endloop
  endfacet
  facet normal -0.9759167646423225 0 0.21814322930144278
    outer loop
      vertex 0.05313824862241745 0.05313824862241745 5.662143944203853
      vertex 0.09425051510334015 0.09425051510334015 5.84606966227293
      vertex 0.09425051510334015 114.70574948489666 5.84606966227293
    endloop
  endfacet
  facet normal -0.9602936793776121 0 0.27899112772166756
    outer loop
      vertex 0.09425051510334015 0.09425051510334015 5.84606966227293
      vertex 0.1468304544687271 0.1468304544687271 6.027050985395908
      vertex 0.1468304544687271 114.65316954553127 6.027050985395908
    endloop
  endfacet
  facet normal -0.9408807664376627 0 0.33873792723531293
    outer loop
      vertex 0.1468304544687271 0.1468304544687271 6.027050985395908
      vertex 0.21067054569721222 0.21067054569721222 6.204373656213283
      vertex 0.21067054569721222 114.58932945430278 6.204373656213283
    endloop
  endfacet
  facet normal -0.9177546361640466 0 0.3971478664167774
    outer loop
      vertex 0.21067054569721222 0.21067054569721222 6.204373656213283
      vertex 0.2855188399553299 0.2855188399553299 6.377337871491909
      vertex 0.2855188399553299 114.51448116004467 6.377337871491909
    endloop
  endfacet
  facet normal -0.8910065257143385 0 0.45399049674466085
    outer loop
      vertex 0.2855188399553299 0.2855188399553299 6.377337871491909
      vertex 0.3710799589753151 0.3710799589753151 6.5452610239386555
      vertex 0.3710799589753151 114.42892004102468 6.5452610239386555
    endloop
  endfacet
  facet normal -0.8607420298635949 0 0.509041410914965
    outer loop
      vertex 0.3710799589753151 0.3710799589753151 6.5452610239386555
      vertex 0.46701622009277344 0.46701622009277344 6.707480384409427
      vertex 0.46701622009277344 114.33298377990722 6.707480384409427
    endloop
  endfacet
  facet normal -0.8270805680771316 0 0.5620833869713721
    outer loop
      vertex 0.46701622009277344 0.46701622009277344 6.707480384409427
      vertex 0.5729490146040916 0.5729490146040916 6.863355754315853
      vertex 0.5729490146040916 114.2270509853959 6.863355754315853
    endloop
  endfacet
  facet normal -0.7901550204270125 0 0.6129070432732743
    outer loop
      vertex 0.5729490146040916 0.5729490146040916 6.863355754315853
      vertex 0.6884602680802345 0.6884602680802345 7.012271969020366
      vertex 0.6884602680802345 114.11153973191976 7.012271969020366
    endloop
  endfacet
  facet normal -0.7501110667550432 0 0.6613118685851715
    outer loop
      vertex 0.6884602680802345 0.6884602680802345 7.012271969020366
      vertex 0.8130941167473793 0.8130941167473793 7.153641319274902
      vertex 0.8130941167473793 113.98690588325262 7.153641319274902
    endloop
  endfacet
  facet normal -0.7071067811865475 0 0.7071067811865475
    outer loop
      vertex 0.8130941167473793 0.8130941167473793 7.153641319274902
      vertex 0.9463586807250977 0.9463586807250977 7.28690588325262
      vertex 0.9463586807250977 113.8536413192749 7.28690588325262
    endloop
  endfacet
  facet normal -0.6613118685851717 0 0.7501110667550432
    outer loop
      vertex 0.9463586807250977 0.9463586807250977 7.28690588325262
      vertex 1.0877280309796333 1.0877280309796333 7.411539731919765
      vertex 1.0877280309796333 113.71227196902036 7.411539731919765
    endloop
  endfacet
  facet normal -0.6129070432732744 0 0.7901550204270126
    outer loop
      vertex 1.0877280309796333 1.0877280309796333 7.411539731919765
      vertex 1.2366442456841469 1.2366442456841469 7.527050985395908
      vertex 1.2366442456841469 113.56335575431585 7.527050985395908
    endloop
  endfacet
  facet normal -0.5620833869713721 0 0.8270805680771317
    outer loop
      vertex 1.2366442456841469 1.2366442456841469 7.527050985395908
      vertex 1.3925196155905724 1.3925196155905724 7.632983779907226
      vertex 1.3925196155905724 113.40748038440942 7.632983779907226
    endloop
  endfacet
  facet normal -0.509041410914965 0 0.8607420298635949
    outer loop
      vertex 1.3925196155905724 1.3925196155905724 7.632983779907226
      vertex 1.5547389760613441 1.5547389760613441 7.7289200410246846
      vertex 1.5547389760613441 113.24526102393865 7.7289200410246846
    endloop
  endfacet
  facet normal -0.45399049674466085 0 0.8910065257143384
    outer loop
      vertex 1.5547389760613441 1.5547389760613441 7.7289200410246846
      vertex 1.722662128508091 1.722662128508091 7.81448116004467
      vertex 1.722662128508091 113.0773378714919 7.81448116004467
    endloop
  endfacet
  facet normal -0.3971478664167774 0 0.9177546361640466
    outer loop
      vertex 1.722662128508091 1.722662128508091 7.81448116004467
      vertex 1.8956263437867165 1.8956263437867165 7.889329454302787
      vertex 1.8956263437867165 112.90437365621328 7.889329454302787
    endloop
  endfacet
  facet normal -0.33873792723531293 0 0.9408807664376627
    outer loop
      vertex 1.8956263437867165 1.8956263437867165 7.889329454302787
      vertex 2.0729490146040916 2.0729490146040916 7.9531695455312725
      vertex 2.0729490146040916 112.7270509853959 7.9531695455312725
    endloop
  endfacet
  facet normal -0.27899112772166756 0 0.9602936793776122
    outer loop
      vertex 2.0729490146040916 2.0729490146040916 7.9531695455312725
      vertex 2.25393033772707 2.25393033772707 8.00574948489666
      vertex 2.25393033772707 112.54606966227293 8.00574948489666
    endloop
  endfacet
  facet normal -0.21814322930144278 0 0.9759167646423225
    outer loop
      vertex 2.25393033772707 2.25393033772707 8.00574948489666
      vertex 2.4378560557961464 2.4378560557961464 8.046861751377582
      vertex 2.4378560557961464 112.36214394420385 8.046861751377582
    endloop
  endfacet
  facet normal -0.15643445701498612 0 0.9876883418662117
    outer loop
      vertex 2.4378560557961464 2.4378560557961464 8.046861751377582
      vertex 2.624000295996666 2.624000295996666 8.076344101130962
      vertex 2.624000295996666 112.17599970400333 8.076344101130962
    endloop
  endfacet
  facet normal -0.09410833107904504 0 0.9955619629242154
    outer loop
      vertex 2.624000295996666 2.624000295996666 8.076344101130962
      vertex 2.8116284385323524 2.8116284385323524 8.094080185890197
      vertex 2.8116284385323524 111.98837156146764 8.094080185890197
    endloop
  endfacet
  facet normal -0.03141068463099086 0 0.9995065627053243
    outer loop
      vertex 2.8116284385323524 2.8116284385323524 8.094080185890197
      vertex 2.899999998509884 2.899999998509884 8.096857367455959
      vertex 2.899999998509884 111.90000023857135 8.096857367455959
    endloop
  endfacet
  facet normal -1 0 0
    outer loop
      vertex 2.899999998509884 2.899999998509884 8.096857367455959
      vertex 2.899999998509884 2.899999998509884 8.1
      vertex 2.899999998509884 111.90000000149011 8.09685737490654
    endloop
  endfacet
  facet normal 0 0 1
    outer loop
      vertex 0 0 5.200000001490116
      vertex 0.003142625093460083 114.79685736745596 5.200000001490116
      vertex 0 114.8 5.200000001490116
    endloop
  endfacet
  facet normal -0.999506560059708 0 0.03141076881595747
    outer loop
      vertex 0.003142625093460083 0.003142625093460083 5.200000001490116
      vertex 0.005919814109802246 114.7940801858902 5.288371561467647
      vertex 0.003142625093460083 114.79685736745596 5.200000001490116
    endloop
  endfacet
  facet normal -0.9955619629242154 0 0.09410833107904502
    outer loop
      vertex 0.005919814109802246 0.005919814109802246 5.288371561467647
      vertex 0.023655898869037628 114.77634410113096 5.475999704003334
      vertex 0.005919814109802246 114.7940801858902 5.288371561467647
    endloop
  endfacet
  facet normal -0.9876883418662116 0 0.15643445701498612
    outer loop
      vertex 0.023655898869037628 0.023655898869037628 5.475999704003334
      vertex 0.05313824862241745 114.74686175137758 5.662143944203853
      vertex 0.023655898869037628 114.77634410113096 5.475999704003334
    endloop
  endfacet
  facet normal -0.9759167646423224 0 0.21814322930144275
    outer loop
      vertex 0.05313824862241745 0.05313824862241745 5.662143944203853
      vertex 0.09425051510334015 114.70574948489666 5.84606966227293
      vertex 0.05313824862241745 114.74686175137758 5.662143944203853
    endloop
  endfacet
  facet normal -0.9602936793776121 0 0.27899112772166756
    outer loop
      vertex 0.09425051510334015 0.09425051510334015 5.84606966227293
      vertex 0.1468304544687271 114.65316954553127 6.027050985395908
      vertex 0.09425051510334015 114.70574948489666 5.84606966227293
    endloop
  endfacet
  facet normal -0.9408807664376628 0 0.338737927235313
    outer loop
      vertex 0.1468304544687271 0.1468304544687271 6.027050985395908
      vertex 0.21067054569721222 114.58932945430278 6.204373656213283
      vertex 0.1468304544687271 114.65316954553127 6.027050985395908
    endloop
  endfacet
  facet normal -0.9177546361640466 0 0.3971478664167774
    outer loop
      vertex 0.21067054569721222 0.21067054569721222 6.204373656213283
      vertex 0.2855188399553299 114.51448116004467 6.377337871491909
      vertex 0.21067054569721222 114.58932945430278 6.204373656213283
    endloop
  endfacet
  facet normal -0.8910065257143385 0 0.4539904967446609
    outer loop
      vertex 0.2855188399553299 0.2855188399553299 6.377337871491909
      vertex 0.3710799589753151 114.42892004102468 6.5452610239386555
      vertex 0.2855188399553299 114.51448116004467 6.377337871491909
    endloop
  endfacet
  facet normal -0.8607420298635949 0 0.509041410914965
    outer loop
      vertex 0.3710799589753151 0.3710799589753151 6.5452610239386555
      vertex 0.46701622009277344 114.33298377990722 6.707480384409427
      vertex 0.3710799589753151 114.42892004102468 6.5452610239386555
    endloop
  endfacet
  facet normal -0.8270805680771317 0 0.5620833869713721
    outer loop
      vertex 0.46701622009277344 0.46701622009277344 6.707480384409427
      vertex 0.5729490146040916 114.2270509853959 6.863355754315853
      vertex 0.46701622009277344 114.33298377990722 6.707480384409427
    endloop
  endfacet
  facet normal -0.7901550204270125 0 0.6129070432732744
    outer loop
      vertex 0.5729490146040916 0.5729490146040916 6.863355754315853
      vertex 0.6884602680802345 114.11153973191976 7.012271969020366
      vertex 0.5729490146040916 114.2270509853959 6.863355754315853
    endloop
  endfacet
  facet normal -0.7501110667550431 0 0.6613118685851715
    outer loop
      vertex 0.6884602680802345 0.6884602680802345 7.012271969020366
      vertex 0.8130941167473793 113.98690588325262 7.153641319274902
      vertex 0.6884602680802345 114.11153973191976 7.012271969020366
    endloop
  endfacet
  facet normal -0.7071067811865476 0 0.7071067811865476
    outer loop
      vertex 0.8130941167473793 0.8130941167473793 7.153641319274902
      vertex 0.9463586807250977 113.8536413192749 7.28690588325262
      vertex 0.8130941167473793 113.98690588325262 7.153641319274902
    endloop
  endfacet
  facet normal -0.6613118685851715 0 0.7501110667550431
    outer loop
      vertex 0.9463586807250977 0.9463586807250977 7.28690588325262
      vertex 1.0877280309796333 113.71227196902036 7.411539731919765
      vertex 0.9463586807250977 113.8536413192749 7.28690588325262
    endloop
  endfacet
  facet normal -0.6129070432732744 0 0.7901550204270126
    outer loop
      vertex 1.0877280309796333 1.0877280309796333 7.411539731919765
      vertex 1.2366442456841469 113.56335575431585 7.527050985395908
      vertex 1.0877280309796333 113.71227196902036 7.411539731919765
    endloop
  endfacet
  facet normal -0.5620833869713721 0 0.8270805680771316
    outer loop
      vertex 1.2366442456841469 1.2366442456841469 7.527050985395908
      vertex 1.3925196155905724 113.40748038440942 7.632983779907226
      vertex 1.2366442456841469 113.56335575431585 7.527050985395908
    endloop
  endfacet
  facet normal -0.509041410914965 0 0.860742029863595
    outer loop
      vertex 1.3925196155905724 1.3925196155905724 7.632983779907226
      vertex 1.5547389760613441 113.24526102393865 7.7289200410246846
      vertex 1.3925196155905724 113.40748038440942 7.632983779907226
    endloop
  endfacet
  facet normal -0.4539904967446609 0 0.8910065257143385
    outer loop
      vertex 1.5547389760613441 1.5547389760613441 7.7289200410246846
      vertex 1.722662128508091 113.0773378714919 7.81448116004467
      vertex 1.5547389760613441 113.24526102393865 7.7289200410246846
    endloop
  endfacet
  facet normal -0.39714786641677735 0 0.9177546361640466
    outer loop
      vertex 1.722662128508091 1.722662128508091 7.81448116004467
      vertex 1.8956263437867165 112.90437365621328 7.889329454302787
      vertex 1.722662128508091 113.0773378714919 7.81448116004467
    endloop
  endfacet
  facet normal -0.27899112772166756 0 0.9602936793776121
    outer loop
      vertex 2.0729490146040916 2.0729490146040916 7.9531695455312725
      vertex 2.25393033772707 112.54606966227293 8.00574948489666
      vertex 2.0729490146040916 112.7270509853959 7.9531695455312725
    endloop
  endfacet
  facet normal -0.33873792723531293 0 0.9408807664376628
    outer loop
      vertex 1.8956263437867165 1.8956263437867165 7.889329454302787
      vertex 2.0729490146040916 112.7270509853959 7.9531695455312725
      vertex 1.8956263437867165 112.90437365621328 7.889329454302787
    endloop
  endfacet
  facet normal -0.21814322930144273 0 0.9759167646423224
    outer loop
      vertex 2.25393033772707 2.25393033772707 8.00574948489666
      vertex 2.4378560557961464 112.36214394420385 8.046861751377582
      vertex 2.25393033772707 112.54606966227293 8.00574948489666
    endloop
  endfacet
  facet normal -0.15643445701498612 0 0.9876883418662116
    outer loop
      vertex 2.4378560557961464 2.4378560557961464 8.046861751377582
      vertex 2.624000295996666 112.17599970400333 8.076344101130962
      vertex 2.4378560557961464 112.36214394420385 8.046861751377582
    endloop
  endfacet
  facet normal -0.09410833107904502 0 0.9955619629242153
    outer loop
      vertex 2.624000295996666 2.624000295996666 8.076344101130962
      vertex 2.8116284385323524 111.98837156146764 8.094080185890197
      vertex 2.624000295996666 112.17599970400333 8.076344101130962
    endloop
  endfacet
  facet normal -0.03141068463099086 0 0.9995065627053242
    outer loop
      vertex 2.8116284385323524 2.8116284385323524 8.094080185890197
      vertex 2.899999998509884 111.90000023857135 8.096857367455959
      vertex 2.8116284385323524 111.98837156146764 8.094080185890197
    endloop
  endfacet
  facet normal -1 0 0
    outer loop
      vertex 2.899999998509884 2.899999998509884 8.096857367455959
      vertex 2.899999998509884 111.90000000149011 8.09685737490654
      vertex 2.899999998509884 111.90000023857135 8.096857367455959
    endloop
  endfacet
  facet normal -1 0 0
    outer loop
      vertex 2.899999998509884 2.899999998509884 8.1
      vertex 2.899999998509884 111.90000000149011 8.1
      vertex 2.899999998509884 111.90000000149011 8.09685737490654
    endloop
  endfacet
  facet normal 0 0 1
    outer loop
      vertex 0.003142625093460083 114.79685736745596 5.200000001490116
      vertex 0.003127955831231537 114.8 5.200000001490116
      vertex 0 114.8 5.200000001490116
    endloop
  endfacet
  facet normal 0 0 1
    outer loop
      vertex 0.003142625093460083 0.0030930998977462686 5.200000001490116
      vertex 69.99688730496652 0.003142625093460083 5.200000001490116
      vertex 0.003142625093460083 0.003142625093460083 5.200000001490116
    endloop
  endfacet
  facet normal 0 0 1
    outer loop
      vertex 0.003142625093460083 0.0030930998977462686 5.200000001490116
      vertex 0 0 5.200000001490116
      vertex 70 0 5.200000001490116
    endloop
  endfacet
  facet normal 0 -0.9995065600597078 0.03141076881595747
    outer loop
      vertex 0.003142625093460083 0.003142625093460083 5.200000001490116
      vertex 69.9940801858902 0.005919814109802246 5.288371561467647
      vertex 0.005919814109802246 0.005919814109802246 5.288371561467647
    endloop
  endfacet
  facet normal 0 -0.9955619629242154 0.09410833107904504
    outer loop
      vertex 0.005919814109802246 0.005919814109802246 5.288371561467647
      vertex 69.97634410113096 0.023655898869037628 5.475999704003334
      vertex 0.023655898869037628 0.023655898869037628 5.475999704003334
    endloop
  endfacet
  facet normal 0 -0.9876883418662116 0.15643445701498612
    outer loop
      vertex 0.023655898869037628 0.023655898869037628 5.475999704003334
      vertex 69.94686175137758 0.05313824862241745 5.662143944203853
      vertex 0.05313824862241745 0.05313824862241745 5.662143944203853
    endloop
  endfacet
  facet normal 0 -0.9759167646423225 0.21814322930144278
    outer loop
      vertex 0.05313824862241745 0.05313824862241745 5.662143944203853
      vertex 69.90574948489666 0.09425051510334015 5.84606966227293
      vertex 0.09425051510334015 0.09425051510334015 5.84606966227293
    endloop
  endfacet
  facet normal 0 -0.9602936793776121 0.2789911277216675
    outer loop
      vertex 0.09425051510334015 0.09425051510334015 5.84606966227293
      vertex 69.85316954553127 0.1468304544687271 6.027050985395908
      vertex 0.1468304544687271 0.1468304544687271 6.027050985395908
    endloop
  endfacet
  facet normal 0 -0.9408807664376627 0.33873792723531293
    outer loop
      vertex 0.1468304544687271 0.1468304544687271 6.027050985395908
      vertex 69.78932945430279 0.21067054569721222 6.204373656213283
      vertex 0.21067054569721222 0.21067054569721222 6.204373656213283
    endloop
  endfacet
  facet normal 0 -0.9177546361640466 0.3971478664167774
    outer loop
      vertex 0.21067054569721222 0.21067054569721222 6.204373656213283
      vertex 69.71448116004467 0.2855188399553299 6.377337871491909
      vertex 0.2855188399553299 0.2855188399553299 6.377337871491909
    endloop
  endfacet
  facet normal 0 -0.8910065257143385 0.4539904967446609
    outer loop
      vertex 0.2855188399553299 0.2855188399553299 6.377337871491909
      vertex 69.62892004102468 0.3710799589753151 6.5452610239386555
      vertex 0.3710799589753151 0.3710799589753151 6.5452610239386555
    endloop
  endfacet
  facet normal 0 -0.8607420298635949 0.509041410914965
    outer loop
      vertex 0.3710799589753151 0.3710799589753151 6.5452610239386555
      vertex 69.53298377990723 0.46701622009277344 6.707480384409427
      vertex 0.46701622009277344 0.46701622009277344 6.707480384409427
    endloop
  endfacet
  facet normal 0 -0.8270805680771316 0.5620833869713721
    outer loop
      vertex 0.46701622009277344 0.46701622009277344 6.707480384409427
      vertex 69.42705098539591 0.5729490146040916 6.863355754315853
      vertex 0.5729490146040916 0.5729490146040916 6.863355754315853
    endloop
  endfacet
  facet normal 0 -0.7901550204270126 0.6129070432732744
    outer loop
      vertex 0.5729490146040916 0.5729490146040916 6.863355754315853
      vertex 69.31153973191977 0.6884602680802345 7.012271969020366
      vertex 0.6884602680802345 0.6884602680802345 7.012271969020366
    endloop
  endfacet
  facet normal 0 -0.7501110667550431 0.6613118685851717
    outer loop
      vertex 0.6884602680802345 0.6884602680802345 7.012271969020366
      vertex 69.18690588325262 0.8130941167473793 7.153641319274902
      vertex 0.8130941167473793 0.8130941167473793 7.153641319274902
    endloop
  endfacet
  facet normal 0 -0.7071067811865476 0.7071067811865476
    outer loop
      vertex 0.8130941167473793 0.8130941167473793 7.153641319274902
      vertex 69.0536413192749 0.9463586807250977 7.28690588325262
      vertex 0.9463586807250977 0.9463586807250977 7.28690588325262
    endloop
  endfacet
  facet normal 0 -0.6613118685851715 0.7501110667550431
    outer loop
      vertex 0.9463586807250977 0.9463586807250977 7.28690588325262
      vertex 68.91227196902037 1.0877280309796333 7.411539731919765
      vertex 1.0877280309796333 1.0877280309796333 7.411539731919765
    endloop
  endfacet
  facet normal 0 -0.6129070432732743 0.7901550204270125
    outer loop
      vertex 1.0877280309796333 1.0877280309796333 7.411539731919765
      vertex 68.76335575431585 1.2366442456841469 7.527050985395908
      vertex 1.2366442456841469 1.2366442456841469 7.527050985395908
    endloop
  endfacet
  facet normal 0 -0.5620833869713721 0.8270805680771316
    outer loop
      vertex 1.2366442456841469 1.2366442456841469 7.527050985395908
      vertex 68.60748038440943 1.3925196155905724 7.632983779907226
      vertex 1.3925196155905724 1.3925196155905724 7.632983779907226
    endloop
  endfacet
  facet normal 0 -0.5090414109149649 0.8607420298635948
    outer loop
      vertex 1.3925196155905724 1.3925196155905724 7.632983779907226
      vertex 68.44526102393866 1.5547389760613441 7.7289200410246846
      vertex 1.5547389760613441 1.5547389760613441 7.7289200410246846
    endloop
  endfacet
  facet normal 0 -0.45399049674466097 0.8910065257143384
    outer loop
      vertex 1.5547389760613441 1.5547389760613441 7.7289200410246846
      vertex 68.27733787149191 1.722662128508091 7.81448116004467
      vertex 1.722662128508091 1.722662128508091 7.81448116004467
    endloop
  endfacet
  facet normal 0 -0.3971478664167774 0.9177546361640466
    outer loop
      vertex 1.722662128508091 1.722662128508091 7.81448116004467
      vertex 68.10437365621328 1.8956263437867165 7.889329454302787
      vertex 1.8956263437867165 1.8956263437867165 7.889329454302787
    endloop
  endfacet
  facet normal 0 -0.33873792723531293 0.9408807664376629
    outer loop
      vertex 1.8956263437867165 1.8956263437867165 7.889329454302787
      vertex 67.92705098539591 2.0729490146040916 7.9531695455312725
      vertex 2.0729490146040916 2.0729490146040916 7.9531695455312725
    endloop
  endfacet
  facet normal 0 -0.2789911277216675 0.9602936793776121
    outer loop
      vertex 2.0729490146040916 2.0729490146040916 7.9531695455312725
      vertex 67.74606966227293 2.25393033772707 8.00574948489666
      vertex 2.25393033772707 2.25393033772707 8.00574948489666
    endloop
  endfacet
  facet normal 0 -0.21814322930144278 0.9759167646423225
    outer loop
      vertex 2.25393033772707 2.25393033772707 8.00574948489666
      vertex 67.56214394420385 2.4378560557961464 8.046861751377582
      vertex 2.4378560557961464 2.4378560557961464 8.046861751377582
    endloop
  endfacet
  facet normal 0 -0.15643445701498612 0.9876883418662116
    outer loop
      vertex 2.4378560557961464 2.4378560557961464 8.046861751377582
      vertex 67.37599970400333 2.624000295996666 8.076344101130962
      vertex 2.624000295996666 2.624000295996666 8.076344101130962
    endloop
  endfacet
  facet normal 0 -0.09410833107904502 0.9955619629242154
    outer loop
      vertex 2.624000295996666 2.624000295996666 8.076344101130962
      vertex 67.18837156146765 2.8116284385323524 8.094080185890197
      vertex 2.8116284385323524 2.8116284385323524 8.094080185890197
    endloop
  endfacet
  facet normal 0 -0.03141068463099086 0.9995065627053243
    outer loop
      vertex 2.8116284385323524 2.8116284385323524 8.094080185890197
      vertex 67.10000023857135 2.899999998509884 8.096857367455959
      vertex 2.899999998509884 2.899999998509884 8.096857367455959
    endloop
  endfacet
  facet normal 0 -1 0
    outer loop
      vertex 2.899999998509884 2.899999998509884 8.096857367455959
      vertex 67.10000000149012 2.899999998509884 8.1
      vertex 2.899999998509884 2.899999998509884 8.1
    endloop
  endfacet
  facet normal 0 0 0
    outer loop
      vertex 0.003142625093460083 0.003142625093460083 5.200000001490116
      vertex 69.99688730496652 0.003142625093460083 5.200000001490116
      vertex 69.99685736745596 0.003142625093460083 5.200000001490116
    endloop
  endfacet
  facet normal 0 0 1
    outer loop
      vertex 0.003142625093460083 0.0030930998977462686 5.200000001490116
      vertex 70 0 5.200000001490116
      vertex 69.99688730496652 0.003142625093460083 5.200000001490116
    endloop
  endfacet
  facet normal 0 -0.999506560059708 0.03141076881595747
    outer loop
      vertex 0.003142625093460083 0.003142625093460083 5.200000001490116
      vertex 69.99685736745596 0.003142625093460083 5.200000001490116
      vertex 69.9940801858902 0.005919814109802246 5.288371561467647
    endloop
  endfacet
  facet normal 0 -0.9955619629242155 0.09410833107904504
    outer loop
      vertex 0.005919814109802246 0.005919814109802246 5.288371561467647
      vertex 69.9940801858902 0.005919814109802246 5.288371561467647
      vertex 69.97634410113096 0.023655898869037628 5.475999704003334
    endloop
  endfacet
  facet normal 0 -0.9876883418662117 0.1564344570149861
    outer loop
      vertex 0.023655898869037628 0.023655898869037628 5.475999704003334
      vertex 69.97634410113096 0.023655898869037628 5.475999704003334
      vertex 69.94686175137758 0.05313824862241745 5.662143944203853
    endloop
  endfacet
  facet normal 0 -0.9759167646423225 0.21814322930144278
    outer loop
      vertex 0.05313824862241745 0.05313824862241745 5.662143944203853
      vertex 69.94686175137758 0.05313824862241745 5.662143944203853
      vertex 69.90574948489666 0.09425051510334015 5.84606966227293
    endloop
  endfacet
  facet normal 0 -0.9602936793776122 0.27899112772166756
    outer loop
      vertex 0.09425051510334015 0.09425051510334015 5.84606966227293
      vertex 69.90574948489666 0.09425051510334015 5.84606966227293
      vertex 69.85316954553127 0.1468304544687271 6.027050985395908
    endloop
  endfacet
  facet normal 0 -0.9408807664376629 0.338737927235313
    outer loop
      vertex 0.1468304544687271 0.1468304544687271 6.027050985395908
      vertex 69.85316954553127 0.1468304544687271 6.027050985395908
      vertex 69.78932945430279 0.21067054569721222 6.204373656213283
    endloop
  endfacet
  facet normal 0 -0.9177546361640466 0.3971478664167774
    outer loop
      vertex 0.21067054569721222 0.21067054569721222 6.204373656213283
      vertex 69.78932945430279 0.21067054569721222 6.204373656213283
      vertex 69.71448116004467 0.2855188399553299 6.377337871491909
    endloop
  endfacet
  facet normal 0 -0.8910065257143385 0.4539904967446609
    outer loop
      vertex 0.2855188399553299 0.2855188399553299 6.377337871491909
      vertex 69.71448116004467 0.2855188399553299 6.377337871491909
      vertex 69.62892004102468 0.3710799589753151 6.5452610239386555
    endloop
  endfacet
  facet normal 0 -0.8607420298635949 0.509041410914965
    outer loop
      vertex 0.3710799589753151 0.3710799589753151 6.5452610239386555
      vertex 69.62892004102468 0.3710799589753151 6.5452610239386555
      vertex 69.53298377990723 0.46701622009277344 6.707480384409427
    endloop
  endfacet
  facet normal 0 -0.8270805680771316 0.5620833869713721
    outer loop
      vertex 0.46701622009277344 0.46701622009277344 6.707480384409427
      vertex 69.53298377990723 0.46701622009277344 6.707480384409427
      vertex 69.42705098539591 0.5729490146040916 6.863355754315853
    endloop
  endfacet
  facet normal 0 -0.7901550204270125 0.6129070432732743
    outer loop
      vertex 0.5729490146040916 0.5729490146040916 6.863355754315853
      vertex 69.42705098539591 0.5729490146040916 6.863355754315853
      vertex 69.31153973191977 0.6884602680802345 7.012271969020366
    endloop
  endfacet
  facet normal 0 -0.7501110667550431 0.6613118685851715
    outer loop
      vertex 0.6884602680802345 0.6884602680802345 7.012271969020366
      vertex 69.31153973191977 0.6884602680802345 7.012271969020366
      vertex 69.18690588325262 0.8130941167473793 7.153641319274902
    endloop
  endfacet
  facet normal 0 -0.7071067811865475 0.7071067811865475
    outer loop
      vertex 0.8130941167473793 0.8130941167473793 7.153641319274902
      vertex 69.18690588325262 0.8130941167473793 7.153641319274902
      vertex 69.0536413192749 0.9463586807250977 7.28690588325262
    endloop
  endfacet
  facet normal 0 -0.6613118685851715 0.7501110667550431
    outer loop
      vertex 0.9463586807250977 0.9463586807250977 7.28690588325262
      vertex 69.0536413192749 0.9463586807250977 7.28690588325262
      vertex 68.91227196902037 1.0877280309796333 7.411539731919765
    endloop
  endfacet
  facet normal 0 -0.6129070432732744 0.7901550204270126
    outer loop
      vertex 1.0877280309796333 1.0877280309796333 7.411539731919765
      vertex 68.91227196902037 1.0877280309796333 7.411539731919765
      vertex 68.76335575431585 1.2366442456841469 7.527050985395908
    endloop
  endfacet
  facet normal 0 -0.5620833869713721 0.8270805680771316
    outer loop
      vertex 1.2366442456841469 1.2366442456841469 7.527050985395908
      vertex 68.76335575431585 1.2366442456841469 7.527050985395908
      vertex 68.60748038440943 1.3925196155905724 7.632983779907226
    endloop
  endfacet
  facet normal 0 -0.2789911277216675 0.9602936793776121
    outer loop
      vertex 2.0729490146040916 2.0729490146040916 7.9531695455312725
      vertex 67.92705098539591 2.0729490146040916 7.9531695455312725
      vertex 67.74606966227293 2.25393033772707 8.00574948489666
    endloop
  endfacet
  facet normal 0 -0.21814322930144275 0.9759167646423225
    outer loop
      vertex 2.25393033772707 2.25393033772707 8.00574948489666
      vertex 67.74606966227293 2.25393033772707 8.00574948489666
      vertex 67.56214394420385 2.4378560557961464 8.046861751377582
    endloop
  endfacet
  facet normal 0 -0.15643445701498612 0.9876883418662116
    outer loop
      vertex 2.4378560557961464 2.4378560557961464 8.046861751377582
      vertex 67.56214394420385 2.4378560557961464 8.046861751377582
      vertex 67.37599970400333 2.624000295996666 8.076344101130962
    endloop
  endfacet
  facet normal 0 -0.09410833107904504 0.9955619629242154
    outer loop
      vertex 2.624000295996666 2.624000295996666 8.076344101130962
      vertex 67.37599970400333 2.624000295996666 8.076344101130962
      vertex 67.18837156146765 2.8116284385323524 8.094080185890197
    endloop
  endfacet
  facet normal 0 -0.031410684630990865 0.9995065627053245
    outer loop
      vertex 2.8116284385323524 2.8116284385323524 8.094080185890197
      vertex 67.18837156146765 2.8116284385323524 8.094080185890197
      vertex 67.10000023857135 2.899999998509884 8.096857367455959
    endloop
  endfacet
  facet normal 0 -1 0
    outer loop
      vertex 2.899999998509884 2.899999998509884 8.096857367455959
      vertex 67.10000023857135 2.899999998509884 8.096857367455959
      vertex 67.10000000149012 2.899999998509884 8.09685737490654
    endloop
  endfacet
  facet normal 0 -1 0
    outer loop
      vertex 2.899999998509884 2.899999998509884 8.096857367455959
      vertex 67.10000000149012 2.899999998509884 8.09685737490654
      vertex 67.10000000149012 2.899999998509884 8.1
    endloop
  endfacet
  facet normal 0 -0.509041410914965 0.8607420298635949
    outer loop
      vertex 1.3925196155905724 1.3925196155905724 7.632983779907226
      vertex 68.60748038440943 1.3925196155905724 7.632983779907226
      vertex 68.44526102393866 1.5547389760613441 7.7289200410246846
    endloop
  endfacet
  facet normal 0 -0.4539904967446609 0.8910065257143385
    outer loop
      vertex 1.5547389760613441 1.5547389760613441 7.7289200410246846
      vertex 68.44526102393866 1.5547389760613441 7.7289200410246846
      vertex 68.27733787149191 1.722662128508091 7.81448116004467
    endloop
  endfacet
  facet normal 0 -0.3971478664167774 0.9177546361640466
    outer loop
      vertex 1.722662128508091 1.722662128508091 7.81448116004467
      vertex 68.27733787149191 1.722662128508091 7.81448116004467
      vertex 68.10437365621328 1.8956263437867165 7.889329454302787
    endloop
  endfacet
  facet normal 0 -0.33873792723531293 0.9408807664376627
    outer loop
      vertex 1.8956263437867165 1.8956263437867165 7.889329454302787
      vertex 68.10437365621328 1.8956263437867165 7.889329454302787
      vertex 67.92705098539591 2.0729490146040916 7.9531695455312725
    endloop
  endfacet
  facet normal 0 0 1
    outer loop
      vertex 0.003142625093460083 114.79685736745596 5.200000001490116
      vertex 69.99686705798158 114.8 5.200000001490116
      vertex 0.003127955831231537 114.8 5.200000001490116
    endloop
  endfacet
  facet normal 0 0.9995065627053243 0.03141068463099086
    outer loop
      vertex 0.003142625093460083 114.79685736745596 5.200000001490116
      vertex 0.005919814109802246 114.7940801858902 5.288371561467647
      vertex 69.99685736745596 114.79685736745596 5.200000001490116
    endloop
  endfacet
  facet normal 0 0.9955619629242155 0.09410833107904504
    outer loop
      vertex 0.005919814109802246 114.7940801858902 5.288371561467647
      vertex 0.023655898869037628 114.77634410113096 5.475999704003334
      vertex 69.9940801858902 114.7940801858902 5.288371561467647
    endloop
  endfacet
  facet normal 0 0.9876883418662117 0.1564344570149861
    outer loop
      vertex 0.023655898869037628 114.77634410113096 5.475999704003334
      vertex 0.05313824862241745 114.74686175137758 5.662143944203853
      vertex 69.97634410113096 114.77634410113096 5.475999704003334
    endloop
  endfacet
  facet normal 0 0.9759167646423225 0.21814322930144278
    outer loop
      vertex 0.05313824862241745 114.74686175137758 5.662143944203853
      vertex 0.09425051510334015 114.70574948489666 5.84606966227293
      vertex 69.94686175137758 114.74686175137758 5.662143944203853
    endloop
  endfacet
  facet normal 0 0.9602936793776122 0.27899112772166756
    outer loop
      vertex 0.09425051510334015 114.70574948489666 5.84606966227293
      vertex 0.1468304544687271 114.65316954553127 6.027050985395908
      vertex 69.90574948489666 114.70574948489666 5.84606966227293
    endloop
  endfacet
  facet normal 0 0.9408807664376629 0.338737927235313
    outer loop
      vertex 0.1468304544687271 114.65316954553127 6.027050985395908
      vertex 0.21067054569721222 114.58932945430278 6.204373656213283
      vertex 69.85316954553127 114.65316954553127 6.027050985395908
    endloop
  endfacet
  facet normal 0 0.9177546361640466 0.3971478664167774
    outer loop
      vertex 0.21067054569721222 114.58932945430278 6.204373656213283
      vertex 0.2855188399553299 114.51448116004467 6.377337871491909
      vertex 69.78932945430279 114.58932945430278 6.204373656213283
    endloop
  endfacet
  facet normal 0 0.8910065257143385 0.4539904967446609
    outer loop
      vertex 0.2855188399553299 114.51448116004467 6.377337871491909
      vertex 0.3710799589753151 114.42892004102468 6.5452610239386555
      vertex 69.71448116004467 114.51448116004467 6.377337871491909
    endloop
  endfacet
  facet normal 0 0.8607420298635949 0.509041410914965
    outer loop
      vertex 0.3710799589753151 114.42892004102468 6.5452610239386555
      vertex 0.46701622009277344 114.33298377990722 6.707480384409427
      vertex 69.62892004102468 114.42892004102468 6.5452610239386555
    endloop
  endfacet
  facet normal 0 0.8270805680771316 0.5620833869713721
    outer loop
      vertex 0.46701622009277344 114.33298377990722 6.707480384409427
      vertex 0.5729490146040916 114.2270509853959 6.863355754315853
      vertex 69.53298377990723 114.33298377990722 6.707480384409427
    endloop
  endfacet
  facet normal 0 0.7901550204270125 0.6129070432732743
    outer loop
      vertex 0.5729490146040916 114.2270509853959 6.863355754315853
      vertex 0.6884602680802345 114.11153973191976 7.012271969020366
      vertex 69.42705098539591 114.2270509853959 6.863355754315853
    endloop
  endfacet
  facet normal 0 0.7501110667550431 0.6613118685851715
    outer loop
      vertex 0.6884602680802345 114.11153973191976 7.012271969020366
      vertex 0.8130941167473793 113.98690588325262 7.153641319274902
      vertex 69.31153973191977 114.11153973191976 7.012271969020366
    endloop
  endfacet
  facet normal 0 0.7071067811865475 0.7071067811865475
    outer loop
      vertex 0.8130941167473793 113.98690588325262 7.153641319274902
      vertex 0.9463586807250977 113.8536413192749 7.28690588325262
      vertex 69.18690588325262 113.98690588325262 7.153641319274902
    endloop
  endfacet
  facet normal 0 0.6613118685851715 0.7501110667550431
    outer loop
      vertex 0.9463586807250977 113.8536413192749 7.28690588325262
      vertex 1.0877280309796333 113.71227196902036 7.411539731919765
      vertex 69.0536413192749 113.8536413192749 7.28690588325262
    endloop
  endfacet
  facet normal 0 0.6129070432732744 0.7901550204270126
    outer loop
      vertex 1.0877280309796333 113.71227196902036 7.411539731919765
      vertex 1.2366442456841469 113.56335575431585 7.527050985395908
      vertex 68.91227196902037 113.71227196902036 7.411539731919765
    endloop
  endfacet
  facet normal 0 0.5620833869713721 0.8270805680771316
    outer loop
      vertex 1.2366442456841469 113.56335575431585 7.527050985395908
      vertex 1.3925196155905724 113.40748038440942 7.632983779907226
      vertex 68.76335575431585 113.56335575431585 7.527050985395908
    endloop
  endfacet
  facet normal 0 0.509041410914965 0.8607420298635949
    outer loop
      vertex 1.3925196155905724 113.40748038440942 7.632983779907226
      vertex 1.5547389760613441 113.24526102393865 7.7289200410246846
      vertex 68.60748038440943 113.40748038440942 7.632983779907226
    endloop
  endfacet
  facet normal 0 0.4539904967446609 0.8910065257143385
    outer loop
      vertex 1.5547389760613441 113.24526102393865 7.7289200410246846
      vertex 1.722662128508091 113.0773378714919 7.81448116004467
      vertex 68.44526102393866 113.24526102393865 7.7289200410246846
    endloop
  endfacet
  facet normal 0 0.3971478664167774 0.9177546361640466
    outer loop
      vertex 1.722662128508091 113.0773378714919 7.81448116004467
      vertex 1.8956263437867165 112.90437365621328 7.889329454302787
      vertex 68.27733787149191 113.0773378714919 7.81448116004467
    endloop
  endfacet
  facet normal 0 0.33873792723531293 0.9408807664376627
    outer loop
      vertex 1.8956263437867165 112.90437365621328 7.889329454302787
      vertex 2.0729490146040916 112.7270509853959 7.9531695455312725
      vertex 68.10437365621328 112.90437365621328 7.889329454302787
    endloop
  endfacet
  facet normal 0 0.2789911277216675 0.9602936793776121
    outer loop
      vertex 2.0729490146040916 112.7270509853959 7.9531695455312725
      vertex 2.25393033772707 112.54606966227293 8.00574948489666
      vertex 67.92705098539591 112.7270509853959 7.9531695455312725
    endloop
  endfacet
  facet normal 0 0.03141076973994237 0.9995065600306706
    outer loop
      vertex 2.899999998509884 111.90000023857135 8.096857367455959
      vertex 2.899999998509884 111.90000000149011 8.09685737490654
      vertex 67.10000000149012 111.90000000149011 8.09685737490654
    endloop
  endfacet
  facet normal 0 0.03141076881595499 0.999506560059708
    outer loop
      vertex 2.8116284385323524 111.98837156146764 8.094080185890197
      vertex 2.899999998509884 111.90000023857135 8.096857367455959
      vertex 67.18837156146765 111.98837156146764 8.094080185890197
    endloop
  endfacet
  facet normal 0 1 0
    outer loop
      vertex 2.899999998509884 111.90000000149011 8.09685737490654
      vertex 2.899999998509884 111.90000000149011 8.1
      vertex 67.10000000149012 111.90000000149011 8.09685737490654
    endloop
  endfacet
  facet normal 0 0.21814322930144275 0.9759167646423225
    outer loop
      vertex 2.25393033772707 112.54606966227293 8.00574948489666
      vertex 2.4378560557961464 112.36214394420385 8.046861751377582
      vertex 67.74606966227293 112.54606966227293 8.00574948489666
    endloop
  endfacet
  facet normal 0 0.15643445701498612 0.9876883418662116
    outer loop
      vertex 2.4378560557961464 112.36214394420385 8.046861751377582
      vertex 2.624000295996666 112.17599970400333 8.076344101130962
      vertex 67.56214394420385 112.36214394420385 8.046861751377582
    endloop
  endfacet
  facet normal 0 0.09410833107904504 0.9955619629242154
    outer loop
      vertex 2.624000295996666 112.17599970400333 8.076344101130962
      vertex 2.8116284385323524 111.98837156146764 8.094080185890197
      vertex 67.37599970400333 112.17599970400333 8.076344101130962
    endloop
  endfacet
  facet normal 0 0 1
    outer loop
      vertex 0.003142625093460083 114.79685736745596 5.200000001490116
      vertex 69.99685736745596 114.79690689276941 5.200000001490116
      vertex 69.99686705798158 114.8 5.200000001490116
    endloop
  endfacet
  facet normal 0 0 1
    outer loop
      vertex 0.003142625093460083 114.79685736745596 5.200000001490116
      vertex 69.99685736745596 114.79685736745596 5.200000001490116
      vertex 69.99685736745596 114.79690689276941 5.200000001490116
    endloop
  endfacet
  facet normal 0 0.9995065627053243 0.031410684630990865
    outer loop
      vertex 0.005919814109802246 114.7940801858902 5.288371561467647
      vertex 69.9940801858902 114.7940801858902 5.288371561467647
      vertex 69.99685736745596 114.79685736745596 5.200000001490116
    endloop
  endfacet
  facet normal 0 0.9955619629242154 0.09410833107904504
    outer loop
      vertex 0.023655898869037628 114.77634410113096 5.475999704003334
      vertex 69.97634410113096 114.77634410113096 5.475999704003334
      vertex 69.9940801858902 114.7940801858902 5.288371561467647
    endloop
  endfacet
  facet normal 0 0.9876883418662116 0.15643445701498612
    outer loop
      vertex 0.05313824862241745 114.74686175137758 5.662143944203853
      vertex 69.94686175137758 114.74686175137758 5.662143944203853
      vertex 69.97634410113096 114.77634410113096 5.475999704003334
    endloop
  endfacet
  facet normal 0 0.9759167646423226 0.21814322930144278
    outer loop
      vertex 0.09425051510334015 114.70574948489666 5.84606966227293
      vertex 69.90574948489666 114.70574948489666 5.84606966227293
      vertex 69.94686175137758 114.74686175137758 5.662143944203853
    endloop
  endfacet
  facet normal 0 0.9602936793776121 0.27899112772166756
    outer loop
      vertex 0.1468304544687271 114.65316954553127 6.027050985395908
      vertex 69.85316954553127 114.65316954553127 6.027050985395908
      vertex 69.90574948489666 114.70574948489666 5.84606966227293
    endloop
  endfacet
  facet normal 0 0.9408807664376627 0.33873792723531293
    outer loop
      vertex 0.21067054569721222 114.58932945430278 6.204373656213283
      vertex 69.78932945430279 114.58932945430278 6.204373656213283
      vertex 69.85316954553127 114.65316954553127 6.027050985395908
    endloop
  endfacet
  facet normal 0 0.9177546361640466 0.3971478664167774
    outer loop
      vertex 0.2855188399553299 114.51448116004467 6.377337871491909
      vertex 69.71448116004467 114.51448116004467 6.377337871491909
      vertex 69.78932945430279 114.58932945430278 6.204373656213283
    endloop
  endfacet
  facet normal 0 0.8910065257143385 0.45399049674466097
    outer loop
      vertex 0.3710799589753151 114.42892004102468 6.5452610239386555
      vertex 69.62892004102468 114.42892004102468 6.5452610239386555
      vertex 69.71448116004467 114.51448116004467 6.377337871491909
    endloop
  endfacet
  facet normal 0 0.8607420298635949 0.509041410914965
    outer loop
      vertex 0.46701622009277344 114.33298377990722 6.707480384409427
      vertex 69.53298377990723 114.33298377990722 6.707480384409427
      vertex 69.62892004102468 114.42892004102468 6.5452610239386555
    endloop
  endfacet
  facet normal 0 0.8270805680771316 0.5620833869713721
    outer loop
      vertex 0.5729490146040916 114.2270509853959 6.863355754315853
      vertex 69.42705098539591 114.2270509853959 6.863355754315853
      vertex 69.53298377990723 114.33298377990722 6.707480384409427
    endloop
  endfacet
  facet normal 0 0.7901550204270126 0.6129070432732744
    outer loop
      vertex 0.6884602680802345 114.11153973191976 7.012271969020366
      vertex 69.31153973191977 114.11153973191976 7.012271969020366
      vertex 69.42705098539591 114.2270509853959 6.863355754315853
    endloop
  endfacet
  facet normal 0 0.7501110667550431 0.6613118685851717
    outer loop
      vertex 0.8130941167473793 113.98690588325262 7.153641319274902
      vertex 69.18690588325262 113.98690588325262 7.153641319274902
      vertex 69.31153973191977 114.11153973191976 7.012271969020366
    endloop
  endfacet
  facet normal 0 0.7071067811865476 0.7071067811865476
    outer loop
      vertex 0.9463586807250977 113.8536413192749 7.28690588325262
      vertex 69.0536413192749 113.8536413192749 7.28690588325262
      vertex 69.18690588325262 113.98690588325262 7.153641319274902
    endloop
  endfacet
  facet normal 0 0.6613118685851715 0.7501110667550431
    outer loop
      vertex 1.0877280309796333 113.71227196902036 7.411539731919765
      vertex 68.91227196902037 113.71227196902036 7.411539731919765
      vertex 69.0536413192749 113.8536413192749 7.28690588325262
    endloop
  endfacet
  facet normal 0 0.6129070432732744 0.7901550204270126
    outer loop
      vertex 1.2366442456841469 113.56335575431585 7.527050985395908
      vertex 68.76335575431585 113.56335575431585 7.527050985395908
      vertex 68.91227196902037 113.71227196902036 7.411539731919765
    endloop
  endfacet
  facet normal -3.415511353695417e-18 0.031410768815957474 0.999506560059708
    outer loop
      vertex 2.899999998509884 111.90000023857135 8.096857367455959
      vertex 67.10000000149012 111.90000000149011 8.09685737490654
      vertex 67.18837156146765 111.98837156146764 8.094080185890197
    endloop
  endfacet
  facet normal 0 1 0
    outer loop
      vertex 2.899999998509884 111.90000000149011 8.1
      vertex 67.10000000149012 111.90000000149011 8.1
      vertex 67.10000000149012 111.90000000149011 8.09685737490654
    endloop
  endfacet
  facet normal 0 0.09410833107904504 0.9955619629242154
    outer loop
      vertex 2.8116284385323524 111.98837156146764 8.094080185890197
      vertex 67.18837156146765 111.98837156146764 8.094080185890197
      vertex 67.37599970400333 112.17599970400333 8.076344101130962
    endloop
  endfacet
  facet normal 0 0.21814322930144278 0.9759167646423225
    outer loop
      vertex 2.4378560557961464 112.36214394420385 8.046861751377582
      vertex 67.56214394420385 112.36214394420385 8.046861751377582
      vertex 67.74606966227293 112.54606966227293 8.00574948489666
    endloop
  endfacet
  facet normal 0 0.15643445701498612 0.9876883418662116
    outer loop
      vertex 2.624000295996666 112.17599970400333 8.076344101130962
      vertex 67.37599970400333 112.17599970400333 8.076344101130962
      vertex 67.56214394420385 112.36214394420385 8.046861751377582
    endloop
  endfacet
  facet normal 0 0.5620833869713721 0.8270805680771316
    outer loop
      vertex 1.3925196155905724 113.40748038440942 7.632983779907226
      vertex 68.60748038440943 113.40748038440942 7.632983779907226
      vertex 68.76335575431585 113.56335575431585 7.527050985395908
    endloop
  endfacet
  facet normal 0 0.5090414109149649 0.8607420298635948
    outer loop
      vertex 1.5547389760613441 113.24526102393865 7.7289200410246846
      vertex 68.44526102393866 113.24526102393865 7.7289200410246846
      vertex 68.60748038440943 113.40748038440942 7.632983779907226
    endloop
  endfacet
  facet normal 0 0.4539904967446609 0.8910065257143384
    outer loop
      vertex 1.722662128508091 113.0773378714919 7.81448116004467
      vertex 68.27733787149191 113.0773378714919 7.81448116004467
      vertex 68.44526102393866 113.24526102393865 7.7289200410246846
    endloop
  endfacet
  facet normal 0 0.3971478664167774 0.9177546361640466
    outer loop
      vertex 1.8956263437867165 112.90437365621328 7.889329454302787
      vertex 68.10437365621328 112.90437365621328 7.889329454302787
      vertex 68.27733787149191 113.0773378714919 7.81448116004467
    endloop
  endfacet
  facet normal 0 0.33873792723531293 0.9408807664376629
    outer loop
      vertex 2.0729490146040916 112.7270509853959 7.9531695455312725
      vertex 67.92705098539591 112.7270509853959 7.9531695455312725
      vertex 68.10437365621328 112.90437365621328 7.889329454302787
    endloop
  endfacet
  facet normal 0 0.2789911277216675 0.9602936793776121
    outer loop
      vertex 2.25393033772707 112.54606966227293 8.00574948489666
      vertex 67.74606966227293 112.54606966227293 8.00574948489666
      vertex 67.92705098539591 112.7270509853959 7.9531695455312725
    endloop
  endfacet
  facet normal 0 0 1
    outer loop
      vertex 69.99685736745596 0.003142625093460083 5.200000001490116
      vertex 69.99688730496652 0.003142625093460083 5.200000001490116
      vertex 69.99685736745596 114.79685736745596 5.200000001490116
    endloop
  endfacet
  facet normal 0 0 1
    outer loop
      vertex 69.99688730496652 0.003142625093460083 5.200000001490116
      vertex 70 0 5.200000001490116
      vertex 69.99685736745596 114.79685736745596 5.200000001490116
    endloop
  endfacet
  facet normal 0.9995065627053243 0 0.031410684630990865
    outer loop
      vertex 69.99685736745596 0.003142625093460083 5.200000001490116
      vertex 69.99685736745596 114.79685736745596 5.200000001490116
      vertex 69.9940801858902 0.005919814109802246 5.288371561467647
    endloop
  endfacet
  facet normal 0.9955619629242154 0 0.09410833107904502
    outer loop
      vertex 69.9940801858902 0.005919814109802246 5.288371561467647
      vertex 69.9940801858902 114.7940801858902 5.288371561467647
      vertex 69.97634410113096 0.023655898869037628 5.475999704003334
    endloop
  endfacet
  facet normal 0.9876883418662116 0 0.15643445701498612
    outer loop
      vertex 69.97634410113096 0.023655898869037628 5.475999704003334
      vertex 69.97634410113096 114.77634410113096 5.475999704003334
      vertex 69.94686175137758 0.05313824862241745 5.662143944203853
    endloop
  endfacet
  facet normal 0.9759167646423224 0 0.21814322930144275
    outer loop
      vertex 69.94686175137758 0.05313824862241745 5.662143944203853
      vertex 69.94686175137758 114.74686175137758 5.662143944203853
      vertex 69.90574948489666 0.09425051510334015 5.84606966227293
    endloop
  endfacet
  facet normal 0.9602936793776121 0 0.27899112772166756
    outer loop
      vertex 69.90574948489666 0.09425051510334015 5.84606966227293
      vertex 69.90574948489666 114.70574948489666 5.84606966227293
      vertex 69.85316954553127 0.1468304544687271 6.027050985395908
    endloop
  endfacet
  facet normal 0.9408807664376628 0 0.338737927235313
    outer loop
      vertex 69.85316954553127 0.1468304544687271 6.027050985395908
      vertex 69.85316954553127 114.65316954553127 6.027050985395908
      vertex 69.78932945430279 0.21067054569721222 6.204373656213283
    endloop
  endfacet
  facet normal 0.9177546361640466 0 0.3971478664167774
    outer loop
      vertex 69.78932945430279 0.21067054569721222 6.204373656213283
      vertex 69.78932945430279 114.58932945430278 6.204373656213283
      vertex 69.71448116004467 0.2855188399553299 6.377337871491909
    endloop
  endfacet
  facet normal 0.8910065257143385 0 0.4539904967446609
    outer loop
      vertex 69.71448116004467 0.2855188399553299 6.377337871491909
      vertex 69.71448116004467 114.51448116004467 6.377337871491909
      vertex 69.62892004102468 0.3710799589753151 6.5452610239386555
    endloop
  endfacet
  facet normal 0.8607420298635949 0 0.509041410914965
    outer loop
      vertex 69.62892004102468 0.3710799589753151 6.5452610239386555
      vertex 69.62892004102468 114.42892004102468 6.5452610239386555
      vertex 69.53298377990723 0.46701622009277344 6.707480384409427
    endloop
  endfacet
  facet normal 0.8270805680771317 0 0.5620833869713721
    outer loop
      vertex 69.53298377990723 0.46701622009277344 6.707480384409427
      vertex 69.53298377990723 114.33298377990722 6.707480384409427
      vertex 69.42705098539591 0.5729490146040916 6.863355754315853
    endloop
  endfacet
  facet normal 0.7901550204270125 0 0.6129070432732744
    outer loop
      vertex 69.42705098539591 0.5729490146040916 6.863355754315853
      vertex 69.42705098539591 114.2270509853959 6.863355754315853
      vertex 69.31153973191977 0.6884602680802345 7.012271969020366
    endloop
  endfacet
  facet normal 0.7501110667550431 0 0.6613118685851715
    outer loop
      vertex 69.31153973191977 0.6884602680802345 7.012271969020366
      vertex 69.31153973191977 114.11153973191976 7.012271969020366
      vertex 69.18690588325262 0.8130941167473793 7.153641319274902
    endloop
  endfacet
  facet normal 0.7071067811865476 0 0.7071067811865476
    outer loop
      vertex 69.18690588325262 0.8130941167473793 7.153641319274902
      vertex 69.18690588325262 113.98690588325262 7.153641319274902
      vertex 69.0536413192749 0.9463586807250977 7.28690588325262
    endloop
  endfacet
  facet normal 0.6613118685851715 0 0.7501110667550431
    outer loop
      vertex 69.0536413192749 0.9463586807250977 7.28690588325262
      vertex 69.0536413192749 113.8536413192749 7.28690588325262
      vertex 68.91227196902037 1.0877280309796333 7.411539731919765
    endloop
  endfacet
  facet normal 0.6129070432732745 0 0.7901550204270126
    outer loop
      vertex 68.76335575431585 1.2366442456841469 7.527050985395908
      vertex 68.91227196902037 1.0877280309796333 7.411539731919765
      vertex 68.91227196902037 113.71227196902036 7.411539731919765
    endloop
  endfacet
  facet normal 0.5620833869713721 0 0.8270805680771316
    outer loop
      vertex 68.76335575431585 1.2366442456841469 7.527050985395908
      vertex 68.76335575431585 113.56335575431585 7.527050985395908
      vertex 68.60748038440943 1.3925196155905724 7.632983779907226
    endloop
  endfacet
  facet normal 0.03141076973994236 0 0.9995065600306705
    outer loop
      vertex 67.10000000149012 2.899999998509884 8.09685737490654
      vertex 67.10000023857135 2.899999998509884 8.096857367455959
      vertex 67.10000000149012 111.90000000149011 8.09685737490654
    endloop
  endfacet
  facet normal 1 0 0
    outer loop
      vertex 67.10000000149012 2.899999998509884 8.09685737490654
      vertex 67.10000000149012 111.90000000149011 8.1
      vertex 67.10000000149012 2.899999998509884 8.1
    endloop
  endfacet
  facet normal 0.03141076881595499 0 0.999506560059708
    outer loop
      vertex 67.10000023857135 2.899999998509884 8.096857367455959
      vertex 67.18837156146765 2.8116284385323524 8.094080185890197
      vertex 67.18837156146765 111.98837156146764 8.094080185890197
    endloop
  endfacet
  facet normal 0.21814322930144273 0 0.9759167646423224
    outer loop
      vertex 67.74606966227293 2.25393033772707 8.00574948489666
      vertex 67.74606966227293 112.54606966227293 8.00574948489666
      vertex 67.56214394420385 2.4378560557961464 8.046861751377582
    endloop
  endfacet
  facet normal 0.1564344570149861 0 0.9876883418662116
    outer loop
      vertex 67.37599970400333 2.624000295996666 8.076344101130962
      vertex 67.56214394420385 2.4378560557961464 8.046861751377582
      vertex 67.56214394420385 112.36214394420385 8.046861751377582
    endloop
  endfacet
  facet normal 0.09410833107904502 0 0.9955619629242153
    outer loop
      vertex 67.18837156146765 2.8116284385323524 8.094080185890197
      vertex 67.37599970400333 2.624000295996666 8.076344101130962
      vertex 67.37599970400333 112.17599970400333 8.076344101130962
    endloop
  endfacet
  facet normal 0.509041410914965 0 0.860742029863595
    outer loop
      vertex 68.60748038440943 1.3925196155905724 7.632983779907226
      vertex 68.60748038440943 113.40748038440942 7.632983779907226
      vertex 68.44526102393866 1.5547389760613441 7.7289200410246846
    endloop
  endfacet
  facet normal 0.39714786641677735 0 0.9177546361640466
    outer loop
      vertex 68.27733787149191 1.722662128508091 7.81448116004467
      vertex 68.27733787149191 113.0773378714919 7.81448116004467
      vertex 68.10437365621328 1.8956263437867165 7.889329454302787
    endloop
  endfacet
  facet normal 0.4539904967446608 0 0.8910065257143385
    outer loop
      vertex 68.27733787149191 1.722662128508091 7.81448116004467
      vertex 68.44526102393866 1.5547389760613441 7.7289200410246846
      vertex 68.44526102393866 113.24526102393865 7.7289200410246846
    endloop
  endfacet
  facet normal 0.33873792723531293 0 0.9408807664376628
    outer loop
      vertex 68.10437365621328 1.8956263437867165 7.889329454302787
      vertex 68.10437365621328 112.90437365621328 7.889329454302787
      vertex 67.92705098539591 2.0729490146040916 7.9531695455312725
    endloop
  endfacet
  facet normal 0.2789911277216675 0 0.9602936793776121
    outer loop
      vertex 67.74606966227293 2.25393033772707 8.00574948489666
      vertex 67.92705098539591 2.0729490146040916 7.9531695455312725
      vertex 67.92705098539591 112.7270509853959 7.9531695455312725
    endloop
  endfacet
  facet normal 0 0 1
    outer loop
      vertex 70 0 5.200000001490116
      vertex 69.99685736745596 114.79690689276941 5.200000001490116
      vertex 69.99685736745596 114.79685736745596 5.200000001490116
    endloop
  endfacet
  facet normal 0 0 1
    outer loop
      vertex 70 0 5.200000001490116
      vertex 70 114.8 5.200000001490116
      vertex 69.99686705798158 114.8 5.200000001490116
    endloop
  endfacet
  facet normal 0 0 1
    outer loop
      vertex 70 0 5.200000001490116
      vertex 69.99686705798158 114.8 5.200000001490116
      vertex 69.99685736745596 114.79690689276941 5.200000001490116
    endloop
  endfacet
  facet normal 0.9995065627053245 0 0.031410684630990865
    outer loop
      vertex 69.9940801858902 0.005919814109802246 5.288371561467647
      vertex 69.99685736745596 114.79685736745596 5.200000001490116
      vertex 69.9940801858902 114.7940801858902 5.288371561467647
    endloop
  endfacet
  facet normal 0.9955619629242154 0 0.09410833107904504
    outer loop
      vertex 69.97634410113096 0.023655898869037628 5.475999704003334
      vertex 69.9940801858902 114.7940801858902 5.288371561467647
      vertex 69.97634410113096 114.77634410113096 5.475999704003334
    endloop
  endfacet
  facet normal 0.9876883418662116 0 0.15643445701498612
    outer loop
      vertex 69.94686175137758 0.05313824862241745 5.662143944203853
      vertex 69.97634410113096 114.77634410113096 5.475999704003334
      vertex 69.94686175137758 114.74686175137758 5.662143944203853
    endloop
  endfacet
  facet normal 0.9759167646423225 0 0.21814322930144278
    outer loop
      vertex 69.90574948489666 0.09425051510334015 5.84606966227293
      vertex 69.94686175137758 114.74686175137758 5.662143944203853
      vertex 69.90574948489666 114.70574948489666 5.84606966227293
    endloop
  endfacet
  facet normal 0.9602936793776122 0 0.2789911277216675
    outer loop
      vertex 69.85316954553127 0.1468304544687271 6.027050985395908
      vertex 69.90574948489666 114.70574948489666 5.84606966227293
      vertex 69.85316954553127 114.65316954553127 6.027050985395908
    endloop
  endfacet
  facet normal 0.9408807664376627 0 0.33873792723531293
    outer loop
      vertex 69.78932945430279 0.21067054569721222 6.204373656213283
      vertex 69.85316954553127 114.65316954553127 6.027050985395908
      vertex 69.78932945430279 114.58932945430278 6.204373656213283
    endloop
  endfacet
  facet normal 0.9177546361640466 0 0.3971478664167774
    outer loop
      vertex 69.71448116004467 0.2855188399553299 6.377337871491909
      vertex 69.78932945430279 114.58932945430278 6.204373656213283
      vertex 69.71448116004467 114.51448116004467 6.377337871491909
    endloop
  endfacet
  facet normal 0.8910065257143385 0 0.45399049674466085
    outer loop
      vertex 69.62892004102468 0.3710799589753151 6.5452610239386555
      vertex 69.71448116004467 114.51448116004467 6.377337871491909
      vertex 69.62892004102468 114.42892004102468 6.5452610239386555
    endloop
  endfacet
  facet normal 0.8607420298635949 0 0.509041410914965
    outer loop
      vertex 69.53298377990723 0.46701622009277344 6.707480384409427
      vertex 69.62892004102468 114.42892004102468 6.5452610239386555
      vertex 69.53298377990723 114.33298377990722 6.707480384409427
    endloop
  endfacet
  facet normal 0.8270805680771316 0 0.5620833869713721
    outer loop
      vertex 69.42705098539591 0.5729490146040916 6.863355754315853
      vertex 69.53298377990723 114.33298377990722 6.707480384409427
      vertex 69.42705098539591 114.2270509853959 6.863355754315853
    endloop
  endfacet
  facet normal 0.7901550204270125 0 0.6129070432732743
    outer loop
      vertex 69.31153973191977 0.6884602680802345 7.012271969020366
      vertex 69.42705098539591 114.2270509853959 6.863355754315853
      vertex 69.31153973191977 114.11153973191976 7.012271969020366
    endloop
  endfacet
  facet normal 0.7501110667550432 0 0.6613118685851715
    outer loop
      vertex 69.18690588325262 0.8130941167473793 7.153641319274902
      vertex 69.31153973191977 114.11153973191976 7.012271969020366
      vertex 69.18690588325262 113.98690588325262 7.153641319274902
    endloop
  endfacet
  facet normal 0.7071067811865475 0 0.7071067811865475
    outer loop
      vertex 69.0536413192749 0.9463586807250977 7.28690588325262
      vertex 69.18690588325262 113.98690588325262 7.153641319274902
      vertex 69.0536413192749 113.8536413192749 7.28690588325262
    endloop
  endfacet
  facet normal 0.6129070432732744 0 0.7901550204270126
    outer loop
      vertex 68.76335575431585 1.2366442456841469 7.527050985395908
      vertex 68.91227196902037 113.71227196902036 7.411539731919765
      vertex 68.76335575431585 113.56335575431585 7.527050985395908
    endloop
  endfacet
  facet normal 0.6613118685851717 0 0.7501110667550432
    outer loop
      vertex 68.91227196902037 1.0877280309796333 7.411539731919765
      vertex 69.0536413192749 113.8536413192749 7.28690588325262
      vertex 68.91227196902037 113.71227196902036 7.411539731919765
    endloop
  endfacet
  facet normal 1 0 0
    outer loop
      vertex 67.10000000149012 2.899999998509884 8.09685737490654
      vertex 67.10000000149012 111.90000000149011 8.09685737490654
      vertex 67.10000000149012 111.90000000149011 8.1
    endloop
  endfacet
  facet normal 0.031410768815957474 -2.0117048554517945e-18 0.9995065600597078
    outer loop
      vertex 67.10000023857135 2.899999998509884 8.096857367455959
      vertex 67.18837156146765 111.98837156146764 8.094080185890197
      vertex 67.10000000149012 111.90000000149011 8.09685737490654
    endloop
  endfacet
  facet normal 0.09410833107904502 0 0.9955619629242154
    outer loop
      vertex 67.18837156146765 2.8116284385323524 8.094080185890197
      vertex 67.37599970400333 112.17599970400333 8.076344101130962
      vertex 67.18837156146765 111.98837156146764 8.094080185890197
    endloop
  endfacet
  facet normal 0.21814322930144278 0 0.9759167646423225
    outer loop
      vertex 67.56214394420385 2.4378560557961464 8.046861751377582
      vertex 67.74606966227293 112.54606966227293 8.00574948489666
      vertex 67.56214394420385 112.36214394420385 8.046861751377582
    endloop
  endfacet
  facet normal 0.27899112772166756 0 0.9602936793776122
    outer loop
      vertex 67.74606966227293 2.25393033772707 8.00574948489666
      vertex 67.92705098539591 112.7270509853959 7.9531695455312725
      vertex 67.74606966227293 112.54606966227293 8.00574948489666
    endloop
  endfacet
  facet normal 0.15643445701498612 0 0.9876883418662117
    outer loop
      vertex 67.37599970400333 2.624000295996666 8.076344101130962
      vertex 67.56214394420385 112.36214394420385 8.046861751377582
      vertex 67.37599970400333 112.17599970400333 8.076344101130962
    endloop
  endfacet
  facet normal 0.5620833869713721 0 0.8270805680771317
    outer loop
      vertex 68.60748038440943 1.3925196155905724 7.632983779907226
      vertex 68.76335575431585 113.56335575431585 7.527050985395908
      vertex 68.60748038440943 113.40748038440942 7.632983779907226
    endloop
  endfacet
  facet normal 0.5090414109149649 0 0.8607420298635949
    outer loop
      vertex 68.44526102393866 1.5547389760613441 7.7289200410246846
      vertex 68.60748038440943 113.40748038440942 7.632983779907226
      vertex 68.44526102393866 113.24526102393865 7.7289200410246846
    endloop
  endfacet
  facet normal 0.45399049674466085 0 0.8910065257143384
    outer loop
      vertex 68.27733787149191 1.722662128508091 7.81448116004467
      vertex 68.44526102393866 113.24526102393865 7.7289200410246846
      vertex 68.27733787149191 113.0773378714919 7.81448116004467
    endloop
  endfacet
  facet normal 0.3971478664167774 0 0.9177546361640466
    outer loop
      vertex 68.10437365621328 1.8956263437867165 7.889329454302787
      vertex 68.27733787149191 113.0773378714919 7.81448116004467
      vertex 68.10437365621328 112.90437365621328 7.889329454302787
    endloop
  endfacet
  facet normal 0.33873792723531293 0 0.9408807664376627
    outer loop
      vertex 67.92705098539591 2.0729490146040916 7.9531695455312725
      vertex 68.10437365621328 112.90437365621328 7.889329454302787
      vertex 67.92705098539591 112.7270509853959 7.9531695455312725
    endloop
  endfacet
  facet normal 0 0 -1
    outer loop
      vertex 1.5 1.5 3.0999999999999996
      vertex 0 0 3.0999999999999996
      vertex 1.5 113.3 3.0999999999999996
    endloop
  endfacet
  facet normal 0 0 -1
    outer loop
      vertex 1.5 1.5 3.0999999999999996
      vertex 70 0 3.0999999999999996
      vertex 0 0 3.0999999999999996
    endloop
  endfacet
  facet normal 0 0 -1
    outer loop
      vertex 1.5 113.3 3.0999999999999996
      vertex 0 0 3.0999999999999996
      vertex 0 114.8 3.0999999999999996
    endloop
  endfacet
  facet normal 0 0 -1
    outer loop
      vertex 1.5 113.3 3.0999999999999996
      vertex 0 114.8 3.0999999999999996
      vertex 68.5 113.3 3.0999999999999996
    endloop
  endfacet
  facet normal 0 0 -1
    outer loop
      vertex 1.5 1.5 3.0999999999999996
      vertex 68.5 1.5 3.0999999999999996
      vertex 70 0 3.0999999999999996
    endloop
  endfacet
  facet normal 0 0 -1
    outer loop
      vertex 68.5 1.5 3.0999999999999996
      vertex 70 72.8 3.0999999999999996
      vertex 70 0 3.0999999999999996
    endloop
  endfacet
  facet normal 0 0 -1
    outer loop
      vertex 68.5 1.5 3.0999999999999996
      vertex 68.5 72.8 3.0999999999999996
      vertex 70 72.8 3.0999999999999996
    endloop
  endfacet
  facet normal 0 0 -1
    outer loop
      vertex 68.5 113.3 3.0999999999999996
      vertex 0 114.8 3.0999999999999996
      vertex 70 114.8 3.0999999999999996
    endloop
  endfacet
  facet normal 0 0 -1
    outer loop
      vertex 68.5 103.8 3.0999999999999996
      vertex 70 114.8 3.0999999999999996
      vertex 70 103.8 3.0999999999999996
    endloop
  endfacet
  facet normal 0 0 -1
    outer loop
      vertex 68.5 103.8 3.0999999999999996
      vertex 68.5 113.3 3.0999999999999996
      vertex 70 114.8 3.0999999999999996
    endloop
  endfacet
  facet normal -1 0 0
    outer loop
      vertex 1.5 1.5 3.0999999999999996
      vertex 1.5 113.3 0
      vertex 1.5 1.5 0
    endloop
  endfacet
  facet normal 0 -1 0
    outer loop
      vertex 1.5 1.5 3.0999999999999996
      vertex 1.5 1.5 0
      vertex 68.5 1.5 3.0999999999999996
    endloop
  endfacet
  facet normal -1 0 0
    outer loop
      vertex 1.5 1.5 3.0999999999999996
      vertex 1.5 113.3 3.0999999999999996
      vertex 1.5 113.3 0
    endloop
  endfacet
  facet normal 0 1 0
    outer loop
      vertex 1.5 113.3 3.0999999999999996
      vertex 68.5 113.3 0
      vertex 1.5 113.3 0
    endloop
  endfacet
  facet normal 0 -1 0
    outer loop
      vertex 68.5 1.5 3.0999999999999996
      vertex 1.5 1.5 0
      vertex 68.5 1.5 0
    endloop
  endfacet
  facet normal 1 0 0
    outer loop
      vertex 68.5 1.5 3.0999999999999996
      vertex 68.5 1.5 0
      vertex 68.5 72.8 3.0999999999999996
    endloop
  endfacet
  facet normal 1 0 0
    outer loop
      vertex 68.5 72.8 3.0999999999999996
      vertex 68.5 1.5 0
      vertex 68.5 72.8 0
    endloop
  endfacet
  facet normal 0 1 0
    outer loop
      vertex 1.5 113.3 3.0999999999999996
      vertex 68.5 113.3 3.0999999999999996
      vertex 68.5 113.3 0
    endloop
  endfacet
  facet normal 1 0 0
    outer loop
      vertex 68.5 113.3 3.0999999999999996
      vertex 68.5 103.8 0
      vertex 68.5 113.3 0
    endloop
  endfacet
  facet normal 1 0 0
    outer loop
      vertex 68.5 103.8 3.0999999999999996
      vertex 68.5 103.8 0
      vertex 68.5 113.3 3.0999999999999996
    endloop
  endfacet
  facet normal 0.9408807689542259 0.3387379202452903 0
    outer loop
      vertex 7.828363436081666 14.054440228623466 6.1
      vertex 7.698555250599564 14.414996334312821 6.1
      vertex 7.698555250599564 14.414996334312821 8.1
    endloop
  endfacet
  facet normal 0.9177546256839805 0.39714789063478206 0
    outer loop
      vertex 7.980554979957281 13.70274632145306 6.1
      vertex 7.828363436081666 14.054440228623466 6.1
      vertex 7.828363436081666 14.054440228623466 8.1
    endloop
  endfacet
  facet normal 0.8910065241883671 0.4539904997395483 0
    outer loop
      vertex 7.980554979957281 13.70274632145306 6.1
      vertex 7.980554979957281 13.70274632145306 8.1
      vertex 8.154529251732434 13.361302587979537 6.1
    endloop
  endfacet
  facet normal 0.8270805742745632 0.5620833778521286 0
    outer loop
      vertex 8.56499633431282 12.714509961015915 6.1
      vertex 8.349599654437709 13.031456550628121 6.1
      vertex 8.349599654437709 13.031456550628121 8.1
    endloop
  endfacet
  facet normal 0.8607420270039449 0.5090414157503692 0
    outer loop
      vertex 8.154529251732434 13.361302587979537 6.1
      vertex 8.154529251732434 13.361302587979537 8.1
      vertex 8.349599654437709 13.031456550628121 6.1
    endloop
  endfacet
  facet normal 0.7901550123756911 0.6129070536529756 0
    outer loop
      vertex 8.56499633431282 12.714509961015915 6.1
      vertex 8.56499633431282 12.714509961015915 8.1
      vertex 8.799869219067684 12.411713662532994 6.1
    endloop
  endfacet
  facet normal 0.7901550123756911 0.6129070536529756 0
    outer loop
      vertex 8.799869219067684 12.411713662532994 6.1
      vertex 8.56499633431282 12.714509961015915 8.1
      vertex 8.799869219067684 12.411713662532994 8.1
    endloop
  endfacet
  facet normal 0.9408807689542259 0.3387379202452903 0
    outer loop
      vertex 7.828363436081666 14.054440228623466 6.1
      vertex 7.698555250599564 14.414996334312821 8.1
      vertex 7.828363436081666 14.054440228623466 8.1
    endloop
  endfacet
  facet normal 0.9177546256839805 0.39714789063478206 0
    outer loop
      vertex 7.980554979957281 13.70274632145306 6.1
      vertex 7.828363436081666 14.054440228623466 8.1
      vertex 7.980554979957281 13.70274632145306 8.1
    endloop
  endfacet
  facet normal 0.8910065241883671 0.4539904997395483 0
    outer loop
      vertex 8.154529251732434 13.361302587979537 6.1
      vertex 7.980554979957281 13.70274632145306 8.1
      vertex 8.154529251732434 13.361302587979537 8.1
    endloop
  endfacet
  facet normal 0.8607420270039449 0.5090414157503692 0
    outer loop
      vertex 8.349599654437709 13.031456550628121 6.1
      vertex 8.154529251732434 13.361302587979537 8.1
      vertex 8.349599654437709 13.031456550628121 8.1
    endloop
  endfacet
  facet normal 0.8270805742745632 0.5620833778521286 0
    outer loop
      vertex 8.56499633431282 12.714509961015915 6.1
      vertex 8.349599654437709 13.031456550628121 8.1
      vertex 8.56499633431282 12.714509961015915 8.1
    endloop
  endfacet
  facet normal 0.9602936856769426 0.27899110603923094 0
    outer loop
      vertex 7.698555250599564 14.414996334312821 6.1
      vertex 7.59164271711535 14.782991688294386 6.1
      vertex 7.59164271711535 14.782991688294386 8.1
    endloop
  endfacet
  facet normal 0.9759167619387474 0.21814324139654204 0
    outer loop
      vertex 7.508047770555 15.156973981027079 6.1
      vertex 7.508047770555 15.156973981027079 8.1
      vertex 7.59164271711535 14.782991688294386 6.1
    endloop
  endfacet
  facet normal 0.9876883405951375 0.15643446504023195 0
    outer loop
      vertex 7.508047770555 15.156973981027079 6.1
      vertex 7.448100321981685 15.535467275257746 6.1
      vertex 7.448100321981685 15.535467275257746 8.1
    endloop
  endfacet
  facet normal 0.9955619646030802 0.09410831331851283 0
    outer loop
      vertex 7.448100321981685 15.535467275257746 6.1
      vertex 7.412036956587544 15.91697783087119 6.1
      vertex 7.412036956587544 15.91697783087119 8.1
    endloop
  endfacet
  facet normal 0.9995065603657315 0.03141075907812857 0
    outer loop
      vertex 7.412036956587544 15.91697783087119 6.1
      vertex 7.4 16.3 6.1
      vertex 7.4 16.3 8.1
    endloop
  endfacet
  facet normal 0.9995065603657315 -0.03141075907812857 0
    outer loop
      vertex 7.4 16.3 6.1
      vertex 7.412036956587544 16.68302216912881 6.1
      vertex 7.412036956587544 16.68302216912881 8.1
    endloop
  endfacet
  facet normal 0.9955619646030802 -0.09410831331851238 0
    outer loop
      vertex 7.412036956587544 16.68302216912881 6.1
      vertex 7.448100321981685 17.064532724742257 6.1
      vertex 7.448100321981685 17.064532724742257 8.1
    endloop
  endfacet
  facet normal 0.9876883405951374 -0.1564344650402327 0
    outer loop
      vertex 7.448100321981685 17.064532724742257 6.1
      vertex 7.508047770555 17.443026018972922 6.1
      vertex 7.508047770555 17.443026018972922 8.1
    endloop
  endfacet
  facet normal 0.9759167619387472 -0.218143241396543 0
    outer loop
      vertex 7.508047770555 17.443026018972922 6.1
      vertex 7.59164271711535 17.817008311705614 6.1
      vertex 7.59164271711535 17.817008311705614 8.1
    endloop
  endfacet
  facet normal 0.9602936856769428 -0.27899110603922966 0
    outer loop
      vertex 7.59164271711535 17.817008311705614 6.1
      vertex 7.698555250599564 18.18500366568718 6.1
      vertex 7.698555250599564 18.18500366568718 8.1
    endloop
  endfacet
  facet normal 0.9408807689542259 -0.3387379202452903 0
    outer loop
      vertex 7.698555250599564 18.18500366568718 6.1
      vertex 7.828363436081666 18.545559771376535 6.1
      vertex 7.828363436081666 18.545559771376535 8.1
    endloop
  endfacet
  facet normal 0.9177546256839805 -0.39714789063478206 0
    outer loop
      vertex 7.828363436081666 18.545559771376535 6.1
      vertex 7.980554979957281 18.897253678546942 6.1
      vertex 7.980554979957281 18.897253678546942 8.1
    endloop
  endfacet
  facet normal 0.8910065241883671 -0.4539904997395483 0
    outer loop
      vertex 7.980554979957281 18.897253678546942 6.1
      vertex 8.154529251732434 19.238697412020464 6.1
      vertex 8.154529251732434 19.238697412020464 8.1
    endloop
  endfacet
  facet normal 0.8607420270039449 -0.5090414157503692 0
    outer loop
      vertex 8.154529251732434 19.238697412020464 6.1
      vertex 8.349599654437709 19.56854344937188 6.1
      vertex 8.349599654437709 19.56854344937188 8.1
    endloop
  endfacet
  facet normal 0.8270805742745647 -0.5620833778521265 0
    outer loop
      vertex 8.349599654437709 19.56854344937188 6.1
      vertex 8.56499633431282 19.885490038984088 6.1
      vertex 8.56499633431282 19.885490038984088 8.1
    endloop
  endfacet
  facet normal 0.7901550123756911 -0.6129070536529756 0
    outer loop
      vertex 8.56499633431282 19.885490038984088 6.1
      vertex 8.799869219067684 20.18828633746701 6.1
      vertex 8.799869219067684 20.18828633746701 8.1
    endloop
  endfacet
  facet normal 0.9759167619387474 0.21814324139654204 0
    outer loop
      vertex 7.59164271711535 14.782991688294386 6.1
      vertex 7.508047770555 15.156973981027079 8.1
      vertex 7.59164271711535 14.782991688294386 8.1
    endloop
  endfacet
  facet normal 0.9876883405951375 0.15643446504023195 0
    outer loop
      vertex 7.508047770555 15.156973981027079 6.1
      vertex 7.448100321981685 15.535467275257746 8.1
      vertex 7.508047770555 15.156973981027079 8.1
    endloop
  endfacet
  facet normal 0.9955619646030802 0.09410831331851283 0
    outer loop
      vertex 7.448100321981685 15.535467275257746 6.1
      vertex 7.412036956587544 15.91697783087119 8.1
      vertex 7.448100321981685 15.535467275257746 8.1
    endloop
  endfacet
  facet normal 0.9995065603657315 0.03141075907812857 0
    outer loop
      vertex 7.412036956587544 15.91697783087119 6.1
      vertex 7.4 16.3 8.1
      vertex 7.412036956587544 15.91697783087119 8.1
    endloop
  endfacet
  facet normal 0.9995065603657315 -0.03141075907812857 0
    outer loop
      vertex 7.4 16.3 6.1
      vertex 7.412036956587544 16.68302216912881 8.1
      vertex 7.4 16.3 8.1
    endloop
  endfacet
  facet normal 0.9955619646030802 -0.09410831331851238 0
    outer loop
      vertex 7.412036956587544 16.68302216912881 6.1
      vertex 7.448100321981685 17.064532724742257 8.1
      vertex 7.412036956587544 16.68302216912881 8.1
    endloop
  endfacet
  facet normal 0.9876883405951374 -0.1564344650402327 0
    outer loop
      vertex 7.448100321981685 17.064532724742257 6.1
      vertex 7.508047770555 17.443026018972922 8.1
      vertex 7.448100321981685 17.064532724742257 8.1
    endloop
  endfacet
  facet normal 0.9759167619387472 -0.218143241396543 0
    outer loop
      vertex 7.508047770555 17.443026018972922 6.1
      vertex 7.59164271711535 17.817008311705614 8.1
      vertex 7.508047770555 17.443026018972922 8.1
    endloop
  endfacet
  facet normal 0.9602936856769426 0.27899110603923094 0
    outer loop
      vertex 7.698555250599564 14.414996334312821 6.1
      vertex 7.59164271711535 14.782991688294386 8.1
      vertex 7.698555250599564 14.414996334312821 8.1
    endloop
  endfacet
  facet normal 0.9602936856769428 -0.27899110603922966 0
    outer loop
      vertex 7.59164271711535 17.817008311705614 6.1
      vertex 7.698555250599564 18.18500366568718 8.1
      vertex 7.59164271711535 17.817008311705614 8.1
    endloop
  endfacet
  facet normal 0.9408807689542259 -0.3387379202452903 0
    outer loop
      vertex 7.698555250599564 18.18500366568718 6.1
      vertex 7.828363436081666 18.545559771376535 8.1
      vertex 7.698555250599564 18.18500366568718 8.1
    endloop
  endfacet
  facet normal 0.9177546256839805 -0.39714789063478206 0
    outer loop
      vertex 7.828363436081666 18.545559771376535 6.1
      vertex 7.980554979957281 18.897253678546942 8.1
      vertex 7.828363436081666 18.545559771376535 8.1
    endloop
  endfacet
  facet normal 0.8910065241883671 -0.4539904997395483 0
    outer loop
      vertex 7.980554979957281 18.897253678546942 6.1
      vertex 8.154529251732434 19.238697412020464 8.1
      vertex 7.980554979957281 18.897253678546942 8.1
    endloop
  endfacet
  facet normal 0.8607420270039449 -0.5090414157503692 0
    outer loop
      vertex 8.154529251732434 19.238697412020464 6.1
      vertex 8.349599654437709 19.56854344937188 8.1
      vertex 8.154529251732434 19.238697412020464 8.1
    endloop
  endfacet
  facet normal 0.8270805742745647 -0.5620833778521265 0
    outer loop
      vertex 8.349599654437709 19.56854344937188 6.1
      vertex 8.56499633431282 19.885490038984088 8.1
      vertex 8.349599654437709 19.56854344937188 8.1
    endloop
  endfacet
  facet normal 0.7901550123756911 -0.6129070536529756 0
    outer loop
      vertex 8.56499633431282 19.885490038984088 6.1
      vertex 8.799869219067684 20.18828633746701 8.1
      vertex 8.56499633431282 19.885490038984088 8.1
    endloop
  endfacet
  facet normal 0.7501110696304575 0.6613118653236542 0
    outer loop
      vertex 8.799869219067684 12.411713662532994 6.1
      vertex 8.799869219067684 12.411713662532994 8.1
      vertex 9.05329137272939 12.124262653835 6.1
    endloop
  endfacet
  facet normal 0.7071067811865476 0.7071067811865476 0
    outer loop
      vertex 9.324262653835 11.853291372729391 6.1
      vertex 9.05329137272939 12.124262653835 6.1
      vertex 9.05329137272939 12.124262653835 8.1
    endloop
  endfacet
  facet normal 0.6129070536529756 0.7901550123756911 0
    outer loop
      vertex 9.611713662532994 11.599869219067685 6.1
      vertex 9.611713662532994 11.599869219067685 8.1
      vertex 9.914509961015915 11.36499633431282 6.1
    endloop
  endfacet
  facet normal 0.6613118653236542 0.7501110696304575 0
    outer loop
      vertex 9.324262653835 11.853291372729391 6.1
      vertex 9.324262653835 11.853291372729391 8.1
      vertex 9.611713662532994 11.599869219067685 6.1
    endloop
  endfacet
  facet normal 0.5620833778521286 0.8270805742745632 0
    outer loop
      vertex 9.914509961015915 11.36499633431282 6.1
      vertex 9.914509961015915 11.36499633431282 8.1
      vertex 10.23145655062812 11.14959965443771 6.1
    endloop
  endfacet
  facet normal 0.5090414157503692 0.8607420270039449 0
    outer loop
      vertex 10.561302587979537 10.954529251732435 6.1
      vertex 10.23145655062812 11.14959965443771 6.1
      vertex 10.23145655062812 11.14959965443771 8.1
    endloop
  endfacet
  facet normal 0.4539904997395483 0.8910065241883671 0
    outer loop
      vertex 10.561302587979537 10.954529251732435 6.1
      vertex 10.561302587979537 10.954529251732435 8.1
      vertex 10.902746321453058 10.780554979957282 6.1
    endloop
  endfacet
  facet normal 0.39714789063478206 0.9177546256839805 0
    outer loop
      vertex 10.902746321453058 10.780554979957282 6.1
      vertex 10.902746321453058 10.780554979957282 8.1
      vertex 11.254440228623466 10.628363436081667 6.1
    endloop
  endfacet
  facet normal 0.3387379202452882 0.9408807689542266 0
    outer loop
      vertex 11.254440228623466 10.628363436081667 6.1
      vertex 11.254440228623466 10.628363436081667 8.1
      vertex 11.61499633431282 10.498555250599566 6.1
    endloop
  endfacet
  facet normal 0.27899110603923305 0.9602936856769418 0
    outer loop
      vertex 11.61499633431282 10.498555250599566 6.1
      vertex 11.61499633431282 10.498555250599566 8.1
      vertex 11.982991688294385 10.391642717115351 6.1
    endloop
  endfacet
  facet normal 0.21814324139654426 0.975916761938747 0
    outer loop
      vertex 11.982991688294385 10.391642717115351 6.1
      vertex 11.982991688294385 10.391642717115351 8.1
      vertex 12.356973981027078 10.308047770555 6.1
    endloop
  endfacet
  facet normal 0.15643446504023195 0.9876883405951375 0
    outer loop
      vertex 12.356973981027078 10.308047770555 6.1
      vertex 12.356973981027078 10.308047770555 8.1
      vertex 12.735467275257745 10.248100321981685 6.1
    endloop
  endfacet
  facet normal 0.09410831331851138 0.9955619646030803 0
    outer loop
      vertex 12.735467275257745 10.248100321981685 6.1
      vertex 12.735467275257745 10.248100321981685 8.1
      vertex 13.116977830871186 10.212036956587545 6.1
    endloop
  endfacet
  facet normal 0.03141075907812828 0.9995065603657315 0
    outer loop
      vertex 13.116977830871186 10.212036956587545 6.1
      vertex 13.116977830871186 10.212036956587545 8.1
      vertex 13.5 10.200000000000001 6.1
    endloop
  endfacet
  facet normal -0.03141075907812828 0.9995065603657315 0
    outer loop
      vertex 13.5 10.200000000000001 6.1
      vertex 13.5 10.200000000000001 8.1
      vertex 13.883022169128814 10.212036956587545 6.1
    endloop
  endfacet
  facet normal -0.09410831331851138 0.9955619646030803 0
    outer loop
      vertex 13.883022169128814 10.212036956587545 6.1
      vertex 13.883022169128814 10.212036956587545 8.1
      vertex 14.264532724742255 10.248100321981685 6.1
    endloop
  endfacet
  facet normal -0.15643446504023195 0.9876883405951375 0
    outer loop
      vertex 14.264532724742255 10.248100321981685 6.1
      vertex 14.264532724742255 10.248100321981685 8.1
      vertex 14.643026018972922 10.308047770555 6.1
    endloop
  endfacet
  facet normal -0.21814324139654623 0.9759167619387465 0
    outer loop
      vertex 14.643026018972922 10.308047770555 6.1
      vertex 14.643026018972922 10.308047770555 8.1
      vertex 15.017008311705611 10.391642717115351 6.1
    endloop
  endfacet
  facet normal -0.27899110603923055 0.9602936856769426 0
    outer loop
      vertex 15.017008311705611 10.391642717115351 6.1
      vertex 15.017008311705611 10.391642717115351 8.1
      vertex 15.38500366568718 10.498555250599566 6.1
    endloop
  endfacet
  facet normal -0.33873792024528937 0.9408807689542261 0
    outer loop
      vertex 15.38500366568718 10.498555250599566 6.1
      vertex 15.38500366568718 10.498555250599566 8.1
      vertex 15.745559771376538 10.628363436081669 6.1
    endloop
  endfacet
  facet normal -0.3971478906347815 0.9177546256839807 0
    outer loop
      vertex 15.745559771376538 10.628363436081669 6.1
      vertex 15.745559771376538 10.628363436081669 8.1
      vertex 16.09725367854694 10.780554979957282 6.1
    endloop
  endfacet
  facet normal -0.4539904997395483 0.8910065241883671 0
    outer loop
      vertex 16.09725367854694 10.780554979957282 6.1
      vertex 16.09725367854694 10.780554979957282 8.1
      vertex 16.438697412020463 10.954529251732435 6.1
    endloop
  endfacet
  facet normal -0.50904141575037 0.8607420270039445 0
    outer loop
      vertex 16.438697412020463 10.954529251732435 6.1
      vertex 16.438697412020463 10.954529251732435 8.1
      vertex 16.768543449371876 11.149599654437708 6.1
    endloop
  endfacet
  facet normal -0.5620833778521296 0.8270805742745625 0
    outer loop
      vertex 16.768543449371876 11.149599654437708 6.1
      vertex 16.768543449371876 11.149599654437708 8.1
      vertex 17.085490038984084 11.36499633431282 6.1
    endloop
  endfacet
  facet normal -0.6129070536529768 0.79015501237569 0
    outer loop
      vertex 17.085490038984084 11.36499633431282 6.1
      vertex 17.085490038984084 11.36499633431282 8.1
      vertex 17.388286337467008 11.599869219067688 6.1
    endloop
  endfacet
  facet normal -0.6613118653236512 0.75011106963046 0
    outer loop
      vertex 17.388286337467008 11.599869219067688 6.1
      vertex 17.388286337467008 11.599869219067688 8.1
      vertex 17.675737346165 11.853291372729391 6.1
    endloop
  endfacet
  facet normal 0.7501110696304575 0.6613118653236542 0
    outer loop
      vertex 9.05329137272939 12.124262653835 6.1
      vertex 8.799869219067684 12.411713662532994 8.1
      vertex 9.05329137272939 12.124262653835 8.1
    endloop
  endfacet
  facet normal 0.7071067811865476 0.7071067811865476 0
    outer loop
      vertex 9.324262653835 11.853291372729391 6.1
      vertex 9.05329137272939 12.124262653835 8.1
      vertex 9.324262653835 11.853291372729391 8.1
    endloop
  endfacet
  facet normal 0.6129070536529756 0.7901550123756911 0
    outer loop
      vertex 9.914509961015915 11.36499633431282 6.1
      vertex 9.611713662532994 11.599869219067685 8.1
      vertex 9.914509961015915 11.36499633431282 8.1
    endloop
  endfacet
  facet normal 0.6613118653236542 0.7501110696304575 0
    outer loop
      vertex 9.611713662532994 11.599869219067685 6.1
      vertex 9.324262653835 11.853291372729391 8.1
      vertex 9.611713662532994 11.599869219067685 8.1
    endloop
  endfacet
  facet normal 0.5620833778521286 0.8270805742745632 0
    outer loop
      vertex 10.23145655062812 11.14959965443771 6.1
      vertex 9.914509961015915 11.36499633431282 8.1
      vertex 10.23145655062812 11.14959965443771 8.1
    endloop
  endfacet
  facet normal 0.5090414157503692 0.8607420270039449 0
    outer loop
      vertex 10.561302587979537 10.954529251732435 6.1
      vertex 10.23145655062812 11.14959965443771 8.1
      vertex 10.561302587979537 10.954529251732435 8.1
    endloop
  endfacet
  facet normal 0.4539904997395483 0.8910065241883671 0
    outer loop
      vertex 10.902746321453058 10.780554979957282 6.1
      vertex 10.561302587979537 10.954529251732435 8.1
      vertex 10.902746321453058 10.780554979957282 8.1
    endloop
  endfacet
  facet normal 0.39714789063478206 0.9177546256839805 0
    outer loop
      vertex 11.254440228623466 10.628363436081667 6.1
      vertex 10.902746321453058 10.780554979957282 8.1
      vertex 11.254440228623466 10.628363436081667 8.1
    endloop
  endfacet
  facet normal 0.3387379202452882 0.9408807689542266 0
    outer loop
      vertex 11.61499633431282 10.498555250599566 6.1
      vertex 11.254440228623466 10.628363436081667 8.1
      vertex 11.61499633431282 10.498555250599566 8.1
    endloop
  endfacet
  facet normal 0.27899110603923305 0.9602936856769418 0
    outer loop
      vertex 11.982991688294385 10.391642717115351 6.1
      vertex 11.61499633431282 10.498555250599566 8.1
      vertex 11.982991688294385 10.391642717115351 8.1
    endloop
  endfacet
  facet normal 0.21814324139654426 0.975916761938747 0
    outer loop
      vertex 12.356973981027078 10.308047770555 6.1
      vertex 11.982991688294385 10.391642717115351 8.1
      vertex 12.356973981027078 10.308047770555 8.1
    endloop
  endfacet
  facet normal 0.15643446504023195 0.9876883405951375 0
    outer loop
      vertex 12.735467275257745 10.248100321981685 6.1
      vertex 12.356973981027078 10.308047770555 8.1
      vertex 12.735467275257745 10.248100321981685 8.1
    endloop
  endfacet
  facet normal 0.09410831331851138 0.9955619646030803 0
    outer loop
      vertex 13.116977830871186 10.212036956587545 6.1
      vertex 12.735467275257745 10.248100321981685 8.1
      vertex 13.116977830871186 10.212036956587545 8.1
    endloop
  endfacet
  facet normal 0.03141075907812828 0.9995065603657315 0
    outer loop
      vertex 13.5 10.200000000000001 6.1
      vertex 13.116977830871186 10.212036956587545 8.1
      vertex 13.5 10.200000000000001 8.1
    endloop
  endfacet
  facet normal -0.03141075907812828 0.9995065603657315 0
    outer loop
      vertex 13.883022169128814 10.212036956587545 6.1
      vertex 13.5 10.200000000000001 8.1
      vertex 13.883022169128814 10.212036956587545 8.1
    endloop
  endfacet
  facet normal -0.09410831331851138 0.9955619646030803 0
    outer loop
      vertex 14.264532724742255 10.248100321981685 6.1
      vertex 13.883022169128814 10.212036956587545 8.1
      vertex 14.264532724742255 10.248100321981685 8.1
    endloop
  endfacet
  facet normal -0.15643446504023195 0.9876883405951375 0
    outer loop
      vertex 14.643026018972922 10.308047770555 6.1
      vertex 14.264532724742255 10.248100321981685 8.1
      vertex 14.643026018972922 10.308047770555 8.1
    endloop
  endfacet
  facet normal -0.21814324139654623 0.9759167619387465 0
    outer loop
      vertex 15.017008311705611 10.391642717115351 6.1
      vertex 14.643026018972922 10.308047770555 8.1
      vertex 15.017008311705611 10.391642717115351 8.1
    endloop
  endfacet
  facet normal -0.27899110603923055 0.9602936856769426 0
    outer loop
      vertex 15.38500366568718 10.498555250599566 6.1
      vertex 15.017008311705611 10.391642717115351 8.1
      vertex 15.38500366568718 10.498555250599566 8.1
    endloop
  endfacet
  facet normal -0.33873792024528937 0.9408807689542261 0
    outer loop
      vertex 15.745559771376538 10.628363436081669 6.1
      vertex 15.38500366568718 10.498555250599566 8.1
      vertex 15.745559771376538 10.628363436081669 8.1
    endloop
  endfacet
  facet normal -0.3971478906347815 0.9177546256839807 0
    outer loop
      vertex 16.09725367854694 10.780554979957282 6.1
      vertex 15.745559771376538 10.628363436081669 8.1
      vertex 16.09725367854694 10.780554979957282 8.1
    endloop
  endfacet
  facet normal -0.4539904997395483 0.8910065241883671 0
    outer loop
      vertex 16.438697412020463 10.954529251732435 6.1
      vertex 16.09725367854694 10.780554979957282 8.1
      vertex 16.438697412020463 10.954529251732435 8.1
    endloop
  endfacet
  facet normal -0.50904141575037 0.8607420270039445 0
    outer loop
      vertex 16.768543449371876 11.149599654437708 6.1
      vertex 16.438697412020463 10.954529251732435 8.1
      vertex 16.768543449371876 11.149599654437708 8.1
    endloop
  endfacet
  facet normal -0.5620833778521296 0.8270805742745625 0
    outer loop
      vertex 17.085490038984084 11.36499633431282 6.1
      vertex 16.768543449371876 11.149599654437708 8.1
      vertex 17.085490038984084 11.36499633431282 8.1
    endloop
  endfacet
  facet normal -0.6129070536529768 0.79015501237569 0
    outer loop
      vertex 17.388286337467008 11.599869219067688 6.1
      vertex 17.085490038984084 11.36499633431282 8.1
      vertex 17.388286337467008 11.599869219067688 8.1
    endloop
  endfacet
  facet normal 0.7501110696304556 -0.6613118653236565 0
    outer loop
      vertex 8.799869219067684 20.18828633746701 6.1
      vertex 9.05329137272939 20.475737346165 6.1
      vertex 9.05329137272939 20.475737346165 8.1
    endloop
  endfacet
  facet normal 0.7071067811865476 -0.7071067811865476 0
    outer loop
      vertex 9.05329137272939 20.475737346165 6.1
      vertex 9.324262653835 20.74670862727061 6.1
      vertex 9.324262653835 20.74670862727061 8.1
    endloop
  endfacet
  facet normal 0.6613118653236542 -0.7501110696304575 0
    outer loop
      vertex 9.324262653835 20.74670862727061 6.1
      vertex 9.611713662532994 21.000130780932317 6.1
      vertex 9.611713662532994 21.000130780932317 8.1
    endloop
  endfacet
  facet normal 0.6129070536529756 -0.7901550123756911 0
    outer loop
      vertex 9.611713662532994 21.000130780932317 6.1
      vertex 9.914509961015915 21.23500366568718 6.1
      vertex 9.914509961015915 21.23500366568718 8.1
    endloop
  endfacet
  facet normal 0.5620833778521318 -0.8270805742745609 0
    outer loop
      vertex 9.914509961015915 21.23500366568718 6.1
      vertex 10.23145655062812 21.450400345562294 6.1
      vertex 10.23145655062812 21.450400345562294 8.1
    endloop
  endfacet
  facet normal 0.5090414157503726 -0.8607420270039428 0
    outer loop
      vertex 10.23145655062812 21.450400345562294 6.1
      vertex 10.561302587979537 21.64547074826757 6.1
      vertex 10.561302587979537 21.64547074826757 8.1
    endloop
  endfacet
  facet normal 0.45399049973954647 -0.891006524188368 0
    outer loop
      vertex 10.561302587979537 21.64547074826757 6.1
      vertex 10.902746321453057 21.81944502004272 6.1
      vertex 10.902746321453057 21.81944502004272 8.1
    endloop
  endfacet
  facet normal 0.39714789063477646 -0.9177546256839829 0
    outer loop
      vertex 10.902746321453057 21.81944502004272 6.1
      vertex 11.254440228623466 21.971636563918334 6.1
      vertex 11.254440228623466 21.971636563918334 8.1
    endloop
  endfacet
  facet normal 0.3387379202452882 -0.9408807689542266 0
    outer loop
      vertex 11.254440228623466 21.971636563918334 6.1
      vertex 11.61499633431282 22.101444749400436 6.1
      vertex 11.61499633431282 22.101444749400436 8.1
    endloop
  endfacet
  facet normal 0.2789911060392288 -0.9602936856769432 0
    outer loop
      vertex 11.61499633431282 22.101444749400436 6.1
      vertex 11.982991688294385 22.20835728288465 6.1
      vertex 11.982991688294385 22.20835728288465 8.1
    endloop
  endfacet
  facet normal 0.21814324139654767 -0.9759167619387461 0
    outer loop
      vertex 11.982991688294385 22.20835728288465 6.1
      vertex 12.35697398102708 22.291952229445002 6.1
      vertex 12.35697398102708 22.291952229445002 8.1
    endloop
  endfacet
  facet normal 0.1564344650402334 -0.9876883405951372 0
    outer loop
      vertex 12.35697398102708 22.291952229445002 6.1
      vertex 12.735467275257744 22.351899678018317 6.1
      vertex 12.735467275257744 22.351899678018317 8.1
    endloop
  endfacet
  facet normal 0.0941083133185055 -0.9955619646030809 0
    outer loop
      vertex 12.735467275257744 22.351899678018317 6.1
      vertex 13.116977830871189 22.387963043412455 6.1
      vertex 13.116977830871189 22.387963043412455 8.1
    endloop
  endfacet
  facet normal -0.5090414157503726 -0.8607420270039428 0
    outer loop
      vertex 16.438697412020463 21.64547074826757 6.1
      vertex 16.76854344937188 21.450400345562294 6.1
      vertex 16.76854344937188 21.450400345562294 8.1
    endloop
  endfacet
  facet normal -0.5620833778521339 -0.8270805742745596 0
    outer loop
      vertex 16.76854344937188 21.450400345562294 6.1
      vertex 17.085490038984084 21.23500366568718 6.1
      vertex 17.085490038984084 21.23500366568718 8.1
    endloop
  endfacet
  facet normal -0.6129070536529768 -0.79015501237569 0
    outer loop
      vertex 17.085490038984084 21.23500366568718 6.1
      vertex 17.388286337467008 21.000130780932313 6.1
      vertex 17.388286337467008 21.000130780932313 8.1
    endloop
  endfacet
  facet normal 0.03141075907812857 -0.9995065603657315 0
    outer loop
      vertex 13.116977830871189 22.387963043412455 6.1
      vertex 13.5 22.4 6.1
      vertex 13.5 22.4 8.1
    endloop
  endfacet
  facet normal -0.03141075907812857 -0.9995065603657315 0
    outer loop
      vertex 13.883022169128811 22.387963043412455 6.1
      vertex 13.883022169128811 22.387963043412455 8.1
      vertex 13.5 22.4 6.1
    endloop
  endfacet
  facet normal -0.0941083133185055 -0.9955619646030809 0
    outer loop
      vertex 13.883022169128811 22.387963043412455 6.1
      vertex 14.264532724742256 22.351899678018317 6.1
      vertex 14.264532724742256 22.351899678018317 8.1
    endloop
  endfacet
  facet normal -0.1564344650402334 -0.9876883405951372 0
    outer loop
      vertex 14.264532724742256 22.351899678018317 6.1
      vertex 14.64302601897292 22.291952229445002 6.1
      vertex 14.64302601897292 22.291952229445002 8.1
    endloop
  endfacet
  facet normal -0.21814324139654767 -0.9759167619387461 0
    outer loop
      vertex 14.64302601897292 22.291952229445002 6.1
      vertex 15.017008311705615 22.20835728288465 6.1
      vertex 15.017008311705615 22.20835728288465 8.1
    endloop
  endfacet
  facet normal -0.2789911060392288 -0.9602936856769432 0
    outer loop
      vertex 15.017008311705615 22.20835728288465 6.1
      vertex 15.38500366568718 22.101444749400436 6.1
      vertex 15.38500366568718 22.101444749400436 8.1
    endloop
  endfacet
  facet normal -0.3387379202452882 -0.9408807689542266 0
    outer loop
      vertex 15.38500366568718 22.101444749400436 6.1
      vertex 15.745559771376534 21.971636563918334 6.1
      vertex 15.745559771376534 21.971636563918334 8.1
    endloop
  endfacet
  facet normal -0.3971478906347782 -0.9177546256839823 0
    outer loop
      vertex 15.745559771376534 21.971636563918334 6.1
      vertex 16.09725367854694 21.81944502004272 6.1
      vertex 16.09725367854694 21.81944502004272 8.1
    endloop
  endfacet
  facet normal -0.45399049973954464 -0.891006524188369 0
    outer loop
      vertex 16.09725367854694 21.81944502004272 6.1
      vertex 16.438697412020463 21.64547074826757 6.1
      vertex 16.438697412020463 21.64547074826757 8.1
    endloop
  endfacet
  facet normal 0.7501110696304556 -0.6613118653236565 0
    outer loop
      vertex 8.799869219067684 20.18828633746701 6.1
      vertex 9.05329137272939 20.475737346165 8.1
      vertex 8.799869219067684 20.18828633746701 8.1
    endloop
  endfacet
  facet normal 0.7071067811865476 -0.7071067811865476 0
    outer loop
      vertex 9.05329137272939 20.475737346165 6.1
      vertex 9.324262653835 20.74670862727061 8.1
      vertex 9.05329137272939 20.475737346165 8.1
    endloop
  endfacet
  facet normal 0.6613118653236542 -0.7501110696304575 0
    outer loop
      vertex 9.324262653835 20.74670862727061 6.1
      vertex 9.611713662532994 21.000130780932317 8.1
      vertex 9.324262653835 20.74670862727061 8.1
    endloop
  endfacet
  facet normal 0.6129070536529756 -0.7901550123756911 0
    outer loop
      vertex 9.611713662532994 21.000130780932317 6.1
      vertex 9.914509961015915 21.23500366568718 8.1
      vertex 9.611713662532994 21.000130780932317 8.1
    endloop
  endfacet
  facet normal 0.5620833778521318 -0.8270805742745609 0
    outer loop
      vertex 9.914509961015915 21.23500366568718 6.1
      vertex 10.23145655062812 21.450400345562294 8.1
      vertex 9.914509961015915 21.23500366568718 8.1
    endloop
  endfacet
  facet normal 0.5090414157503726 -0.8607420270039428 0
    outer loop
      vertex 10.23145655062812 21.450400345562294 6.1
      vertex 10.561302587979537 21.64547074826757 8.1
      vertex 10.23145655062812 21.450400345562294 8.1
    endloop
  endfacet
  facet normal 0.45399049973954647 -0.891006524188368 0
    outer loop
      vertex 10.561302587979537 21.64547074826757 6.1
      vertex 10.902746321453057 21.81944502004272 8.1
      vertex 10.561302587979537 21.64547074826757 8.1
    endloop
  endfacet
  facet normal 0.39714789063477646 -0.9177546256839829 0
    outer loop
      vertex 10.902746321453057 21.81944502004272 6.1
      vertex 11.254440228623466 21.971636563918334 8.1
      vertex 10.902746321453057 21.81944502004272 8.1
    endloop
  endfacet
  facet normal 0.3387379202452882 -0.9408807689542266 0
    outer loop
      vertex 11.254440228623466 21.971636563918334 6.1
      vertex 11.61499633431282 22.101444749400436 8.1
      vertex 11.254440228623466 21.971636563918334 8.1
    endloop
  endfacet
  facet normal 0.2789911060392288 -0.9602936856769432 0
    outer loop
      vertex 11.61499633431282 22.101444749400436 6.1
      vertex 11.982991688294385 22.20835728288465 8.1
      vertex 11.61499633431282 22.101444749400436 8.1
    endloop
  endfacet
  facet normal 0.21814324139654767 -0.9759167619387461 0
    outer loop
      vertex 11.982991688294385 22.20835728288465 6.1
      vertex 12.35697398102708 22.291952229445002 8.1
      vertex 11.982991688294385 22.20835728288465 8.1
    endloop
  endfacet
  facet normal 0.1564344650402334 -0.9876883405951372 0
    outer loop
      vertex 12.35697398102708 22.291952229445002 6.1
      vertex 12.735467275257744 22.351899678018317 8.1
      vertex 12.35697398102708 22.291952229445002 8.1
    endloop
  endfacet
  facet normal 0.0941083133185055 -0.9955619646030809 0
    outer loop
      vertex 12.735467275257744 22.351899678018317 6.1
      vertex 13.116977830871189 22.387963043412455 8.1
      vertex 12.735467275257744 22.351899678018317 8.1
    endloop
  endfacet
  facet normal -0.5620833778521339 -0.8270805742745596 0
    outer loop
      vertex 16.76854344937188 21.450400345562294 6.1
      vertex 17.085490038984084 21.23500366568718 8.1
      vertex 16.76854344937188 21.450400345562294 8.1
    endloop
  endfacet
  facet normal -0.6129070536529768 -0.79015501237569 0
    outer loop
      vertex 17.085490038984084 21.23500366568718 6.1
      vertex 17.388286337467008 21.000130780932313 8.1
      vertex 17.085490038984084 21.23500366568718 8.1
    endloop
  endfacet
  facet normal -0.6613118653236512 -0.75011106963046 0
    outer loop
      vertex 17.388286337467008 21.000130780932313 6.1
      vertex 17.675737346165 20.74670862727061 8.1
      vertex 17.388286337467008 21.000130780932313 8.1
    endloop
  endfacet
  facet normal 0.03141075907812857 -0.9995065603657315 0
    outer loop
      vertex 13.116977830871189 22.387963043412455 6.1
      vertex 13.5 22.4 8.1
      vertex 13.116977830871189 22.387963043412455 8.1
    endloop
  endfacet
  facet normal -0.03141075907812857 -0.9995065603657315 0
    outer loop
      vertex 13.5 22.4 6.1
      vertex 13.883022169128811 22.387963043412455 8.1
      vertex 13.5 22.4 8.1
    endloop
  endfacet
  facet normal -0.0941083133185055 -0.9955619646030809 0
    outer loop
      vertex 13.883022169128811 22.387963043412455 6.1
      vertex 14.264532724742256 22.351899678018317 8.1
      vertex 13.883022169128811 22.387963043412455 8.1
    endloop
  endfacet
  facet normal -0.1564344650402334 -0.9876883405951372 0
    outer loop
      vertex 14.264532724742256 22.351899678018317 6.1
      vertex 14.64302601897292 22.291952229445002 8.1
      vertex 14.264532724742256 22.351899678018317 8.1
    endloop
  endfacet
  facet normal -0.21814324139654767 -0.9759167619387461 0
    outer loop
      vertex 14.64302601897292 22.291952229445002 6.1
      vertex 15.017008311705615 22.20835728288465 8.1
      vertex 14.64302601897292 22.291952229445002 8.1
    endloop
  endfacet
  facet normal -0.2789911060392288 -0.9602936856769432 0
    outer loop
      vertex 15.017008311705615 22.20835728288465 6.1
      vertex 15.38500366568718 22.101444749400436 8.1
      vertex 15.017008311705615 22.20835728288465 8.1
    endloop
  endfacet
  facet normal -0.3387379202452882 -0.9408807689542266 0
    outer loop
      vertex 15.38500366568718 22.101444749400436 6.1
      vertex 15.745559771376534 21.971636563918334 8.1
      vertex 15.38500366568718 22.101444749400436 8.1
    endloop
  endfacet
  facet normal -0.3971478906347782 -0.9177546256839823 0
    outer loop
      vertex 15.745559771376534 21.971636563918334 6.1
      vertex 16.09725367854694 21.81944502004272 8.1
      vertex 15.745559771376534 21.971636563918334 8.1
    endloop
  endfacet
  facet normal -0.45399049973954464 -0.891006524188369 0
    outer loop
      vertex 16.09725367854694 21.81944502004272 6.1
      vertex 16.438697412020463 21.64547074826757 8.1
      vertex 16.09725367854694 21.81944502004272 8.1
    endloop
  endfacet
  facet normal -0.5090414157503726 -0.8607420270039428 0
    outer loop
      vertex 16.438697412020463 21.64547074826757 6.1
      vertex 16.76854344937188 21.450400345562294 8.1
      vertex 16.438697412020463 21.64547074826757 8.1
    endloop
  endfacet
  facet normal -0.7071067811865476 0.7071067811865476 0
    outer loop
      vertex 17.675737346165 11.853291372729391 6.1
      vertex 17.675737346165 11.853291372729391 8.1
      vertex 17.94670862727061 12.124262653835 6.1
    endloop
  endfacet
  facet normal -0.75011106963046 0.6613118653236512 0
    outer loop
      vertex 17.94670862727061 12.124262653835 6.1
      vertex 17.94670862727061 12.124262653835 8.1
      vertex 18.200130780932312 12.411713662532993 6.1
    endloop
  endfacet
  facet normal -0.7901550123756884 0.6129070536529792 0
    outer loop
      vertex 18.200130780932312 12.411713662532993 6.1
      vertex 18.200130780932312 12.411713662532993 8.1
      vertex 18.43500366568718 12.714509961015915 6.1
    endloop
  endfacet
  facet normal -0.827080574274564 0.5620833778521275 0
    outer loop
      vertex 18.43500366568718 12.714509961015915 6.1
      vertex 18.43500366568718 12.714509961015915 8.1
      vertex 18.650400345562293 13.031456550628125 6.1
    endloop
  endfacet
  facet normal -0.8607420270039445 0.50904141575037 0
    outer loop
      vertex 18.650400345562293 13.031456550628125 6.1
      vertex 18.650400345562293 13.031456550628125 8.1
      vertex 18.845470748267566 13.361302587979537 6.1
    endloop
  endfacet
  facet normal -0.891006524188369 0.45399049973954464 0
    outer loop
      vertex 18.845470748267566 13.361302587979537 6.1
      vertex 18.845470748267566 13.361302587979537 8.1
      vertex 19.019445020042717 13.70274632145306 6.1
    endloop
  endfacet
  facet normal -0.9177546256839774 0.39714789063478934 0
    outer loop
      vertex 19.019445020042717 13.70274632145306 6.1
      vertex 19.019445020042717 13.70274632145306 8.1
      vertex 19.171636563918334 14.054440228623463 6.1
    endloop
  endfacet
  facet normal -0.9408807689542277 0.33873792024528526 0
    outer loop
      vertex 19.171636563918334 14.054440228623463 6.1
      vertex 19.171636563918334 14.054440228623463 8.1
      vertex 19.301444749400435 14.414996334312821 6.1
    endloop
  endfacet
  facet normal -0.6613118653236512 0.75011106963046 0
    outer loop
      vertex 17.675737346165 11.853291372729391 6.1
      vertex 17.388286337467008 11.599869219067688 8.1
      vertex 17.675737346165 11.853291372729391 8.1
    endloop
  endfacet
  facet normal -0.7071067811865476 0.7071067811865476 0
    outer loop
      vertex 17.94670862727061 12.124262653835 6.1
      vertex 17.675737346165 11.853291372729391 8.1
      vertex 17.94670862727061 12.124262653835 8.1
    endloop
  endfacet
  facet normal -0.75011106963046 0.6613118653236512 0
    outer loop
      vertex 18.200130780932312 12.411713662532993 6.1
      vertex 17.94670862727061 12.124262653835 8.1
      vertex 18.200130780932312 12.411713662532993 8.1
    endloop
  endfacet
  facet normal -0.7901550123756884 0.6129070536529792 0
    outer loop
      vertex 18.43500366568718 12.714509961015915 6.1
      vertex 18.200130780932312 12.411713662532993 8.1
      vertex 18.43500366568718 12.714509961015915 8.1
    endloop
  endfacet
  facet normal -0.827080574274564 0.5620833778521275 0
    outer loop
      vertex 18.650400345562293 13.031456550628125 6.1
      vertex 18.43500366568718 12.714509961015915 8.1
      vertex 18.650400345562293 13.031456550628125 8.1
    endloop
  endfacet
  facet normal -0.8607420270039445 0.50904141575037 0
    outer loop
      vertex 18.845470748267566 13.361302587979537 6.1
      vertex 18.650400345562293 13.031456550628125 8.1
      vertex 18.845470748267566 13.361302587979537 8.1
    endloop
  endfacet
  facet normal -0.891006524188369 0.45399049973954464 0
    outer loop
      vertex 19.019445020042717 13.70274632145306 6.1
      vertex 18.845470748267566 13.361302587979537 8.1
      vertex 19.019445020042717 13.70274632145306 8.1
    endloop
  endfacet
  facet normal -0.9177546256839774 0.39714789063478934 0
    outer loop
      vertex 19.171636563918334 14.054440228623463 6.1
      vertex 19.019445020042717 13.70274632145306 8.1
      vertex 19.171636563918334 14.054440228623463 8.1
    endloop
  endfacet
  facet normal -0.9408807689542277 0.33873792024528526 0
    outer loop
      vertex 19.301444749400435 14.414996334312821 6.1
      vertex 19.171636563918334 14.054440228623463 8.1
      vertex 19.301444749400435 14.414996334312821 8.1
    endloop
  endfacet
  facet normal -0.9602936856769414 0.2789911060392348 0
    outer loop
      vertex 19.301444749400435 14.414996334312821 6.1
      vertex 19.301444749400435 14.414996334312821 8.1
      vertex 19.40835728288465 14.78299168829439 6.1
    endloop
  endfacet
  facet normal -0.9759167619387477 0.21814324139654184 0
    outer loop
      vertex 19.40835728288465 14.78299168829439 6.1
      vertex 19.40835728288465 14.78299168829439 8.1
      vertex 19.491952229445 15.156973981027079 6.1
    endloop
  endfacet
  facet normal -0.9876883405951375 0.15643446504023195 0
    outer loop
      vertex 19.491952229445 15.156973981027079 6.1
      vertex 19.491952229445 15.156973981027079 8.1
      vertex 19.551899678018316 15.535467275257746 6.1
    endloop
  endfacet
  facet normal -0.9955619646030797 0.09410831331851596 0
    outer loop
      vertex 19.551899678018316 15.535467275257746 6.1
      vertex 19.551899678018316 15.535467275257746 8.1
      vertex 19.587963043412458 15.916977830871186 6.1
    endloop
  endfacet
  facet normal -0.9995065603657315 0.03141075907812828 0
    outer loop
      vertex 19.587963043412458 15.916977830871186 6.1
      vertex 19.587963043412458 15.916977830871186 8.1
      vertex 19.6 16.3 6.1
    endloop
  endfacet
  facet normal -0.9995065603657315 -0.03141075907812857 0
    outer loop
      vertex 19.6 16.3 6.1
      vertex 19.6 16.3 8.1
      vertex 19.587963043412458 16.68302216912881 6.1
    endloop
  endfacet
  facet normal -0.9955619646030799 -0.09410831331851467 0
    outer loop
      vertex 19.587963043412458 16.68302216912881 6.1
      vertex 19.587963043412458 16.68302216912881 8.1
      vertex 19.551899678018316 17.064532724742257 6.1
    endloop
  endfacet
  facet normal -0.9876883405951374 -0.1564344650402327 0
    outer loop
      vertex 19.551899678018316 17.064532724742257 6.1
      vertex 19.551899678018316 17.064532724742257 8.1
      vertex 19.491952229445 17.443026018972922 6.1
    endloop
  endfacet
  facet normal -0.9759167619387478 -0.21814324139654082 0
    outer loop
      vertex 19.40835728288465 17.817008311705614 6.1
      vertex 19.491952229445 17.443026018972922 6.1
      vertex 19.491952229445 17.443026018972922 8.1
    endloop
  endfacet
  facet normal -0.8270805742745625 -0.5620833778521296 0
    outer loop
      vertex 18.43500366568718 19.885490038984088 6.1
      vertex 18.650400345562293 19.56854344937188 6.1
      vertex 18.650400345562293 19.56854344937188 8.1
    endloop
  endfacet
  facet normal -0.7071067811865476 -0.7071067811865476 0
    outer loop
      vertex 17.94670862727061 20.475737346165 6.1
      vertex 17.94670862727061 20.475737346165 8.1
      vertex 17.675737346165 20.74670862727061 6.1
    endloop
  endfacet
  facet normal -0.6613118653236512 -0.75011106963046 0
    outer loop
      vertex 17.388286337467008 21.000130780932313 6.1
      vertex 17.675737346165 20.74670862727061 6.1
      vertex 17.675737346165 20.74670862727061 8.1
    endloop
  endfacet
  facet normal -0.75011106963046 -0.6613118653236512 0
    outer loop
      vertex 17.94670862727061 20.475737346165 6.1
      vertex 18.200130780932312 20.18828633746701 6.1
      vertex 18.200130780932312 20.18828633746701 8.1
    endloop
  endfacet
  facet normal -0.7901550123756866 -0.6129070536529814 0
    outer loop
      vertex 18.43500366568718 19.885490038984088 6.1
      vertex 18.43500366568718 19.885490038984088 8.1
      vertex 18.200130780932312 20.18828633746701 6.1
    endloop
  endfacet
  facet normal -0.9177546256839788 -0.39714789063478595 0
    outer loop
      vertex 19.171636563918334 18.545559771376535 6.1
      vertex 19.171636563918334 18.545559771376535 8.1
      vertex 19.019445020042717 18.897253678546942 6.1
    endloop
  endfacet
  facet normal -0.8607420270039469 -0.5090414157503658 0
    outer loop
      vertex 18.650400345562293 19.56854344937188 6.1
      vertex 18.845470748267566 19.238697412020464 6.1
      vertex 18.845470748267566 19.238697412020464 8.1
    endloop
  endfacet
  facet normal -0.891006524188369 -0.45399049973954464 0
    outer loop
      vertex 19.019445020042717 18.897253678546942 6.1
      vertex 19.019445020042717 18.897253678546942 8.1
      vertex 18.845470748267566 19.238697412020464 6.1
    endloop
  endfacet
  facet normal -0.9408807689542266 -0.3387379202452882 0
    outer loop
      vertex 19.171636563918334 18.545559771376535 6.1
      vertex 19.301444749400435 18.18500366568718 6.1
      vertex 19.301444749400435 18.18500366568718 8.1
    endloop
  endfacet
  facet normal -0.9602936856769411 -0.2789911060392361 0
    outer loop
      vertex 19.40835728288465 17.817008311705614 6.1
      vertex 19.40835728288465 17.817008311705614 8.1
      vertex 19.301444749400435 18.18500366568718 6.1
    endloop
  endfacet
  facet normal -0.9602936856769414 0.2789911060392348 0
    outer loop
      vertex 19.40835728288465 14.78299168829439 6.1
      vertex 19.301444749400435 14.414996334312821 8.1
      vertex 19.40835728288465 14.78299168829439 8.1
    endloop
  endfacet
  facet normal -0.9759167619387477 0.21814324139654184 0
    outer loop
      vertex 19.491952229445 15.156973981027079 6.1
      vertex 19.40835728288465 14.78299168829439 8.1
      vertex 19.491952229445 15.156973981027079 8.1
    endloop
  endfacet
  facet normal -0.9876883405951375 0.15643446504023195 0
    outer loop
      vertex 19.551899678018316 15.535467275257746 6.1
      vertex 19.491952229445 15.156973981027079 8.1
      vertex 19.551899678018316 15.535467275257746 8.1
    endloop
  endfacet
  facet normal -0.9955619646030797 0.09410831331851596 0
    outer loop
      vertex 19.587963043412458 15.916977830871186 6.1
      vertex 19.551899678018316 15.535467275257746 8.1
      vertex 19.587963043412458 15.916977830871186 8.1
    endloop
  endfacet
  facet normal -0.9995065603657315 0.03141075907812828 0
    outer loop
      vertex 19.6 16.3 6.1
      vertex 19.587963043412458 15.916977830871186 8.1
      vertex 19.6 16.3 8.1
    endloop
  endfacet
  facet normal -0.9995065603657315 -0.03141075907812857 0
    outer loop
      vertex 19.587963043412458 16.68302216912881 6.1
      vertex 19.6 16.3 8.1
      vertex 19.587963043412458 16.68302216912881 8.1
    endloop
  endfacet
  facet normal -0.9955619646030799 -0.09410831331851467 0
    outer loop
      vertex 19.551899678018316 17.064532724742257 6.1
      vertex 19.587963043412458 16.68302216912881 8.1
      vertex 19.551899678018316 17.064532724742257 8.1
    endloop
  endfacet
  facet normal -0.9876883405951374 -0.1564344650402327 0
    outer loop
      vertex 19.491952229445 17.443026018972922 6.1
      vertex 19.551899678018316 17.064532724742257 8.1
      vertex 19.491952229445 17.443026018972922 8.1
    endloop
  endfacet
  facet normal -0.9759167619387478 -0.21814324139654082 0
    outer loop
      vertex 19.40835728288465 17.817008311705614 6.1
      vertex 19.491952229445 17.443026018972922 8.1
      vertex 19.40835728288465 17.817008311705614 8.1
    endloop
  endfacet
  facet normal -0.75011106963046 -0.6613118653236512 0
    outer loop
      vertex 17.94670862727061 20.475737346165 6.1
      vertex 18.200130780932312 20.18828633746701 8.1
      vertex 17.94670862727061 20.475737346165 8.1
    endloop
  endfacet
  facet normal -0.7071067811865476 -0.7071067811865476 0
    outer loop
      vertex 17.675737346165 20.74670862727061 6.1
      vertex 17.94670862727061 20.475737346165 8.1
      vertex 17.675737346165 20.74670862727061 8.1
    endloop
  endfacet
  facet normal -0.7901550123756866 -0.6129070536529814 0
    outer loop
      vertex 18.200130780932312 20.18828633746701 6.1
      vertex 18.43500366568718 19.885490038984088 8.1
      vertex 18.200130780932312 20.18828633746701 8.1
    endloop
  endfacet
  facet normal -0.8270805742745625 -0.5620833778521296 0
    outer loop
      vertex 18.43500366568718 19.885490038984088 6.1
      vertex 18.650400345562293 19.56854344937188 8.1
      vertex 18.43500366568718 19.885490038984088 8.1
    endloop
  endfacet
  facet normal -0.9177546256839788 -0.39714789063478595 0
    outer loop
      vertex 19.019445020042717 18.897253678546942 6.1
      vertex 19.171636563918334 18.545559771376535 8.1
      vertex 19.019445020042717 18.897253678546942 8.1
    endloop
  endfacet
  facet normal -0.8607420270039469 -0.5090414157503658 0
    outer loop
      vertex 18.650400345562293 19.56854344937188 6.1
      vertex 18.845470748267566 19.238697412020464 8.1
      vertex 18.650400345562293 19.56854344937188 8.1
    endloop
  endfacet
  facet normal -0.891006524188369 -0.45399049973954464 0
    outer loop
      vertex 18.845470748267566 19.238697412020464 6.1
      vertex 19.019445020042717 18.897253678546942 8.1
      vertex 18.845470748267566 19.238697412020464 8.1
    endloop
  endfacet
  facet normal -0.9602936856769411 -0.2789911060392361 0
    outer loop
      vertex 19.301444749400435 18.18500366568718 6.1
      vertex 19.40835728288465 17.817008311705614 8.1
      vertex 19.301444749400435 18.18500366568718 8.1
    endloop
  endfacet
  facet normal -0.9408807689542266 -0.3387379202452882 0
    outer loop
      vertex 19.171636563918334 18.545559771376535 6.1
      vertex 19.301444749400435 18.18500366568718 8.1
      vertex 19.171636563918334 18.545559771376535 8.1
    endloop
  endfacet
  facet normal 0.9602936856769423 0.27899110603923216 0
    outer loop
      vertex 7.698555250599564 34.81499633431282 6.1
      vertex 7.59164271711535 35.182991688294386 6.1
      vertex 7.59164271711535 35.182991688294386 8.1
    endloop
  endfacet
  facet normal 0.9876883405951374 0.1564344650402327 0
    outer loop
      vertex 7.508047770555 35.556973981027085 6.1
      vertex 7.448100321981685 35.93546727525775 6.1
      vertex 7.448100321981685 35.93546727525775 8.1
    endloop
  endfacet
  facet normal 0.9759167619387482 0.2181432413965391 0
    outer loop
      vertex 7.508047770555 35.556973981027085 6.1
      vertex 7.508047770555 35.556973981027085 8.1
      vertex 7.59164271711535 35.182991688294386 6.1
    endloop
  endfacet
  facet normal 0.891006524188369 0.45399049973954453 0
    outer loop
      vertex 8.154529251732434 33.761302587979536 6.1
      vertex 7.980554979957281 34.10274632145306 6.1
      vertex 7.980554979957281 34.10274632145306 8.1
    endloop
  endfacet
  facet normal 0.7901550123756876 0.6129070536529801 0
    outer loop
      vertex 8.799869219067684 32.811713662532995 6.1
      vertex 8.56499633431282 33.11450996101591 6.1
      vertex 8.56499633431282 33.11450996101591 8.1
    endloop
  endfacet
  facet normal 0.8270805742745705 0.5620833778521178 0
    outer loop
      vertex 8.349599654437709 33.43145655062813 6.1
      vertex 8.349599654437709 33.43145655062813 8.1
      vertex 8.56499633431282 33.11450996101591 6.1
    endloop
  endfacet
  facet normal 0.86074202700394 0.5090414157503774 0
    outer loop
      vertex 8.154529251732434 33.761302587979536 6.1
      vertex 8.154529251732434 33.761302587979536 8.1
      vertex 8.349599654437709 33.43145655062813 6.1
    endloop
  endfacet
  facet normal 0.9177546256839805 0.39714789063478206 0
    outer loop
      vertex 7.828363436081666 34.45444022862347 6.1
      vertex 7.828363436081666 34.45444022862347 8.1
      vertex 7.980554979957281 34.10274632145306 6.1
    endloop
  endfacet
  facet normal 0.9408807689542259 0.3387379202452903 0
    outer loop
      vertex 7.828363436081666 34.45444022862347 6.1
      vertex 7.698555250599564 34.81499633431282 6.1
      vertex 7.698555250599564 34.81499633431282 8.1
    endloop
  endfacet
  facet normal 0.99556196460308 0.09410831331851412 0
    outer loop
      vertex 7.448100321981685 35.93546727525775 6.1
      vertex 7.412036956587544 36.31697783087119 6.1
      vertex 7.412036956587544 36.31697783087119 8.1
    endloop
  endfacet
  facet normal 0.9995065603657315 0.03141075907812828 0
    outer loop
      vertex 7.412036956587544 36.31697783087119 6.1
      vertex 7.4 36.7 6.1
      vertex 7.4 36.7 8.1
    endloop
  endfacet
  facet normal 0.9995065603657315 -0.03141075907812828 0
    outer loop
      vertex 7.4 36.7 6.1
      vertex 7.412036956587544 37.08302216912882 6.1
      vertex 7.412036956587544 37.08302216912882 8.1
    endloop
  endfacet
  facet normal 0.99556196460308 -0.09410831331851412 0
    outer loop
      vertex 7.412036956587544 37.08302216912882 6.1
      vertex 7.448100321981685 37.464532724742256 6.1
      vertex 7.448100321981685 37.464532724742256 8.1
    endloop
  endfacet
  facet normal 0.9876883405951374 -0.1564344650402327 0
    outer loop
      vertex 7.448100321981685 37.464532724742256 6.1
      vertex 7.508047770555 37.84302601897292 6.1
      vertex 7.508047770555 37.84302601897292 8.1
    endloop
  endfacet
  facet normal 0.9759167619387482 -0.2181432413965391 0
    outer loop
      vertex 7.508047770555 37.84302601897292 6.1
      vertex 7.59164271711535 38.21700831170562 6.1
      vertex 7.59164271711535 38.21700831170562 8.1
    endloop
  endfacet
  facet normal 0.9602936856769423 -0.27899110603923216 0
    outer loop
      vertex 7.59164271711535 38.21700831170562 6.1
      vertex 7.698555250599564 38.58500366568718 6.1
      vertex 7.698555250599564 38.58500366568718 8.1
    endloop
  endfacet
  facet normal 0.9408807689542259 -0.3387379202452903 0
    outer loop
      vertex 7.698555250599564 38.58500366568718 6.1
      vertex 7.828363436081666 38.94555977137654 6.1
      vertex 7.828363436081666 38.94555977137654 8.1
    endloop
  endfacet
  facet normal 0.9177546256839805 -0.39714789063478206 0
    outer loop
      vertex 7.828363436081666 38.94555977137654 6.1
      vertex 7.980554979957281 39.297253678546944 6.1
      vertex 7.980554979957281 39.297253678546944 8.1
    endloop
  endfacet
  facet normal 0.891006524188369 -0.45399049973954453 0
    outer loop
      vertex 7.980554979957281 39.297253678546944 6.1
      vertex 8.154529251732434 39.63869741202047 6.1
      vertex 8.154529251732434 39.63869741202047 8.1
    endloop
  endfacet
  facet normal 0.8607420270039449 -0.5090414157503692 0
    outer loop
      vertex 8.154529251732434 39.63869741202047 6.1
      vertex 8.349599654437709 39.968543449371886 6.1
      vertex 8.349599654437709 39.968543449371886 8.1
    endloop
  endfacet
  facet normal 0.8270805742745588 -0.5620833778521351 0
    outer loop
      vertex 8.349599654437709 39.968543449371886 6.1
      vertex 8.56499633431282 40.285490038984086 6.1
      vertex 8.56499633431282 40.285490038984086 8.1
    endloop
  endfacet
  facet normal 0.7901550123756945 -0.612907053652971 0
    outer loop
      vertex 8.56499633431282 40.285490038984086 6.1
      vertex 8.799869219067684 40.58828633746701 6.1
      vertex 8.799869219067684 40.58828633746701 8.1
    endloop
  endfacet
  facet normal 0.9759167619387482 0.2181432413965391 0
    outer loop
      vertex 7.59164271711535 35.182991688294386 6.1
      vertex 7.508047770555 35.556973981027085 8.1
      vertex 7.59164271711535 35.182991688294386 8.1
    endloop
  endfacet
  facet normal 0.9876883405951374 0.1564344650402327 0
    outer loop
      vertex 7.508047770555 35.556973981027085 6.1
      vertex 7.448100321981685 35.93546727525775 8.1
      vertex 7.508047770555 35.556973981027085 8.1
    endloop
  endfacet
  facet normal 0.891006524188369 0.45399049973954453 0
    outer loop
      vertex 8.154529251732434 33.761302587979536 6.1
      vertex 7.980554979957281 34.10274632145306 8.1
      vertex 8.154529251732434 33.761302587979536 8.1
    endloop
  endfacet
  facet normal 0.7901550123756876 0.6129070536529801 0
    outer loop
      vertex 8.799869219067684 32.811713662532995 6.1
      vertex 8.56499633431282 33.11450996101591 8.1
      vertex 8.799869219067684 32.811713662532995 8.1
    endloop
  endfacet
  facet normal 0.86074202700394 0.5090414157503774 0
    outer loop
      vertex 8.349599654437709 33.43145655062813 6.1
      vertex 8.154529251732434 33.761302587979536 8.1
      vertex 8.349599654437709 33.43145655062813 8.1
    endloop
  endfacet
  facet normal 0.8270805742745705 0.5620833778521178 0
    outer loop
      vertex 8.56499633431282 33.11450996101591 6.1
      vertex 8.349599654437709 33.43145655062813 8.1
      vertex 8.56499633431282 33.11450996101591 8.1
    endloop
  endfacet
  facet normal 0.9408807689542259 0.3387379202452903 0
    outer loop
      vertex 7.828363436081666 34.45444022862347 6.1
      vertex 7.698555250599564 34.81499633431282 8.1
      vertex 7.828363436081666 34.45444022862347 8.1
    endloop
  endfacet
  facet normal 0.9602936856769423 0.27899110603923216 0
    outer loop
      vertex 7.698555250599564 34.81499633431282 6.1
      vertex 7.59164271711535 35.182991688294386 8.1
      vertex 7.698555250599564 34.81499633431282 8.1
    endloop
  endfacet
  facet normal 0.9177546256839805 0.39714789063478206 0
    outer loop
      vertex 7.980554979957281 34.10274632145306 6.1
      vertex 7.828363436081666 34.45444022862347 8.1
      vertex 7.980554979957281 34.10274632145306 8.1
    endloop
  endfacet
  facet normal 0.99556196460308 0.09410831331851412 0
    outer loop
      vertex 7.448100321981685 35.93546727525775 6.1
      vertex 7.412036956587544 36.31697783087119 8.1
      vertex 7.448100321981685 35.93546727525775 8.1
    endloop
  endfacet
  facet normal 0.9995065603657315 0.03141075907812828 0
    outer loop
      vertex 7.412036956587544 36.31697783087119 6.1
      vertex 7.4 36.7 8.1
      vertex 7.412036956587544 36.31697783087119 8.1
    endloop
  endfacet
  facet normal 0.9995065603657315 -0.03141075907812828 0
    outer loop
      vertex 7.4 36.7 6.1
      vertex 7.412036956587544 37.08302216912882 8.1
      vertex 7.4 36.7 8.1
    endloop
  endfacet
  facet normal 0.99556196460308 -0.09410831331851412 0
    outer loop
      vertex 7.412036956587544 37.08302216912882 6.1
      vertex 7.448100321981685 37.464532724742256 8.1
      vertex 7.412036956587544 37.08302216912882 8.1
    endloop
  endfacet
  facet normal 0.9876883405951374 -0.1564344650402327 0
    outer loop
      vertex 7.448100321981685 37.464532724742256 6.1
      vertex 7.508047770555 37.84302601897292 8.1
      vertex 7.448100321981685 37.464532724742256 8.1
    endloop
  endfacet
  facet normal 0.9759167619387482 -0.2181432413965391 0
    outer loop
      vertex 7.508047770555 37.84302601897292 6.1
      vertex 7.59164271711535 38.21700831170562 8.1
      vertex 7.508047770555 37.84302601897292 8.1
    endloop
  endfacet
  facet normal 0.9602936856769423 -0.27899110603923216 0
    outer loop
      vertex 7.59164271711535 38.21700831170562 6.1
      vertex 7.698555250599564 38.58500366568718 8.1
      vertex 7.59164271711535 38.21700831170562 8.1
    endloop
  endfacet
  facet normal 0.9408807689542259 -0.3387379202452903 0
    outer loop
      vertex 7.698555250599564 38.58500366568718 6.1
      vertex 7.828363436081666 38.94555977137654 8.1
      vertex 7.698555250599564 38.58500366568718 8.1
    endloop
  endfacet
  facet normal 0.9177546256839805 -0.39714789063478206 0
    outer loop
      vertex 7.828363436081666 38.94555977137654 6.1
      vertex 7.980554979957281 39.297253678546944 8.1
      vertex 7.828363436081666 38.94555977137654 8.1
    endloop
  endfacet
  facet normal 0.891006524188369 -0.45399049973954453 0
    outer loop
      vertex 7.980554979957281 39.297253678546944 6.1
      vertex 8.154529251732434 39.63869741202047 8.1
      vertex 7.980554979957281 39.297253678546944 8.1
    endloop
  endfacet
  facet normal 0.8607420270039449 -0.5090414157503692 0
    outer loop
      vertex 8.154529251732434 39.63869741202047 6.1
      vertex 8.349599654437709 39.968543449371886 8.1
      vertex 8.154529251732434 39.63869741202047 8.1
    endloop
  endfacet
  facet normal 0.8270805742745588 -0.5620833778521351 0
    outer loop
      vertex 8.349599654437709 39.968543449371886 6.1
      vertex 8.56499633431282 40.285490038984086 8.1
      vertex 8.349599654437709 39.968543449371886 8.1
    endloop
  endfacet
  facet normal 0.7901550123756945 -0.612907053652971 0
    outer loop
      vertex 8.56499633431282 40.285490038984086 6.1
      vertex 8.799869219067684 40.58828633746701 8.1
      vertex 8.56499633431282 40.285490038984086 8.1
    endloop
  endfacet
  facet normal 0.6613118653236542 0.7501110696304575 0
    outer loop
      vertex 9.324262653835 32.25329137272939 6.1
      vertex 9.324262653835 32.25329137272939 8.1
      vertex 9.611713662532994 31.999869219067687 6.1
    endloop
  endfacet
  facet normal 0.6129070536529756 0.7901550123756911 0
    outer loop
      vertex 9.914509961015915 31.764996334312823 6.1
      vertex 9.611713662532994 31.999869219067687 6.1
      vertex 9.611713662532994 31.999869219067687 8.1
    endloop
  endfacet
  facet normal 0.5620833778521254 0.8270805742745653 0
    outer loop
      vertex 9.914509961015915 31.764996334312823 6.1
      vertex 9.914509961015915 31.764996334312823 8.1
      vertex 10.23145655062812 31.549599654437714 6.1
    endloop
  endfacet
  facet normal 0.5090414157503726 0.8607420270039428 0
    outer loop
      vertex 10.23145655062812 31.549599654437714 6.1
      vertex 10.23145655062812 31.549599654437714 8.1
      vertex 10.561302587979537 31.354529251732437 6.1
    endloop
  endfacet
  facet normal 0.45399049973954464 0.891006524188369 0
    outer loop
      vertex 10.561302587979537 31.354529251732437 6.1
      vertex 10.561302587979537 31.354529251732437 8.1
      vertex 10.902746321453058 31.180554979957286 6.1
    endloop
  endfacet
  facet normal 0.7501110696304556 0.6613118653236565 0
    outer loop
      vertex 8.799869219067684 32.811713662532995 6.1
      vertex 8.799869219067684 32.811713662532995 8.1
      vertex 9.05329137272939 32.524262653835 6.1
    endloop
  endfacet
  facet normal 0.7071067811865476 0.7071067811865476 0
    outer loop
      vertex 9.05329137272939 32.524262653835 6.1
      vertex 9.05329137272939 32.524262653835 8.1
      vertex 9.324262653835 32.25329137272939 6.1
    endloop
  endfacet
  facet normal 0.39714789063478595 0.9177546256839788 0
    outer loop
      vertex 10.902746321453058 31.180554979957286 6.1
      vertex 10.902746321453058 31.180554979957286 8.1
      vertex 11.254440228623466 31.02836343608167 6.1
    endloop
  endfacet
  facet normal 0.3387379202452882 0.9408807689542266 0
    outer loop
      vertex 11.254440228623466 31.02836343608167 6.1
      vertex 11.254440228623466 31.02836343608167 8.1
      vertex 11.61499633431282 30.898555250599568 6.1
    endloop
  endfacet
  facet normal 0.2789911060392374 0.9602936856769407 0
    outer loop
      vertex 11.61499633431282 30.898555250599568 6.1
      vertex 11.61499633431282 30.898555250599568 8.1
      vertex 11.982991688294385 30.79164271711535 6.1
    endloop
  endfacet
  facet normal 0.21814324139653984 0.975916761938748 0
    outer loop
      vertex 11.982991688294385 30.79164271711535 6.1
      vertex 11.982991688294385 30.79164271711535 8.1
      vertex 12.356973981027078 30.708047770555 6.1
    endloop
  endfacet
  facet normal 0.15643446504023195 0.9876883405951375 0
    outer loop
      vertex 12.356973981027078 30.708047770555 6.1
      vertex 12.356973981027078 30.708047770555 8.1
      vertex 12.735467275257745 30.648100321981687 6.1
    endloop
  endfacet
  facet normal 0.09410831331851596 0.9955619646030797 0
    outer loop
      vertex 12.735467275257745 30.648100321981687 6.1
      vertex 12.735467275257745 30.648100321981687 8.1
      vertex 13.116977830871186 30.612036956587545 6.1
    endloop
  endfacet
  facet normal 0.7501110696304556 -0.6613118653236565 0
    outer loop
      vertex 8.799869219067684 40.58828633746701 6.1
      vertex 9.05329137272939 40.875737346165 6.1
      vertex 9.05329137272939 40.875737346165 8.1
    endloop
  endfacet
  facet normal 0.7071067811865476 -0.7071067811865476 0
    outer loop
      vertex 9.05329137272939 40.875737346165 6.1
      vertex 9.324262653835 41.14670862727061 6.1
      vertex 9.324262653835 41.14670862727061 8.1
    endloop
  endfacet
  facet normal 0.6613118653236489 -0.7501110696304621 0
    outer loop
      vertex 9.324262653835 41.14670862727061 6.1
      vertex 9.611713662532994 41.400130780932315 6.1
      vertex 9.611713662532994 41.400130780932315 8.1
    endloop
  endfacet
  facet normal 0.6129070536529756 -0.7901550123756911 0
    outer loop
      vertex 9.611713662532994 41.400130780932315 6.1
      vertex 9.914509961015915 41.63500366568718 6.1
      vertex 9.914509961015915 41.63500366568718 8.1
    endloop
  endfacet
  facet normal 0.5620833778521318 -0.8270805742745609 0
    outer loop
      vertex 9.914509961015915 41.63500366568718 6.1
      vertex 10.23145655062812 41.85040034556229 6.1
      vertex 10.23145655062812 41.85040034556229 8.1
    endloop
  endfacet
  facet normal 0.5090414157503726 -0.8607420270039428 0
    outer loop
      vertex 10.23145655062812 41.85040034556229 6.1
      vertex 10.561302587979537 42.04547074826757 6.1
      vertex 10.561302587979537 42.04547074826757 8.1
    endloop
  endfacet
  facet normal 0.45399049973954647 -0.891006524188368 0
    outer loop
      vertex 10.561302587979537 42.04547074826757 6.1
      vertex 10.902746321453057 42.21944502004272 6.1
      vertex 10.902746321453057 42.21944502004272 8.1
    endloop
  endfacet
  facet normal 0.3971478906347843 -0.9177546256839796 0
    outer loop
      vertex 10.902746321453057 42.21944502004272 6.1
      vertex 11.254440228623466 42.37163656391834 6.1
      vertex 11.254440228623466 42.37163656391834 8.1
    endloop
  endfacet
  facet normal 0.3387379202452965 -0.9408807689542237 0
    outer loop
      vertex 11.254440228623466 42.37163656391834 6.1
      vertex 11.61499633431282 42.50144474940044 6.1
      vertex 11.61499633431282 42.50144474940044 8.1
    endloop
  endfacet
  facet normal 0.2789911060392288 -0.9602936856769432 0
    outer loop
      vertex 11.61499633431282 42.50144474940044 6.1
      vertex 11.982991688294385 42.608357282884654 6.1
      vertex 11.982991688294385 42.608357282884654 8.1
    endloop
  endfacet
  facet normal 0.21814324139654767 -0.9759167619387461 0
    outer loop
      vertex 11.982991688294385 42.608357282884654 6.1
      vertex 12.35697398102708 42.69195222944501 6.1
      vertex 12.35697398102708 42.69195222944501 8.1
    endloop
  endfacet
  facet normal 0.15643446504022435 -0.9876883405951387 0
    outer loop
      vertex 12.35697398102708 42.69195222944501 6.1
      vertex 12.735467275257744 42.75189967801832 6.1
      vertex 12.735467275257744 42.75189967801832 8.1
    endloop
  endfacet
  facet normal 0.09410831331851467 -0.9955619646030799 0
    outer loop
      vertex 12.735467275257744 42.75189967801832 6.1
      vertex 13.116977830871189 42.78796304341246 6.1
      vertex 13.116977830871189 42.78796304341246 8.1
    endloop
  endfacet
  facet normal 0.03141075907812828 0.9995065603657315 0
    outer loop
      vertex 13.116977830871186 30.612036956587545 6.1
      vertex 13.116977830871186 30.612036956587545 8.1
      vertex 13.5 30.6 6.1
    endloop
  endfacet
  facet normal -0.03141075907812828 0.9995065603657315 0
    outer loop
      vertex 13.5 30.6 6.1
      vertex 13.5 30.6 8.1
      vertex 13.883022169128814 30.612036956587545 6.1
    endloop
  endfacet
  facet normal -0.09410831331851596 0.9955619646030797 0
    outer loop
      vertex 13.883022169128814 30.612036956587545 6.1
      vertex 13.883022169128814 30.612036956587545 8.1
      vertex 14.264532724742255 30.648100321981687 6.1
    endloop
  endfacet
  facet normal -0.15643446504023195 0.9876883405951375 0
    outer loop
      vertex 14.264532724742255 30.648100321981687 6.1
      vertex 14.264532724742255 30.648100321981687 8.1
      vertex 14.643026018972922 30.708047770555 6.1
    endloop
  endfacet
  facet normal -0.21814324139654184 0.9759167619387477 0
    outer loop
      vertex 14.643026018972922 30.708047770555 6.1
      vertex 14.643026018972922 30.708047770555 8.1
      vertex 15.017008311705611 30.79164271711535 6.1
    endloop
  endfacet
  facet normal -0.2789911060392348 0.9602936856769414 0
    outer loop
      vertex 15.017008311705611 30.79164271711535 6.1
      vertex 15.017008311705611 30.79164271711535 8.1
      vertex 15.38500366568718 30.898555250599568 6.1
    endloop
  endfacet
  facet normal -0.33873792024528526 0.9408807689542277 0
    outer loop
      vertex 15.38500366568718 30.898555250599568 6.1
      vertex 15.38500366568718 30.898555250599568 8.1
      vertex 15.745559771376538 31.02836343608167 6.1
    endloop
  endfacet
  facet normal -0.39714789063478934 0.9177546256839774 0
    outer loop
      vertex 15.745559771376538 31.02836343608167 6.1
      vertex 15.745559771376538 31.02836343608167 8.1
      vertex 16.09725367854694 31.180554979957286 6.1
    endloop
  endfacet
  facet normal -0.45399049973954464 0.891006524188369 0
    outer loop
      vertex 16.09725367854694 31.180554979957286 6.1
      vertex 16.09725367854694 31.180554979957286 8.1
      vertex 16.438697412020463 31.354529251732437 6.1
    endloop
  endfacet
  facet normal -0.50904141575037 0.8607420270039445 0
    outer loop
      vertex 16.438697412020463 31.354529251732437 6.1
      vertex 16.438697412020463 31.354529251732437 8.1
      vertex 16.768543449371876 31.54959965443771 6.1
    endloop
  endfacet
  facet normal -0.5620833778521296 0.8270805742745625 0
    outer loop
      vertex 16.768543449371876 31.54959965443771 6.1
      vertex 16.768543449371876 31.54959965443771 8.1
      vertex 17.085490038984084 31.764996334312823 6.1
    endloop
  endfacet
  facet normal -0.6129070536529768 0.79015501237569 0
    outer loop
      vertex 17.085490038984084 31.764996334312823 6.1
      vertex 17.085490038984084 31.764996334312823 8.1
      vertex 17.388286337467008 31.99986921906769 6.1
    endloop
  endfacet
  facet normal -0.6613118653236512 0.75011106963046 0
    outer loop
      vertex 17.388286337467008 31.99986921906769 6.1
      vertex 17.388286337467008 31.99986921906769 8.1
      vertex 17.675737346165 32.25329137272939 6.1
    endloop
  endfacet
  facet normal 0.03141075907812857 -0.9995065603657315 0
    outer loop
      vertex 13.116977830871189 42.78796304341246 6.1
      vertex 13.5 42.800000000000004 6.1
      vertex 13.5 42.800000000000004 8.1
    endloop
  endfacet
  facet normal -0.03141075907812857 -0.9995065603657315 0
    outer loop
      vertex 13.5 42.800000000000004 6.1
      vertex 13.883022169128811 42.78796304341246 6.1
      vertex 13.883022169128811 42.78796304341246 8.1
    endloop
  endfacet
  facet normal -0.09410831331851467 -0.9955619646030799 0
    outer loop
      vertex 13.883022169128811 42.78796304341246 6.1
      vertex 14.264532724742256 42.75189967801832 6.1
      vertex 14.264532724742256 42.75189967801832 8.1
    endloop
  endfacet
  facet normal -0.15643446504022435 -0.9876883405951387 0
    outer loop
      vertex 14.264532724742256 42.75189967801832 6.1
      vertex 14.64302601897292 42.69195222944501 6.1
      vertex 14.64302601897292 42.69195222944501 8.1
    endloop
  endfacet
  facet normal -0.21814324139654767 -0.9759167619387461 0
    outer loop
      vertex 14.64302601897292 42.69195222944501 6.1
      vertex 15.017008311705615 42.608357282884654 6.1
      vertex 15.017008311705615 42.608357282884654 8.1
    endloop
  endfacet
  facet normal -0.2789911060392288 -0.9602936856769432 0
    outer loop
      vertex 15.017008311705615 42.608357282884654 6.1
      vertex 15.38500366568718 42.50144474940044 6.1
      vertex 15.38500366568718 42.50144474940044 8.1
    endloop
  endfacet
  facet normal -0.3387379202452965 -0.9408807689542237 0
    outer loop
      vertex 15.38500366568718 42.50144474940044 6.1
      vertex 15.745559771376534 42.37163656391834 6.1
      vertex 15.745559771376534 42.37163656391834 8.1
    endloop
  endfacet
  facet normal -0.45399049973954464 -0.891006524188369 0
    outer loop
      vertex 16.09725367854694 42.21944502004272 6.1
      vertex 16.438697412020463 42.04547074826757 6.1
      vertex 16.438697412020463 42.04547074826757 8.1
    endloop
  endfacet
  facet normal -0.39714789063478595 -0.9177546256839788 0
    outer loop
      vertex 15.745559771376534 42.37163656391834 6.1
      vertex 16.09725367854694 42.21944502004272 6.1
      vertex 16.09725367854694 42.21944502004272 8.1
    endloop
  endfacet
  facet normal -0.5090414157503726 -0.8607420270039428 0
    outer loop
      vertex 16.438697412020463 42.04547074826757 6.1
      vertex 16.76854344937188 41.85040034556229 6.1
      vertex 16.76854344937188 41.85040034556229 8.1
    endloop
  endfacet
  facet normal -0.5620833778521339 -0.8270805742745596 0
    outer loop
      vertex 16.76854344937188 41.85040034556229 6.1
      vertex 17.085490038984084 41.63500366568718 6.1
      vertex 17.085490038984084 41.63500366568718 8.1
    endloop
  endfacet
  facet normal -0.612907053652971 -0.7901550123756945 0
    outer loop
      vertex 17.388286337467008 41.400130780932315 6.1
      vertex 17.388286337467008 41.400130780932315 8.1
      vertex 17.085490038984084 41.63500366568718 6.1
    endloop
  endfacet
  facet normal 0.6613118653236542 0.7501110696304575 0
    outer loop
      vertex 9.611713662532994 31.999869219067687 6.1
      vertex 9.324262653835 32.25329137272939 8.1
      vertex 9.611713662532994 31.999869219067687 8.1
    endloop
  endfacet
  facet normal 0.6129070536529756 0.7901550123756911 0
    outer loop
      vertex 9.914509961015915 31.764996334312823 6.1
      vertex 9.611713662532994 31.999869219067687 8.1
      vertex 9.914509961015915 31.764996334312823 8.1
    endloop
  endfacet
  facet normal 0.5620833778521254 0.8270805742745653 0
    outer loop
      vertex 10.23145655062812 31.549599654437714 6.1
      vertex 9.914509961015915 31.764996334312823 8.1
      vertex 10.23145655062812 31.549599654437714 8.1
    endloop
  endfacet
  facet normal 0.45399049973954464 0.891006524188369 0
    outer loop
      vertex 10.902746321453058 31.180554979957286 6.1
      vertex 10.561302587979537 31.354529251732437 8.1
      vertex 10.902746321453058 31.180554979957286 8.1
    endloop
  endfacet
  facet normal 0.5090414157503726 0.8607420270039428 0
    outer loop
      vertex 10.561302587979537 31.354529251732437 6.1
      vertex 10.23145655062812 31.549599654437714 8.1
      vertex 10.561302587979537 31.354529251732437 8.1
    endloop
  endfacet
  facet normal 0.7501110696304556 0.6613118653236565 0
    outer loop
      vertex 9.05329137272939 32.524262653835 6.1
      vertex 8.799869219067684 32.811713662532995 8.1
      vertex 9.05329137272939 32.524262653835 8.1
    endloop
  endfacet
  facet normal 0.7071067811865476 0.7071067811865476 0
    outer loop
      vertex 9.324262653835 32.25329137272939 6.1
      vertex 9.05329137272939 32.524262653835 8.1
      vertex 9.324262653835 32.25329137272939 8.1
    endloop
  endfacet
  facet normal 0.39714789063478595 0.9177546256839788 0
    outer loop
      vertex 11.254440228623466 31.02836343608167 6.1
      vertex 10.902746321453058 31.180554979957286 8.1
      vertex 11.254440228623466 31.02836343608167 8.1
    endloop
  endfacet
  facet normal 0.3387379202452882 0.9408807689542266 0
    outer loop
      vertex 11.61499633431282 30.898555250599568 6.1
      vertex 11.254440228623466 31.02836343608167 8.1
      vertex 11.61499633431282 30.898555250599568 8.1
    endloop
  endfacet
  facet normal 0.2789911060392374 0.9602936856769407 0
    outer loop
      vertex 11.982991688294385 30.79164271711535 6.1
      vertex 11.61499633431282 30.898555250599568 8.1
      vertex 11.982991688294385 30.79164271711535 8.1
    endloop
  endfacet
  facet normal 0.21814324139653984 0.975916761938748 0
    outer loop
      vertex 12.356973981027078 30.708047770555 6.1
      vertex 11.982991688294385 30.79164271711535 8.1
      vertex 12.356973981027078 30.708047770555 8.1
    endloop
  endfacet
  facet normal 0.15643446504023195 0.9876883405951375 0
    outer loop
      vertex 12.735467275257745 30.648100321981687 6.1
      vertex 12.356973981027078 30.708047770555 8.1
      vertex 12.735467275257745 30.648100321981687 8.1
    endloop
  endfacet
  facet normal 0.09410831331851596 0.9955619646030797 0
    outer loop
      vertex 13.116977830871186 30.612036956587545 6.1
      vertex 12.735467275257745 30.648100321981687 8.1
      vertex 13.116977830871186 30.612036956587545 8.1
    endloop
  endfacet
  facet normal 0.7501110696304556 -0.6613118653236565 0
    outer loop
      vertex 8.799869219067684 40.58828633746701 6.1
      vertex 9.05329137272939 40.875737346165 8.1
      vertex 8.799869219067684 40.58828633746701 8.1
    endloop
  endfacet
  facet normal 0.7071067811865476 -0.7071067811865476 0
    outer loop
      vertex 9.05329137272939 40.875737346165 6.1
      vertex 9.324262653835 41.14670862727061 8.1
      vertex 9.05329137272939 40.875737346165 8.1
    endloop
  endfacet
  facet normal 0.6613118653236489 -0.7501110696304621 0
    outer loop
      vertex 9.324262653835 41.14670862727061 6.1
      vertex 9.611713662532994 41.400130780932315 8.1
      vertex 9.324262653835 41.14670862727061 8.1
    endloop
  endfacet
  facet normal 0.6129070536529756 -0.7901550123756911 0
    outer loop
      vertex 9.611713662532994 41.400130780932315 6.1
      vertex 9.914509961015915 41.63500366568718 8.1
      vertex 9.611713662532994 41.400130780932315 8.1
    endloop
  endfacet
  facet normal 0.5620833778521318 -0.8270805742745609 0
    outer loop
      vertex 9.914509961015915 41.63500366568718 6.1
      vertex 10.23145655062812 41.85040034556229 8.1
      vertex 9.914509961015915 41.63500366568718 8.1
    endloop
  endfacet
  facet normal 0.5090414157503726 -0.8607420270039428 0
    outer loop
      vertex 10.23145655062812 41.85040034556229 6.1
      vertex 10.561302587979537 42.04547074826757 8.1
      vertex 10.23145655062812 41.85040034556229 8.1
    endloop
  endfacet
  facet normal 0.45399049973954647 -0.891006524188368 0
    outer loop
      vertex 10.561302587979537 42.04547074826757 6.1
      vertex 10.902746321453057 42.21944502004272 8.1
      vertex 10.561302587979537 42.04547074826757 8.1
    endloop
  endfacet
  facet normal 0.3971478906347843 -0.9177546256839796 0
    outer loop
      vertex 10.902746321453057 42.21944502004272 6.1
      vertex 11.254440228623466 42.37163656391834 8.1
      vertex 10.902746321453057 42.21944502004272 8.1
    endloop
  endfacet
  facet normal 0.3387379202452965 -0.9408807689542237 0
    outer loop
      vertex 11.254440228623466 42.37163656391834 6.1
      vertex 11.61499633431282 42.50144474940044 8.1
      vertex 11.254440228623466 42.37163656391834 8.1
    endloop
  endfacet
  facet normal 0.2789911060392288 -0.9602936856769432 0
    outer loop
      vertex 11.61499633431282 42.50144474940044 6.1
      vertex 11.982991688294385 42.608357282884654 8.1
      vertex 11.61499633431282 42.50144474940044 8.1
    endloop
  endfacet
  facet normal 0.21814324139654767 -0.9759167619387461 0
    outer loop
      vertex 11.982991688294385 42.608357282884654 6.1
      vertex 12.35697398102708 42.69195222944501 8.1
      vertex 11.982991688294385 42.608357282884654 8.1
    endloop
  endfacet
  facet normal 0.15643446504022435 -0.9876883405951387 0
    outer loop
      vertex 12.35697398102708 42.69195222944501 6.1
      vertex 12.735467275257744 42.75189967801832 8.1
      vertex 12.35697398102708 42.69195222944501 8.1
    endloop
  endfacet
  facet normal 0.09410831331851467 -0.9955619646030799 0
    outer loop
      vertex 12.735467275257744 42.75189967801832 6.1
      vertex 13.116977830871189 42.78796304341246 8.1
      vertex 12.735467275257744 42.75189967801832 8.1
    endloop
  endfacet
  facet normal 0.03141075907812828 0.9995065603657315 0
    outer loop
      vertex 13.5 30.6 6.1
      vertex 13.116977830871186 30.612036956587545 8.1
      vertex 13.5 30.6 8.1
    endloop
  endfacet
  facet normal -0.03141075907812828 0.9995065603657315 0
    outer loop
      vertex 13.883022169128814 30.612036956587545 6.1
      vertex 13.5 30.6 8.1
      vertex 13.883022169128814 30.612036956587545 8.1
    endloop
  endfacet
  facet normal -0.09410831331851596 0.9955619646030797 0
    outer loop
      vertex 14.264532724742255 30.648100321981687 6.1
      vertex 13.883022169128814 30.612036956587545 8.1
      vertex 14.264532724742255 30.648100321981687 8.1
    endloop
  endfacet
  facet normal -0.15643446504023195 0.9876883405951375 0
    outer loop
      vertex 14.643026018972922 30.708047770555 6.1
      vertex 14.264532724742255 30.648100321981687 8.1
      vertex 14.643026018972922 30.708047770555 8.1
    endloop
  endfacet
  facet normal -0.21814324139654184 0.9759167619387477 0
    outer loop
      vertex 15.017008311705611 30.79164271711535 6.1
      vertex 14.643026018972922 30.708047770555 8.1
      vertex 15.017008311705611 30.79164271711535 8.1
    endloop
  endfacet
  facet normal -0.2789911060392348 0.9602936856769414 0
    outer loop
      vertex 15.38500366568718 30.898555250599568 6.1
      vertex 15.017008311705611 30.79164271711535 8.1
      vertex 15.38500366568718 30.898555250599568 8.1
    endloop
  endfacet
  facet normal -0.33873792024528526 0.9408807689542277 0
    outer loop
      vertex 15.745559771376538 31.02836343608167 6.1
      vertex 15.38500366568718 30.898555250599568 8.1
      vertex 15.745559771376538 31.02836343608167 8.1
    endloop
  endfacet
  facet normal -0.39714789063478934 0.9177546256839774 0
    outer loop
      vertex 16.09725367854694 31.180554979957286 6.1
      vertex 15.745559771376538 31.02836343608167 8.1
      vertex 16.09725367854694 31.180554979957286 8.1
    endloop
  endfacet
  facet normal -0.45399049973954464 0.891006524188369 0
    outer loop
      vertex 16.438697412020463 31.354529251732437 6.1
      vertex 16.09725367854694 31.180554979957286 8.1
      vertex 16.438697412020463 31.354529251732437 8.1
    endloop
  endfacet
  facet normal -0.50904141575037 0.8607420270039445 0
    outer loop
      vertex 16.768543449371876 31.54959965443771 6.1
      vertex 16.438697412020463 31.354529251732437 8.1
      vertex 16.768543449371876 31.54959965443771 8.1
    endloop
  endfacet
  facet normal -0.5620833778521296 0.8270805742745625 0
    outer loop
      vertex 17.085490038984084 31.764996334312823 6.1
      vertex 16.768543449371876 31.54959965443771 8.1
      vertex 17.085490038984084 31.764996334312823 8.1
    endloop
  endfacet
  facet normal -0.6129070536529768 0.79015501237569 0
    outer loop
      vertex 17.388286337467008 31.99986921906769 6.1
      vertex 17.085490038984084 31.764996334312823 8.1
      vertex 17.388286337467008 31.99986921906769 8.1
    endloop
  endfacet
  facet normal 0.03141075907812857 -0.9995065603657315 0
    outer loop
      vertex 13.116977830871189 42.78796304341246 6.1
      vertex 13.5 42.800000000000004 8.1
      vertex 13.116977830871189 42.78796304341246 8.1
    endloop
  endfacet
  facet normal -0.03141075907812857 -0.9995065603657315 0
    outer loop
      vertex 13.5 42.800000000000004 6.1
      vertex 13.883022169128811 42.78796304341246 8.1
      vertex 13.5 42.800000000000004 8.1
    endloop
  endfacet
  facet normal -0.09410831331851467 -0.9955619646030799 0
    outer loop
      vertex 13.883022169128811 42.78796304341246 6.1
      vertex 14.264532724742256 42.75189967801832 8.1
      vertex 13.883022169128811 42.78796304341246 8.1
    endloop
  endfacet
  facet normal -0.15643446504022435 -0.9876883405951387 0
    outer loop
      vertex 14.264532724742256 42.75189967801832 6.1
      vertex 14.64302601897292 42.69195222944501 8.1
      vertex 14.264532724742256 42.75189967801832 8.1
    endloop
  endfacet
  facet normal -0.21814324139654767 -0.9759167619387461 0
    outer loop
      vertex 14.64302601897292 42.69195222944501 6.1
      vertex 15.017008311705615 42.608357282884654 8.1
      vertex 14.64302601897292 42.69195222944501 8.1
    endloop
  endfacet
  facet normal -0.2789911060392288 -0.9602936856769432 0
    outer loop
      vertex 15.017008311705615 42.608357282884654 6.1
      vertex 15.38500366568718 42.50144474940044 8.1
      vertex 15.017008311705615 42.608357282884654 8.1
    endloop
  endfacet
  facet normal -0.3387379202452965 -0.9408807689542237 0
    outer loop
      vertex 15.38500366568718 42.50144474940044 6.1
      vertex 15.745559771376534 42.37163656391834 8.1
      vertex 15.38500366568718 42.50144474940044 8.1
    endloop
  endfacet
  facet normal -0.39714789063478595 -0.9177546256839788 0
    outer loop
      vertex 15.745559771376534 42.37163656391834 6.1
      vertex 16.09725367854694 42.21944502004272 8.1
      vertex 15.745559771376534 42.37163656391834 8.1
    endloop
  endfacet
  facet normal -0.45399049973954464 -0.891006524188369 0
    outer loop
      vertex 16.09725367854694 42.21944502004272 6.1
      vertex 16.438697412020463 42.04547074826757 8.1
      vertex 16.09725367854694 42.21944502004272 8.1
    endloop
  endfacet
  facet normal -0.5090414157503726 -0.8607420270039428 0
    outer loop
      vertex 16.438697412020463 42.04547074826757 6.1
      vertex 16.76854344937188 41.85040034556229 8.1
      vertex 16.438697412020463 42.04547074826757 8.1
    endloop
  endfacet
  facet normal -0.5620833778521339 -0.8270805742745596 0
    outer loop
      vertex 16.76854344937188 41.85040034556229 6.1
      vertex 17.085490038984084 41.63500366568718 8.1
      vertex 16.76854344937188 41.85040034556229 8.1
    endloop
  endfacet
  facet normal -0.612907053652971 -0.7901550123756945 0
    outer loop
      vertex 17.085490038984084 41.63500366568718 6.1
      vertex 17.388286337467008 41.400130780932315 8.1
      vertex 17.085490038984084 41.63500366568718 8.1
    endloop
  endfacet
  facet normal -0.6613118653236512 -0.75011106963046 0
    outer loop
      vertex 17.388286337467008 41.400130780932315 6.1
      vertex 17.675737346165 41.14670862727061 8.1
      vertex 17.388286337467008 41.400130780932315 8.1
    endloop
  endfacet
  facet normal -0.7071067811865476 0.7071067811865476 0
    outer loop
      vertex 17.675737346165 32.25329137272939 6.1
      vertex 17.675737346165 32.25329137272939 8.1
      vertex 17.94670862727061 32.524262653835 6.1
    endloop
  endfacet
  facet normal -0.75011106963046 0.6613118653236512 0
    outer loop
      vertex 17.94670862727061 32.524262653835 6.1
      vertex 17.94670862727061 32.524262653835 8.1
      vertex 18.200130780932312 32.811713662532995 6.1
    endloop
  endfacet
  facet normal -0.7901550123756832 0.6129070536529859 0
    outer loop
      vertex 18.200130780932312 32.811713662532995 6.1
      vertex 18.200130780932312 32.811713662532995 8.1
      vertex 18.43500366568718 33.11450996101591 6.1
    endloop
  endfacet
  facet normal -0.8270805742745684 0.562083377852121 0
    outer loop
      vertex 18.43500366568718 33.11450996101591 6.1
      vertex 18.43500366568718 33.11450996101591 8.1
      vertex 18.650400345562293 33.43145655062813 6.1
    endloop
  endfacet
  facet normal -0.8607420270039421 0.509041415750374 0
    outer loop
      vertex 18.650400345562293 33.43145655062813 6.1
      vertex 18.650400345562293 33.43145655062813 8.1
      vertex 18.845470748267566 33.761302587979536 6.1
    endloop
  endfacet
  facet normal -0.8910065241883708 0.4539904997395408 0
    outer loop
      vertex 18.845470748267566 33.761302587979536 6.1
      vertex 18.845470748267566 33.761302587979536 8.1
      vertex 19.019445020042717 34.10274632145306 6.1
    endloop
  endfacet
  facet normal -0.9177546256839788 0.39714789063478595 0
    outer loop
      vertex 19.019445020042717 34.10274632145306 6.1
      vertex 19.019445020042717 34.10274632145306 8.1
      vertex 19.171636563918334 34.45444022862347 6.1
    endloop
  endfacet
  facet normal -0.9408807689542266 0.3387379202452882 0
    outer loop
      vertex 19.171636563918334 34.45444022862347 6.1
      vertex 19.171636563918334 34.45444022862347 8.1
      vertex 19.301444749400435 34.81499633431282 6.1
    endloop
  endfacet
  facet normal -0.9602936856769418 0.27899110603923366 0
    outer loop
      vertex 19.301444749400435 34.81499633431282 6.1
      vertex 19.301444749400435 34.81499633431282 8.1
      vertex 19.40835728288465 35.18299168829439 6.1
    endloop
  endfacet
  facet normal -0.9759167619387478 0.21814324139654082 0
    outer loop
      vertex 19.40835728288465 35.18299168829439 6.1
      vertex 19.40835728288465 35.18299168829439 8.1
      vertex 19.491952229445 35.556973981027085 6.1
    endloop
  endfacet
  facet normal -0.9876883405951374 0.1564344650402327 0
    outer loop
      vertex 19.491952229445 35.556973981027085 6.1
      vertex 19.491952229445 35.556973981027085 8.1
      vertex 19.551899678018316 35.93546727525775 6.1
    endloop
  endfacet
  facet normal -0.9955619646030797 0.0941083133185164 0
    outer loop
      vertex 19.551899678018316 35.93546727525775 6.1
      vertex 19.551899678018316 35.93546727525775 8.1
      vertex 19.587963043412458 36.31697783087119 6.1
    endloop
  endfacet
  facet normal -0.9995065603657315 0.03141075907812828 0
    outer loop
      vertex 19.587963043412458 36.31697783087119 6.1
      vertex 19.587963043412458 36.31697783087119 8.1
      vertex 19.6 36.7 6.1
    endloop
  endfacet
  facet normal -0.9995065603657315 -0.03141075907812828 0
    outer loop
      vertex 19.6 36.7 6.1
      vertex 19.6 36.7 8.1
      vertex 19.587963043412458 37.08302216912882 6.1
    endloop
  endfacet
  facet normal -0.9955619646030797 -0.0941083133185164 0
    outer loop
      vertex 19.587963043412458 37.08302216912882 6.1
      vertex 19.587963043412458 37.08302216912882 8.1
      vertex 19.551899678018316 37.464532724742256 6.1
    endloop
  endfacet
  facet normal -0.9876883405951374 -0.1564344650402327 0
    outer loop
      vertex 19.551899678018316 37.464532724742256 6.1
      vertex 19.551899678018316 37.464532724742256 8.1
      vertex 19.491952229445 37.84302601897292 6.1
    endloop
  endfacet
  facet normal -0.891006524188367 -0.4539904997395483 0
    outer loop
      vertex 19.019445020042717 39.297253678546944 6.1
      vertex 19.019445020042717 39.297253678546944 8.1
      vertex 18.845470748267566 39.63869741202046 6.1
    endloop
  endfacet
  facet normal -0.9177546256839788 -0.39714789063478595 0
    outer loop
      vertex 19.019445020042717 39.297253678546944 6.1
      vertex 19.171636563918334 38.94555977137654 6.1
      vertex 19.171636563918334 38.94555977137654 8.1
    endloop
  endfacet
  facet normal -0.9602936856769404 -0.2789911060392386 0
    outer loop
      vertex 19.40835728288465 38.21700831170562 6.1
      vertex 19.40835728288465 38.21700831170562 8.1
      vertex 19.301444749400435 38.58500366568718 6.1
    endloop
  endfacet
  facet normal -0.9759167619387488 -0.2181432413965369 0
    outer loop
      vertex 19.40835728288465 38.21700831170562 6.1
      vertex 19.491952229445 37.84302601897292 6.1
      vertex 19.491952229445 37.84302601897292 8.1
    endloop
  endfacet
  facet normal -0.9408807689542266 -0.3387379202452882 0
    outer loop
      vertex 19.171636563918334 38.94555977137654 6.1
      vertex 19.301444749400435 38.58500366568718 6.1
      vertex 19.301444749400435 38.58500366568718 8.1
    endloop
  endfacet
  facet normal -0.6613118653236512 -0.75011106963046 0
    outer loop
      vertex 17.388286337467008 41.400130780932315 6.1
      vertex 17.675737346165 41.14670862727061 6.1
      vertex 17.675737346165 41.14670862727061 8.1
    endloop
  endfacet
  facet normal -0.7071067811865476 -0.7071067811865476 0
    outer loop
      vertex 17.675737346165 41.14670862727061 6.1
      vertex 17.94670862727061 40.875737346165 6.1
      vertex 17.94670862727061 40.875737346165 8.1
    endloop
  endfacet
  facet normal -0.8270805742745625 -0.5620833778521296 0
    outer loop
      vertex 18.43500366568718 40.285490038984086 6.1
      vertex 18.650400345562293 39.96854344937188 6.1
      vertex 18.650400345562293 39.96854344937188 8.1
    endloop
  endfacet
  facet normal -0.75011106963046 -0.6613118653236512 0
    outer loop
      vertex 17.94670862727061 40.875737346165 6.1
      vertex 18.200130780932312 40.58828633746701 6.1
      vertex 18.200130780932312 40.58828633746701 8.1
    endloop
  endfacet
  facet normal -0.79015501237569 -0.6129070536529768 0
    outer loop
      vertex 18.43500366568718 40.285490038984086 6.1
      vertex 18.43500366568718 40.285490038984086 8.1
      vertex 18.200130780932312 40.58828633746701 6.1
    endloop
  endfacet
  facet normal -0.8607420270039469 -0.5090414157503658 0
    outer loop
      vertex 18.650400345562293 39.96854344937188 6.1
      vertex 18.845470748267566 39.63869741202046 6.1
      vertex 18.845470748267566 39.63869741202046 8.1
    endloop
  endfacet
  facet normal -0.6613118653236512 0.75011106963046 0
    outer loop
      vertex 17.675737346165 32.25329137272939 6.1
      vertex 17.388286337467008 31.99986921906769 8.1
      vertex 17.675737346165 32.25329137272939 8.1
    endloop
  endfacet
  facet normal -0.7071067811865476 0.7071067811865476 0
    outer loop
      vertex 17.94670862727061 32.524262653835 6.1
      vertex 17.675737346165 32.25329137272939 8.1
      vertex 17.94670862727061 32.524262653835 8.1
    endloop
  endfacet
  facet normal -0.75011106963046 0.6613118653236512 0
    outer loop
      vertex 18.200130780932312 32.811713662532995 6.1
      vertex 17.94670862727061 32.524262653835 8.1
      vertex 18.200130780932312 32.811713662532995 8.1
    endloop
  endfacet
  facet normal -0.7901550123756832 0.6129070536529859 0
    outer loop
      vertex 18.43500366568718 33.11450996101591 6.1
      vertex 18.200130780932312 32.811713662532995 8.1
      vertex 18.43500366568718 33.11450996101591 8.1
    endloop
  endfacet
  facet normal -0.8270805742745684 0.562083377852121 0
    outer loop
      vertex 18.650400345562293 33.43145655062813 6.1
      vertex 18.43500366568718 33.11450996101591 8.1
      vertex 18.650400345562293 33.43145655062813 8.1
    endloop
  endfacet
  facet normal -0.8607420270039421 0.509041415750374 0
    outer loop
      vertex 18.845470748267566 33.761302587979536 6.1
      vertex 18.650400345562293 33.43145655062813 8.1
      vertex 18.845470748267566 33.761302587979536 8.1
    endloop
  endfacet
  facet normal -0.8910065241883708 0.4539904997395408 0
    outer loop
      vertex 19.019445020042717 34.10274632145306 6.1
      vertex 18.845470748267566 33.761302587979536 8.1
      vertex 19.019445020042717 34.10274632145306 8.1
    endloop
  endfacet
  facet normal -0.9177546256839788 0.39714789063478595 0
    outer loop
      vertex 19.171636563918334 34.45444022862347 6.1
      vertex 19.019445020042717 34.10274632145306 8.1
      vertex 19.171636563918334 34.45444022862347 8.1
    endloop
  endfacet
  facet normal -0.9408807689542266 0.3387379202452882 0
    outer loop
      vertex 19.301444749400435 34.81499633431282 6.1
      vertex 19.171636563918334 34.45444022862347 8.1
      vertex 19.301444749400435 34.81499633431282 8.1
    endloop
  endfacet
  facet normal -0.9602936856769418 0.27899110603923366 0
    outer loop
      vertex 19.40835728288465 35.18299168829439 6.1
      vertex 19.301444749400435 34.81499633431282 8.1
      vertex 19.40835728288465 35.18299168829439 8.1
    endloop
  endfacet
  facet normal -0.9759167619387478 0.21814324139654082 0
    outer loop
      vertex 19.491952229445 35.556973981027085 6.1
      vertex 19.40835728288465 35.18299168829439 8.1
      vertex 19.491952229445 35.556973981027085 8.1
    endloop
  endfacet
  facet normal -0.9876883405951374 0.1564344650402327 0
    outer loop
      vertex 19.551899678018316 35.93546727525775 6.1
      vertex 19.491952229445 35.556973981027085 8.1
      vertex 19.551899678018316 35.93546727525775 8.1
    endloop
  endfacet
  facet normal -0.9955619646030797 0.0941083133185164 0
    outer loop
      vertex 19.587963043412458 36.31697783087119 6.1
      vertex 19.551899678018316 35.93546727525775 8.1
      vertex 19.587963043412458 36.31697783087119 8.1
    endloop
  endfacet
  facet normal -0.9995065603657315 0.03141075907812828 0
    outer loop
      vertex 19.6 36.7 6.1
      vertex 19.587963043412458 36.31697783087119 8.1
      vertex 19.6 36.7 8.1
    endloop
  endfacet
  facet normal -0.9995065603657315 -0.03141075907812828 0
    outer loop
      vertex 19.587963043412458 37.08302216912882 6.1
      vertex 19.6 36.7 8.1
      vertex 19.587963043412458 37.08302216912882 8.1
    endloop
  endfacet
  facet normal -0.9955619646030797 -0.0941083133185164 0
    outer loop
      vertex 19.551899678018316 37.464532724742256 6.1
      vertex 19.587963043412458 37.08302216912882 8.1
      vertex 19.551899678018316 37.464532724742256 8.1
    endloop
  endfacet
  facet normal -0.9177546256839788 -0.39714789063478595 0
    outer loop
      vertex 19.019445020042717 39.297253678546944 6.1
      vertex 19.171636563918334 38.94555977137654 8.1
      vertex 19.019445020042717 39.297253678546944 8.1
    endloop
  endfacet
  facet normal -0.9602936856769404 -0.2789911060392386 0
    outer loop
      vertex 19.301444749400435 38.58500366568718 6.1
      vertex 19.40835728288465 38.21700831170562 8.1
      vertex 19.301444749400435 38.58500366568718 8.1
    endloop
  endfacet
  facet normal -0.9876883405951374 -0.1564344650402327 0
    outer loop
      vertex 19.491952229445 37.84302601897292 6.1
      vertex 19.551899678018316 37.464532724742256 8.1
      vertex 19.491952229445 37.84302601897292 8.1
    endloop
  endfacet
  facet normal -0.9759167619387488 -0.2181432413965369 0
    outer loop
      vertex 19.40835728288465 38.21700831170562 6.1
      vertex 19.491952229445 37.84302601897292 8.1
      vertex 19.40835728288465 38.21700831170562 8.1
    endloop
  endfacet
  facet normal -0.9408807689542266 -0.3387379202452882 0
    outer loop
      vertex 19.171636563918334 38.94555977137654 6.1
      vertex 19.301444749400435 38.58500366568718 8.1
      vertex 19.171636563918334 38.94555977137654 8.1
    endloop
  endfacet
  facet normal -0.7071067811865476 -0.7071067811865476 0
    outer loop
      vertex 17.675737346165 41.14670862727061 6.1
      vertex 17.94670862727061 40.875737346165 8.1
      vertex 17.675737346165 41.14670862727061 8.1
    endloop
  endfacet
  facet normal -0.75011106963046 -0.6613118653236512 0
    outer loop
      vertex 17.94670862727061 40.875737346165 6.1
      vertex 18.200130780932312 40.58828633746701 8.1
      vertex 17.94670862727061 40.875737346165 8.1
    endloop
  endfacet
  facet normal -0.8270805742745625 -0.5620833778521296 0
    outer loop
      vertex 18.43500366568718 40.285490038984086 6.1
      vertex 18.650400345562293 39.96854344937188 8.1
      vertex 18.43500366568718 40.285490038984086 8.1
    endloop
  endfacet
  facet normal -0.79015501237569 -0.6129070536529768 0
    outer loop
      vertex 18.200130780932312 40.58828633746701 6.1
      vertex 18.43500366568718 40.285490038984086 8.1
      vertex 18.200130780932312 40.58828633746701 8.1
    endloop
  endfacet
  facet normal -0.8607420270039469 -0.5090414157503658 0
    outer loop
      vertex 18.650400345562293 39.96854344937188 6.1
      vertex 18.845470748267566 39.63869741202046 8.1
      vertex 18.650400345562293 39.96854344937188 8.1
    endloop
  endfacet
  facet normal -0.891006524188367 -0.4539904997395483 0
    outer loop
      vertex 18.845470748267566 39.63869741202046 6.1
      vertex 19.019445020042717 39.297253678546944 8.1
      vertex 18.845470748267566 39.63869741202046 8.1
    endloop
  endfacet
  facet normal 0.8270805742745588 0.5620833778521351 0
    outer loop
      vertex 8.56499633431282 53.51450996101591 6.1
      vertex 8.349599654437709 53.83145655062811 6.1
      vertex 8.349599654437709 53.83145655062811 8.1
    endloop
  endfacet
  facet normal 0.7901550123756945 0.612907053652971 0
    outer loop
      vertex 8.799869219067684 53.211713662532986 6.1
      vertex 8.56499633431282 53.51450996101591 6.1
      vertex 8.56499633431282 53.51450996101591 8.1
    endloop
  endfacet
  facet normal 0.9602936856769423 0.27899110603923216 0
    outer loop
      vertex 7.698555250599564 55.214996334312815 6.1
      vertex 7.59164271711535 55.58299168829438 6.1
      vertex 7.59164271711535 55.58299168829438 8.1
    endloop
  endfacet
  facet normal 0.9759167619387482 0.2181432413965391 0
    outer loop
      vertex 7.508047770555 55.956973981027076 6.1
      vertex 7.508047770555 55.956973981027076 8.1
      vertex 7.59164271711535 55.58299168829438 6.1
    endloop
  endfacet
  facet normal 0.9876883405951374 0.1564344650402327 0
    outer loop
      vertex 7.508047770555 55.956973981027076 6.1
      vertex 7.448100321981685 56.33546727525774 6.1
      vertex 7.448100321981685 56.33546727525774 8.1
    endloop
  endfacet
  facet normal 0.99556196460308 0.09410831331851412 0
    outer loop
      vertex 7.448100321981685 56.33546727525774 6.1
      vertex 7.412036956587544 56.71697783087118 6.1
      vertex 7.412036956587544 56.71697783087118 8.1
    endloop
  endfacet
  facet normal 0.9995065603657315 0.03141075907812828 0
    outer loop
      vertex 7.412036956587544 56.71697783087118 6.1
      vertex 7.4 57.099999999999994 6.1
      vertex 7.4 57.099999999999994 8.1
    endloop
  endfacet
  facet normal 0.9995065603657315 -0.03141075907812828 0
    outer loop
      vertex 7.4 57.099999999999994 6.1
      vertex 7.412036956587544 57.48302216912881 6.1
      vertex 7.412036956587544 57.48302216912881 8.1
    endloop
  endfacet
  facet normal 0.891006524188369 0.45399049973954453 0
    outer loop
      vertex 8.154529251732434 54.16130258797953 6.1
      vertex 7.980554979957281 54.50274632145305 6.1
      vertex 7.980554979957281 54.50274632145305 8.1
    endloop
  endfacet
  facet normal 0.9408807689542259 0.3387379202452903 0
    outer loop
      vertex 7.698555250599564 55.214996334312815 6.1
      vertex 7.698555250599564 55.214996334312815 8.1
      vertex 7.828363436081666 54.85444022862346 6.1
    endloop
  endfacet
  facet normal 0.9177546256839805 0.39714789063478206 0
    outer loop
      vertex 7.980554979957281 54.50274632145305 6.1
      vertex 7.828363436081666 54.85444022862346 6.1
      vertex 7.828363436081666 54.85444022862346 8.1
    endloop
  endfacet
  facet normal 0.8607420270039449 0.5090414157503692 0
    outer loop
      vertex 8.154529251732434 54.16130258797953 6.1
      vertex 8.154529251732434 54.16130258797953 8.1
      vertex 8.349599654437709 53.83145655062811 6.1
    endloop
  endfacet
  facet normal 0.7901550123756945 0.612907053652971 0
    outer loop
      vertex 8.799869219067684 53.211713662532986 6.1
      vertex 8.56499633431282 53.51450996101591 8.1
      vertex 8.799869219067684 53.211713662532986 8.1
    endloop
  endfacet
  facet normal 0.8270805742745588 0.5620833778521351 0
    outer loop
      vertex 8.56499633431282 53.51450996101591 6.1
      vertex 8.349599654437709 53.83145655062811 8.1
      vertex 8.56499633431282 53.51450996101591 8.1
    endloop
  endfacet
  facet normal 0.9759167619387482 0.2181432413965391 0
    outer loop
      vertex 7.59164271711535 55.58299168829438 6.1
      vertex 7.508047770555 55.956973981027076 8.1
      vertex 7.59164271711535 55.58299168829438 8.1
    endloop
  endfacet
  facet normal 0.9876883405951374 0.1564344650402327 0
    outer loop
      vertex 7.508047770555 55.956973981027076 6.1
      vertex 7.448100321981685 56.33546727525774 8.1
      vertex 7.508047770555 55.956973981027076 8.1
    endloop
  endfacet
  facet normal 0.99556196460308 0.09410831331851412 0
    outer loop
      vertex 7.448100321981685 56.33546727525774 6.1
      vertex 7.412036956587544 56.71697783087118 8.1
      vertex 7.448100321981685 56.33546727525774 8.1
    endloop
  endfacet
  facet normal 0.9995065603657315 0.03141075907812828 0
    outer loop
      vertex 7.412036956587544 56.71697783087118 6.1
      vertex 7.4 57.099999999999994 8.1
      vertex 7.412036956587544 56.71697783087118 8.1
    endloop
  endfacet
  facet normal 0.9995065603657315 -0.03141075907812828 0
    outer loop
      vertex 7.4 57.099999999999994 6.1
      vertex 7.412036956587544 57.48302216912881 8.1
      vertex 7.4 57.099999999999994 8.1
    endloop
  endfacet
  facet normal 0.9177546256839805 0.39714789063478206 0
    outer loop
      vertex 7.980554979957281 54.50274632145305 6.1
      vertex 7.828363436081666 54.85444022862346 8.1
      vertex 7.980554979957281 54.50274632145305 8.1
    endloop
  endfacet
  facet normal 0.891006524188369 0.45399049973954453 0
    outer loop
      vertex 8.154529251732434 54.16130258797953 6.1
      vertex 7.980554979957281 54.50274632145305 8.1
      vertex 8.154529251732434 54.16130258797953 8.1
    endloop
  endfacet
  facet normal 0.9408807689542259 0.3387379202452903 0
    outer loop
      vertex 7.828363436081666 54.85444022862346 6.1
      vertex 7.698555250599564 55.214996334312815 8.1
      vertex 7.828363436081666 54.85444022862346 8.1
    endloop
  endfacet
  facet normal 0.9602936856769423 0.27899110603923216 0
    outer loop
      vertex 7.698555250599564 55.214996334312815 6.1
      vertex 7.59164271711535 55.58299168829438 8.1
      vertex 7.698555250599564 55.214996334312815 8.1
    endloop
  endfacet
  facet normal 0.8607420270039449 0.5090414157503692 0
    outer loop
      vertex 8.349599654437709 53.83145655062811 6.1
      vertex 8.154529251732434 54.16130258797953 8.1
      vertex 8.349599654437709 53.83145655062811 8.1
    endloop
  endfacet
  facet normal 0.7071067811865476 0.7071067811865476 0
    outer loop
      vertex 9.324262653835 52.653291372729385 6.1
      vertex 9.05329137272939 52.924262653834994 6.1
      vertex 9.05329137272939 52.924262653834994 8.1
    endloop
  endfacet
  facet normal 0.7501110696304556 0.6613118653236565 0
    outer loop
      vertex 8.799869219067684 53.211713662532986 6.1
      vertex 8.799869219067684 53.211713662532986 8.1
      vertex 9.05329137272939 52.924262653834994 6.1
    endloop
  endfacet
  facet normal 0.6613118653236489 0.7501110696304621 0
    outer loop
      vertex 9.324262653835 52.653291372729385 6.1
      vertex 9.324262653835 52.653291372729385 8.1
      vertex 9.611713662532994 52.39986921906768 6.1
    endloop
  endfacet
  facet normal 0.6129070536529756 0.7901550123756911 0
    outer loop
      vertex 9.611713662532994 52.39986921906768 6.1
      vertex 9.611713662532994 52.39986921906768 8.1
      vertex 9.914509961015915 52.16499633431282 6.1
    endloop
  endfacet
  facet normal 0.5090414157503726 0.8607420270039428 0
    outer loop
      vertex 10.561302587979537 51.75452925173243 6.1
      vertex 10.23145655062812 51.949599654437705 6.1
      vertex 10.23145655062812 51.949599654437705 8.1
    endloop
  endfacet
  facet normal 0.45399049973954464 0.891006524188369 0
    outer loop
      vertex 10.561302587979537 51.75452925173243 6.1
      vertex 10.561302587979537 51.75452925173243 8.1
      vertex 10.902746321453058 51.58055497995728 6.1
    endloop
  endfacet
  facet normal 0.5620833778521318 0.8270805742745609 0
    outer loop
      vertex 9.914509961015915 52.16499633431282 6.1
      vertex 9.914509961015915 52.16499633431282 8.1
      vertex 10.23145655062812 51.949599654437705 6.1
    endloop
  endfacet
  facet normal 0.39714789063478595 0.9177546256839788 0
    outer loop
      vertex 10.902746321453058 51.58055497995728 6.1
      vertex 10.902746321453058 51.58055497995728 8.1
      vertex 11.254440228623466 51.42836343608166 6.1
    endloop
  endfacet
  facet normal 0.3387379202452965 0.9408807689542237 0
    outer loop
      vertex 11.254440228623466 51.42836343608166 6.1
      vertex 11.254440228623466 51.42836343608166 8.1
      vertex 11.61499633431282 51.298555250599556 6.1
    endloop
  endfacet
  facet normal 0.2789911060392288 0.9602936856769432 0
    outer loop
      vertex 11.61499633431282 51.298555250599556 6.1
      vertex 11.61499633431282 51.298555250599556 8.1
      vertex 11.982991688294385 51.19164271711534 6.1
    endloop
  endfacet
  facet normal 0.156434465040241 0.9876883405951361 0
    outer loop
      vertex 12.356973981027078 51.108047770555 6.1
      vertex 12.356973981027078 51.108047770555 8.1
      vertex 12.735467275257745 51.04810032198168 6.1
    endloop
  endfacet
  facet normal 0.21814324139653102 0.97591676193875 0
    outer loop
      vertex 11.982991688294385 51.19164271711534 6.1
      vertex 11.982991688294385 51.19164271711534 8.1
      vertex 12.356973981027078 51.108047770555 6.1
    endloop
  endfacet
  facet normal 0.09410831331851596 0.9955619646030797 0
    outer loop
      vertex 12.735467275257745 51.04810032198168 6.1
      vertex 12.735467275257745 51.04810032198168 8.1
      vertex 13.116977830871186 51.01203695658754 6.1
    endloop
  endfacet
  facet normal 0.03141075907812828 0.9995065603657315 0
    outer loop
      vertex 13.116977830871186 51.01203695658754 6.1
      vertex 13.116977830871186 51.01203695658754 8.1
      vertex 13.5 50.99999999999999 6.1
    endloop
  endfacet
  facet normal -0.03141075907812828 0.9995065603657315 0
    outer loop
      vertex 13.5 50.99999999999999 6.1
      vertex 13.5 50.99999999999999 8.1
      vertex 13.883022169128814 51.01203695658754 6.1
    endloop
  endfacet
  facet normal -0.09410831331851596 0.9955619646030797 0
    outer loop
      vertex 13.883022169128814 51.01203695658754 6.1
      vertex 13.883022169128814 51.01203695658754 8.1
      vertex 14.264532724742255 51.04810032198168 6.1
    endloop
  endfacet
  facet normal -0.156434465040241 0.9876883405951361 0
    outer loop
      vertex 14.264532724742255 51.04810032198168 6.1
      vertex 14.264532724742255 51.04810032198168 8.1
      vertex 14.643026018972922 51.108047770555 6.1
    endloop
  endfacet
  facet normal -0.218143241396533 0.9759167619387494 0
    outer loop
      vertex 14.643026018972922 51.108047770555 6.1
      vertex 14.643026018972922 51.108047770555 8.1
      vertex 15.017008311705611 51.19164271711534 6.1
    endloop
  endfacet
  facet normal -0.2789911060392263 0.960293685676944 0
    outer loop
      vertex 15.017008311705611 51.19164271711534 6.1
      vertex 15.017008311705611 51.19164271711534 8.1
      vertex 15.38500366568718 51.298555250599556 6.1
    endloop
  endfacet
  facet normal -0.3387379202452935 0.9408807689542247 0
    outer loop
      vertex 15.38500366568718 51.298555250599556 6.1
      vertex 15.38500366568718 51.298555250599556 8.1
      vertex 15.745559771376538 51.42836343608166 6.1
    endloop
  endfacet
  facet normal -0.39714789063478934 0.9177546256839774 0
    outer loop
      vertex 15.745559771376538 51.42836343608166 6.1
      vertex 15.745559771376538 51.42836343608166 8.1
      vertex 16.09725367854694 51.58055497995728 6.1
    endloop
  endfacet
  facet normal -0.45399049973954464 0.891006524188369 0
    outer loop
      vertex 16.09725367854694 51.58055497995728 6.1
      vertex 16.09725367854694 51.58055497995728 8.1
      vertex 16.438697412020463 51.75452925173243 6.1
    endloop
  endfacet
  facet normal -0.5090414157503768 0.8607420270039404 0
    outer loop
      vertex 16.438697412020463 51.75452925173243 6.1
      vertex 16.438697412020463 51.75452925173243 8.1
      vertex 16.768543449371876 51.949599654437705 6.1
    endloop
  endfacet
  facet normal -0.5620833778521296 0.8270805742745625 0
    outer loop
      vertex 16.768543449371876 51.949599654437705 6.1
      vertex 16.768543449371876 51.949599654437705 8.1
      vertex 17.085490038984084 52.16499633431282 6.1
    endloop
  endfacet
  facet normal -0.612907053652971 0.7901550123756945 0
    outer loop
      vertex 17.085490038984084 52.16499633431282 6.1
      vertex 17.085490038984084 52.16499633431282 8.1
      vertex 17.388286337467008 52.39986921906768 6.1
    endloop
  endfacet
  facet normal -0.6613118653236512 0.75011106963046 0
    outer loop
      vertex 17.388286337467008 52.39986921906768 6.1
      vertex 17.388286337467008 52.39986921906768 8.1
      vertex 17.675737346165 52.653291372729385 6.1
    endloop
  endfacet
  facet normal 0.7071067811865476 0.7071067811865476 0
    outer loop
      vertex 9.324262653835 52.653291372729385 6.1
      vertex 9.05329137272939 52.924262653834994 8.1
      vertex 9.324262653835 52.653291372729385 8.1
    endloop
  endfacet
  facet normal 0.7501110696304556 0.6613118653236565 0
    outer loop
      vertex 9.05329137272939 52.924262653834994 6.1
      vertex 8.799869219067684 53.211713662532986 8.1
      vertex 9.05329137272939 52.924262653834994 8.1
    endloop
  endfacet
  facet normal 0.6613118653236489 0.7501110696304621 0
    outer loop
      vertex 9.611713662532994 52.39986921906768 6.1
      vertex 9.324262653835 52.653291372729385 8.1
      vertex 9.611713662532994 52.39986921906768 8.1
    endloop
  endfacet
  facet normal 0.6129070536529756 0.7901550123756911 0
    outer loop
      vertex 9.914509961015915 52.16499633431282 6.1
      vertex 9.611713662532994 52.39986921906768 8.1
      vertex 9.914509961015915 52.16499633431282 8.1
    endloop
  endfacet
  facet normal 0.5090414157503726 0.8607420270039428 0
    outer loop
      vertex 10.561302587979537 51.75452925173243 6.1
      vertex 10.23145655062812 51.949599654437705 8.1
      vertex 10.561302587979537 51.75452925173243 8.1
    endloop
  endfacet
  facet normal 0.45399049973954464 0.891006524188369 0
    outer loop
      vertex 10.902746321453058 51.58055497995728 6.1
      vertex 10.561302587979537 51.75452925173243 8.1
      vertex 10.902746321453058 51.58055497995728 8.1
    endloop
  endfacet
  facet normal 0.5620833778521318 0.8270805742745609 0
    outer loop
      vertex 10.23145655062812 51.949599654437705 6.1
      vertex 9.914509961015915 52.16499633431282 8.1
      vertex 10.23145655062812 51.949599654437705 8.1
    endloop
  endfacet
  facet normal 0.39714789063478595 0.9177546256839788 0
    outer loop
      vertex 11.254440228623466 51.42836343608166 6.1
      vertex 10.902746321453058 51.58055497995728 8.1
      vertex 11.254440228623466 51.42836343608166 8.1
    endloop
  endfacet
  facet normal 0.3387379202452965 0.9408807689542237 0
    outer loop
      vertex 11.61499633431282 51.298555250599556 6.1
      vertex 11.254440228623466 51.42836343608166 8.1
      vertex 11.61499633431282 51.298555250599556 8.1
    endloop
  endfacet
  facet normal 0.2789911060392288 0.9602936856769432 0
    outer loop
      vertex 11.982991688294385 51.19164271711534 6.1
      vertex 11.61499633431282 51.298555250599556 8.1
      vertex 11.982991688294385 51.19164271711534 8.1
    endloop
  endfacet
  facet normal 0.21814324139653102 0.97591676193875 0
    outer loop
      vertex 12.356973981027078 51.108047770555 6.1
      vertex 11.982991688294385 51.19164271711534 8.1
      vertex 12.356973981027078 51.108047770555 8.1
    endloop
  endfacet
  facet normal 0.156434465040241 0.9876883405951361 0
    outer loop
      vertex 12.735467275257745 51.04810032198168 6.1
      vertex 12.356973981027078 51.108047770555 8.1
      vertex 12.735467275257745 51.04810032198168 8.1
    endloop
  endfacet
  facet normal 0.09410831331851596 0.9955619646030797 0
    outer loop
      vertex 13.116977830871186 51.01203695658754 6.1
      vertex 12.735467275257745 51.04810032198168 8.1
      vertex 13.116977830871186 51.01203695658754 8.1
    endloop
  endfacet
  facet normal 0.03141075907812828 0.9995065603657315 0
    outer loop
      vertex 13.5 50.99999999999999 6.1
      vertex 13.116977830871186 51.01203695658754 8.1
      vertex 13.5 50.99999999999999 8.1
    endloop
  endfacet
  facet normal -0.03141075907812828 0.9995065603657315 0
    outer loop
      vertex 13.883022169128814 51.01203695658754 6.1
      vertex 13.5 50.99999999999999 8.1
      vertex 13.883022169128814 51.01203695658754 8.1
    endloop
  endfacet
  facet normal -0.09410831331851596 0.9955619646030797 0
    outer loop
      vertex 14.264532724742255 51.04810032198168 6.1
      vertex 13.883022169128814 51.01203695658754 8.1
      vertex 14.264532724742255 51.04810032198168 8.1
    endloop
  endfacet
  facet normal -0.156434465040241 0.9876883405951361 0
    outer loop
      vertex 14.643026018972922 51.108047770555 6.1
      vertex 14.264532724742255 51.04810032198168 8.1
      vertex 14.643026018972922 51.108047770555 8.1
    endloop
  endfacet
  facet normal -0.218143241396533 0.9759167619387494 0
    outer loop
      vertex 15.017008311705611 51.19164271711534 6.1
      vertex 14.643026018972922 51.108047770555 8.1
      vertex 15.017008311705611 51.19164271711534 8.1
    endloop
  endfacet
  facet normal -0.2789911060392263 0.960293685676944 0
    outer loop
      vertex 15.38500366568718 51.298555250599556 6.1
      vertex 15.017008311705611 51.19164271711534 8.1
      vertex 15.38500366568718 51.298555250599556 8.1
    endloop
  endfacet
  facet normal -0.3387379202452935 0.9408807689542247 0
    outer loop
      vertex 15.745559771376538 51.42836343608166 6.1
      vertex 15.38500366568718 51.298555250599556 8.1
      vertex 15.745559771376538 51.42836343608166 8.1
    endloop
  endfacet
  facet normal -0.39714789063478934 0.9177546256839774 0
    outer loop
      vertex 16.09725367854694 51.58055497995728 6.1
      vertex 15.745559771376538 51.42836343608166 8.1
      vertex 16.09725367854694 51.58055497995728 8.1
    endloop
  endfacet
  facet normal -0.45399049973954464 0.891006524188369 0
    outer loop
      vertex 16.438697412020463 51.75452925173243 6.1
      vertex 16.09725367854694 51.58055497995728 8.1
      vertex 16.438697412020463 51.75452925173243 8.1
    endloop
  endfacet
  facet normal -0.5090414157503768 0.8607420270039404 0
    outer loop
      vertex 16.768543449371876 51.949599654437705 6.1
      vertex 16.438697412020463 51.75452925173243 8.1
      vertex 16.768543449371876 51.949599654437705 8.1
    endloop
  endfacet
  facet normal -0.5620833778521296 0.8270805742745625 0
    outer loop
      vertex 17.085490038984084 52.16499633431282 6.1
      vertex 16.768543449371876 51.949599654437705 8.1
      vertex 17.085490038984084 52.16499633431282 8.1
    endloop
  endfacet
  facet normal -0.612907053652971 0.7901550123756945 0
    outer loop
      vertex 17.388286337467008 52.39986921906768 6.1
      vertex 17.085490038984084 52.16499633431282 8.1
      vertex 17.388286337467008 52.39986921906768 8.1
    endloop
  endfacet
  facet normal -0.7071067811865476 0.7071067811865476 0
    outer loop
      vertex 17.675737346165 52.653291372729385 6.1
      vertex 17.675737346165 52.653291372729385 8.1
      vertex 17.94670862727061 52.924262653834994 6.1
    endloop
  endfacet
  facet normal -0.75011106963046 0.6613118653236512 0
    outer loop
      vertex 17.94670862727061 52.924262653834994 6.1
      vertex 17.94670862727061 52.924262653834994 8.1
      vertex 18.200130780932312 53.211713662532986 6.1
    endloop
  endfacet
  facet normal -0.79015501237569 0.6129070536529768 0
    outer loop
      vertex 18.200130780932312 53.211713662532986 6.1
      vertex 18.200130780932312 53.211713662532986 8.1
      vertex 18.43500366568718 53.51450996101591 6.1
    endloop
  endfacet
  facet normal -0.8270805742745625 0.5620833778521296 0
    outer loop
      vertex 18.43500366568718 53.51450996101591 6.1
      vertex 18.43500366568718 53.51450996101591 8.1
      vertex 18.650400345562293 53.83145655062812 6.1
    endloop
  endfacet
  facet normal -0.8607420270039421 0.509041415750374 0
    outer loop
      vertex 18.650400345562293 53.83145655062812 6.1
      vertex 18.650400345562293 53.83145655062812 8.1
      vertex 18.845470748267566 54.16130258797953 6.1
    endloop
  endfacet
  facet normal -0.8910065241883708 0.4539904997395408 0
    outer loop
      vertex 18.845470748267566 54.16130258797953 6.1
      vertex 18.845470748267566 54.16130258797953 8.1
      vertex 19.019445020042717 54.50274632145305 6.1
    endloop
  endfacet
  facet normal -0.9177546256839788 0.39714789063478595 0
    outer loop
      vertex 19.019445020042717 54.50274632145305 6.1
      vertex 19.019445020042717 54.50274632145305 8.1
      vertex 19.171636563918334 54.85444022862346 6.1
    endloop
  endfacet
  facet normal -0.9408807689542266 0.3387379202452882 0
    outer loop
      vertex 19.171636563918334 54.85444022862346 6.1
      vertex 19.171636563918334 54.85444022862346 8.1
      vertex 19.301444749400435 55.214996334312815 6.1
    endloop
  endfacet
  facet normal -0.9602936856769418 0.27899110603923366 0
    outer loop
      vertex 19.301444749400435 55.214996334312815 6.1
      vertex 19.301444749400435 55.214996334312815 8.1
      vertex 19.40835728288465 55.582991688294385 6.1
    endloop
  endfacet
  facet normal -0.9759167619387478 0.21814324139654082 0
    outer loop
      vertex 19.40835728288465 55.582991688294385 6.1
      vertex 19.40835728288465 55.582991688294385 8.1
      vertex 19.491952229445 55.956973981027076 6.1
    endloop
  endfacet
  facet normal -0.9876883405951374 0.1564344650402327 0
    outer loop
      vertex 19.491952229445 55.956973981027076 6.1
      vertex 19.491952229445 55.956973981027076 8.1
      vertex 19.551899678018316 56.33546727525774 6.1
    endloop
  endfacet
  facet normal -0.9955619646030797 0.0941083133185164 0
    outer loop
      vertex 19.551899678018316 56.33546727525774 6.1
      vertex 19.551899678018316 56.33546727525774 8.1
      vertex 19.587963043412458 56.71697783087118 6.1
    endloop
  endfacet
  facet normal -0.9995065603657315 0.03141075907812828 0
    outer loop
      vertex 19.587963043412458 56.71697783087118 6.1
      vertex 19.587963043412458 56.71697783087118 8.1
      vertex 19.6 57.099999999999994 6.1
    endloop
  endfacet
  facet normal -0.9995065603657315 -0.03141075907812828 0
    outer loop
      vertex 19.6 57.099999999999994 6.1
      vertex 19.6 57.099999999999994 8.1
      vertex 19.587963043412458 57.48302216912881 6.1
    endloop
  endfacet
  facet normal -0.6613118653236512 0.75011106963046 0
    outer loop
      vertex 17.675737346165 52.653291372729385 6.1
      vertex 17.388286337467008 52.39986921906768 8.1
      vertex 17.675737346165 52.653291372729385 8.1
    endloop
  endfacet
  facet normal -0.7071067811865476 0.7071067811865476 0
    outer loop
      vertex 17.94670862727061 52.924262653834994 6.1
      vertex 17.675737346165 52.653291372729385 8.1
      vertex 17.94670862727061 52.924262653834994 8.1
    endloop
  endfacet
  facet normal -0.75011106963046 0.6613118653236512 0
    outer loop
      vertex 18.200130780932312 53.211713662532986 6.1
      vertex 17.94670862727061 52.924262653834994 8.1
      vertex 18.200130780932312 53.211713662532986 8.1
    endloop
  endfacet
  facet normal -0.79015501237569 0.6129070536529768 0
    outer loop
      vertex 18.43500366568718 53.51450996101591 6.1
      vertex 18.200130780932312 53.211713662532986 8.1
      vertex 18.43500366568718 53.51450996101591 8.1
    endloop
  endfacet
  facet normal -0.8270805742745625 0.5620833778521296 0
    outer loop
      vertex 18.650400345562293 53.83145655062812 6.1
      vertex 18.43500366568718 53.51450996101591 8.1
      vertex 18.650400345562293 53.83145655062812 8.1
    endloop
  endfacet
  facet normal -0.8607420270039421 0.509041415750374 0
    outer loop
      vertex 18.845470748267566 54.16130258797953 6.1
      vertex 18.650400345562293 53.83145655062812 8.1
      vertex 18.845470748267566 54.16130258797953 8.1
    endloop
  endfacet
  facet normal -0.8910065241883708 0.4539904997395408 0
    outer loop
      vertex 19.019445020042717 54.50274632145305 6.1
      vertex 18.845470748267566 54.16130258797953 8.1
      vertex 19.019445020042717 54.50274632145305 8.1
    endloop
  endfacet
  facet normal -0.9177546256839788 0.39714789063478595 0
    outer loop
      vertex 19.171636563918334 54.85444022862346 6.1
      vertex 19.019445020042717 54.50274632145305 8.1
      vertex 19.171636563918334 54.85444022862346 8.1
    endloop
  endfacet
  facet normal -0.9408807689542266 0.3387379202452882 0
    outer loop
      vertex 19.301444749400435 55.214996334312815 6.1
      vertex 19.171636563918334 54.85444022862346 8.1
      vertex 19.301444749400435 55.214996334312815 8.1
    endloop
  endfacet
  facet normal -0.9602936856769418 0.27899110603923366 0
    outer loop
      vertex 19.40835728288465 55.582991688294385 6.1
      vertex 19.301444749400435 55.214996334312815 8.1
      vertex 19.40835728288465 55.582991688294385 8.1
    endloop
  endfacet
  facet normal -0.9759167619387478 0.21814324139654082 0
    outer loop
      vertex 19.491952229445 55.956973981027076 6.1
      vertex 19.40835728288465 55.582991688294385 8.1
      vertex 19.491952229445 55.956973981027076 8.1
    endloop
  endfacet
  facet normal -0.9876883405951374 0.1564344650402327 0
    outer loop
      vertex 19.551899678018316 56.33546727525774 6.1
      vertex 19.491952229445 55.956973981027076 8.1
      vertex 19.551899678018316 56.33546727525774 8.1
    endloop
  endfacet
  facet normal -0.9955619646030797 0.0941083133185164 0
    outer loop
      vertex 19.587963043412458 56.71697783087118 6.1
      vertex 19.551899678018316 56.33546727525774 8.1
      vertex 19.587963043412458 56.71697783087118 8.1
    endloop
  endfacet
  facet normal -0.9995065603657315 0.03141075907812828 0
    outer loop
      vertex 19.6 57.099999999999994 6.1
      vertex 19.587963043412458 56.71697783087118 8.1
      vertex 19.6 57.099999999999994 8.1
    endloop
  endfacet
  facet normal -0.9995065603657315 -0.03141075907812828 0
    outer loop
      vertex 19.587963043412458 57.48302216912881 6.1
      vertex 19.6 57.099999999999994 8.1
      vertex 19.587963043412458 57.48302216912881 8.1
    endloop
  endfacet
  facet normal 0.99556196460308 -0.09410831331851412 0
    outer loop
      vertex 7.412036956587544 57.48302216912881 6.1
      vertex 7.448100321981685 57.86453272474225 6.1
      vertex 7.448100321981685 57.86453272474225 8.1
    endloop
  endfacet
  facet normal 0.9876883405951374 -0.1564344650402327 0
    outer loop
      vertex 7.448100321981685 57.86453272474225 6.1
      vertex 7.508047770555 58.24302601897291 6.1
      vertex 7.508047770555 58.24302601897291 8.1
    endloop
  endfacet
  facet normal 0.9759167619387482 -0.2181432413965391 0
    outer loop
      vertex 7.508047770555 58.24302601897291 6.1
      vertex 7.59164271711535 58.61700831170561 6.1
      vertex 7.59164271711535 58.61700831170561 8.1
    endloop
  endfacet
  facet normal 0.9602936856769423 -0.27899110603923216 0
    outer loop
      vertex 7.59164271711535 58.61700831170561 6.1
      vertex 7.698555250599564 58.985003665687174 6.1
      vertex 7.698555250599564 58.985003665687174 8.1
    endloop
  endfacet
  facet normal 0.9408807689542259 -0.3387379202452903 0
    outer loop
      vertex 7.698555250599564 58.985003665687174 6.1
      vertex 7.828363436081666 59.34555977137653 6.1
      vertex 7.828363436081666 59.34555977137653 8.1
    endloop
  endfacet
  facet normal 0.9177546256839805 -0.39714789063478206 0
    outer loop
      vertex 7.828363436081666 59.34555977137653 6.1
      vertex 7.980554979957281 59.697253678546936 6.1
      vertex 7.980554979957281 59.697253678546936 8.1
    endloop
  endfacet
  facet normal 0.891006524188369 -0.45399049973954453 0
    outer loop
      vertex 7.980554979957281 59.697253678546936 6.1
      vertex 8.154529251732434 60.03869741202046 6.1
      vertex 8.154529251732434 60.03869741202046 8.1
    endloop
  endfacet
  facet normal 0.8607420270039449 -0.5090414157503692 0
    outer loop
      vertex 8.154529251732434 60.03869741202046 6.1
      vertex 8.349599654437709 60.36854344937188 6.1
      vertex 8.349599654437709 60.36854344937188 8.1
    endloop
  endfacet
  facet normal 0.8270805742745588 -0.5620833778521351 0
    outer loop
      vertex 8.349599654437709 60.36854344937188 6.1
      vertex 8.56499633431282 60.68549003898408 6.1
      vertex 8.56499633431282 60.68549003898408 8.1
    endloop
  endfacet
  facet normal 0.7901550123756945 -0.612907053652971 0
    outer loop
      vertex 8.56499633431282 60.68549003898408 6.1
      vertex 8.799869219067684 60.988286337467 6.1
      vertex 8.799869219067684 60.988286337467 8.1
    endloop
  endfacet
  facet normal 0.99556196460308 -0.09410831331851412 0
    outer loop
      vertex 7.412036956587544 57.48302216912881 6.1
      vertex 7.448100321981685 57.86453272474225 8.1
      vertex 7.412036956587544 57.48302216912881 8.1
    endloop
  endfacet
  facet normal 0.9876883405951374 -0.1564344650402327 0
    outer loop
      vertex 7.448100321981685 57.86453272474225 6.1
      vertex 7.508047770555 58.24302601897291 8.1
      vertex 7.448100321981685 57.86453272474225 8.1
    endloop
  endfacet
  facet normal 0.9759167619387482 -0.2181432413965391 0
    outer loop
      vertex 7.508047770555 58.24302601897291 6.1
      vertex 7.59164271711535 58.61700831170561 8.1
      vertex 7.508047770555 58.24302601897291 8.1
    endloop
  endfacet
  facet normal 0.9602936856769423 -0.27899110603923216 0
    outer loop
      vertex 7.59164271711535 58.61700831170561 6.1
      vertex 7.698555250599564 58.985003665687174 8.1
      vertex 7.59164271711535 58.61700831170561 8.1
    endloop
  endfacet
  facet normal 0.9408807689542259 -0.3387379202452903 0
    outer loop
      vertex 7.698555250599564 58.985003665687174 6.1
      vertex 7.828363436081666 59.34555977137653 8.1
      vertex 7.698555250599564 58.985003665687174 8.1
    endloop
  endfacet
  facet normal 0.9177546256839805 -0.39714789063478206 0
    outer loop
      vertex 7.828363436081666 59.34555977137653 6.1
      vertex 7.980554979957281 59.697253678546936 8.1
      vertex 7.828363436081666 59.34555977137653 8.1
    endloop
  endfacet
  facet normal 0.891006524188369 -0.45399049973954453 0
    outer loop
      vertex 7.980554979957281 59.697253678546936 6.1
      vertex 8.154529251732434 60.03869741202046 8.1
      vertex 7.980554979957281 59.697253678546936 8.1
    endloop
  endfacet
  facet normal 0.8607420270039449 -0.5090414157503692 0
    outer loop
      vertex 8.154529251732434 60.03869741202046 6.1
      vertex 8.349599654437709 60.36854344937188 8.1
      vertex 8.154529251732434 60.03869741202046 8.1
    endloop
  endfacet
  facet normal 0.8270805742745588 -0.5620833778521351 0
    outer loop
      vertex 8.349599654437709 60.36854344937188 6.1
      vertex 8.56499633431282 60.68549003898408 8.1
      vertex 8.349599654437709 60.36854344937188 8.1
    endloop
  endfacet
  facet normal 0.7901550123756945 -0.612907053652971 0
    outer loop
      vertex 8.56499633431282 60.68549003898408 6.1
      vertex 8.799869219067684 60.988286337467 8.1
      vertex 8.56499633431282 60.68549003898408 8.1
    endloop
  endfacet
  facet normal 0.7501110696304556 -0.6613118653236565 0
    outer loop
      vertex 8.799869219067684 60.988286337467 6.1
      vertex 9.05329137272939 61.275737346164995 6.1
      vertex 9.05329137272939 61.275737346164995 8.1
    endloop
  endfacet
  facet normal 0.7071067811865476 -0.7071067811865476 0
    outer loop
      vertex 9.05329137272939 61.275737346164995 6.1
      vertex 9.324262653835 61.546708627270604 6.1
      vertex 9.324262653835 61.546708627270604 8.1
    endloop
  endfacet
  facet normal 0.6613118653236489 -0.7501110696304621 0
    outer loop
      vertex 9.324262653835 61.546708627270604 6.1
      vertex 9.611713662532994 61.80013078093231 6.1
      vertex 9.611713662532994 61.80013078093231 8.1
    endloop
  endfacet
  facet normal 0.6129070536529756 -0.7901550123756911 0
    outer loop
      vertex 9.611713662532994 61.80013078093231 6.1
      vertex 9.914509961015915 62.03500366568717 6.1
      vertex 9.914509961015915 62.03500366568717 8.1
    endloop
  endfacet
  facet normal 0.5620833778521318 -0.8270805742745609 0
    outer loop
      vertex 9.914509961015915 62.03500366568717 6.1
      vertex 10.23145655062812 62.250400345562284 6.1
      vertex 10.23145655062812 62.250400345562284 8.1
    endloop
  endfacet
  facet normal 0.5090414157503726 -0.8607420270039428 0
    outer loop
      vertex 10.23145655062812 62.250400345562284 6.1
      vertex 10.561302587979537 62.44547074826756 6.1
      vertex 10.561302587979537 62.44547074826756 8.1
    endloop
  endfacet
  facet normal 0.45399049973954647 -0.891006524188368 0
    outer loop
      vertex 10.561302587979537 62.44547074826756 6.1
      vertex 10.902746321453057 62.61944502004271 6.1
      vertex 10.902746321453057 62.61944502004271 8.1
    endloop
  endfacet
  facet normal 0.3971478906347843 -0.9177546256839796 0
    outer loop
      vertex 10.902746321453057 62.61944502004271 6.1
      vertex 11.254440228623466 62.77163656391833 6.1
      vertex 11.254440228623466 62.77163656391833 8.1
    endloop
  endfacet
  facet normal 0.3387379202452965 -0.9408807689542237 0
    outer loop
      vertex 11.254440228623466 62.77163656391833 6.1
      vertex 11.61499633431282 62.90144474940043 6.1
      vertex 11.61499633431282 62.90144474940043 8.1
    endloop
  endfacet
  facet normal 0.2789911060392288 -0.9602936856769432 0
    outer loop
      vertex 11.61499633431282 62.90144474940043 6.1
      vertex 11.982991688294385 63.008357282884646 6.1
      vertex 11.982991688294385 63.008357282884646 8.1
    endloop
  endfacet
  facet normal 0.21814324139654767 -0.9759167619387461 0
    outer loop
      vertex 11.982991688294385 63.008357282884646 6.1
      vertex 12.35697398102708 63.091952229445 6.1
      vertex 12.35697398102708 63.091952229445 8.1
    endloop
  endfacet
  facet normal 0.15643446504022435 -0.9876883405951387 0
    outer loop
      vertex 12.35697398102708 63.091952229445 6.1
      vertex 12.735467275257744 63.15189967801831 6.1
      vertex 12.735467275257744 63.15189967801831 8.1
    endloop
  endfacet
  facet normal 0.09410831331851467 -0.9955619646030799 0
    outer loop
      vertex 12.735467275257744 63.15189967801831 6.1
      vertex 13.116977830871189 63.18796304341245 6.1
      vertex 13.116977830871189 63.18796304341245 8.1
    endloop
  endfacet
  facet normal 0.03141075907812857 -0.9995065603657315 0
    outer loop
      vertex 13.116977830871189 63.18796304341245 6.1
      vertex 13.5 63.199999999999996 6.1
      vertex 13.5 63.199999999999996 8.1
    endloop
  endfacet
  facet normal -0.03141075907812857 -0.9995065603657315 0
    outer loop
      vertex 13.5 63.199999999999996 6.1
      vertex 13.883022169128811 63.18796304341245 6.1
      vertex 13.883022169128811 63.18796304341245 8.1
    endloop
  endfacet
  facet normal -0.09410831331851467 -0.9955619646030799 0
    outer loop
      vertex 13.883022169128811 63.18796304341245 6.1
      vertex 14.264532724742256 63.15189967801831 6.1
      vertex 14.264532724742256 63.15189967801831 8.1
    endloop
  endfacet
  facet normal -0.15643446504022435 -0.9876883405951387 0
    outer loop
      vertex 14.264532724742256 63.15189967801831 6.1
      vertex 14.64302601897292 63.091952229445 6.1
      vertex 14.64302601897292 63.091952229445 8.1
    endloop
  endfacet
  facet normal -0.21814324139654767 -0.9759167619387461 0
    outer loop
      vertex 14.64302601897292 63.091952229445 6.1
      vertex 15.017008311705615 63.008357282884646 6.1
      vertex 15.017008311705615 63.008357282884646 8.1
    endloop
  endfacet
  facet normal -0.2789911060392288 -0.9602936856769432 0
    outer loop
      vertex 15.017008311705615 63.008357282884646 6.1
      vertex 15.38500366568718 62.90144474940043 6.1
      vertex 15.38500366568718 62.90144474940043 8.1
    endloop
  endfacet
  facet normal -0.39714789063478595 -0.9177546256839788 0
    outer loop
      vertex 15.745559771376534 62.77163656391833 6.1
      vertex 16.09725367854694 62.61944502004271 6.1
      vertex 16.09725367854694 62.61944502004271 8.1
    endloop
  endfacet
  facet normal -0.45399049973954464 -0.891006524188369 0
    outer loop
      vertex 16.09725367854694 62.61944502004271 6.1
      vertex 16.438697412020463 62.44547074826756 6.1
      vertex 16.438697412020463 62.44547074826756 8.1
    endloop
  endfacet
  facet normal -0.3387379202452965 -0.9408807689542237 0
    outer loop
      vertex 15.38500366568718 62.90144474940043 6.1
      vertex 15.745559771376534 62.77163656391833 6.1
      vertex 15.745559771376534 62.77163656391833 8.1
    endloop
  endfacet
  facet normal -0.5090414157503726 -0.8607420270039428 0
    outer loop
      vertex 16.76854344937188 62.250400345562284 6.1
      vertex 16.76854344937188 62.250400345562284 8.1
      vertex 16.438697412020463 62.44547074826756 6.1
    endloop
  endfacet
  facet normal -0.612907053652971 -0.7901550123756945 0
    outer loop
      vertex 17.085490038984084 62.03500366568717 6.1
      vertex 17.388286337467008 61.80013078093231 6.1
      vertex 17.388286337467008 61.80013078093231 8.1
    endloop
  endfacet
  facet normal -0.5620833778521339 -0.8270805742745596 0
    outer loop
      vertex 16.76854344937188 62.250400345562284 6.1
      vertex 17.085490038984084 62.03500366568717 6.1
      vertex 17.085490038984084 62.03500366568717 8.1
    endloop
  endfacet
  facet normal 0.7501110696304556 -0.6613118653236565 0
    outer loop
      vertex 8.799869219067684 60.988286337467 6.1
      vertex 9.05329137272939 61.275737346164995 8.1
      vertex 8.799869219067684 60.988286337467 8.1
    endloop
  endfacet
  facet normal 0.7071067811865476 -0.7071067811865476 0
    outer loop
      vertex 9.05329137272939 61.275737346164995 6.1
      vertex 9.324262653835 61.546708627270604 8.1
      vertex 9.05329137272939 61.275737346164995 8.1
    endloop
  endfacet
  facet normal 0.6613118653236489 -0.7501110696304621 0
    outer loop
      vertex 9.324262653835 61.546708627270604 6.1
      vertex 9.611713662532994 61.80013078093231 8.1
      vertex 9.324262653835 61.546708627270604 8.1
    endloop
  endfacet
  facet normal 0.6129070536529756 -0.7901550123756911 0
    outer loop
      vertex 9.611713662532994 61.80013078093231 6.1
      vertex 9.914509961015915 62.03500366568717 8.1
      vertex 9.611713662532994 61.80013078093231 8.1
    endloop
  endfacet
  facet normal 0.5620833778521318 -0.8270805742745609 0
    outer loop
      vertex 9.914509961015915 62.03500366568717 6.1
      vertex 10.23145655062812 62.250400345562284 8.1
      vertex 9.914509961015915 62.03500366568717 8.1
    endloop
  endfacet
  facet normal 0.5090414157503726 -0.8607420270039428 0
    outer loop
      vertex 10.23145655062812 62.250400345562284 6.1
      vertex 10.561302587979537 62.44547074826756 8.1
      vertex 10.23145655062812 62.250400345562284 8.1
    endloop
  endfacet
  facet normal 0.45399049973954647 -0.891006524188368 0
    outer loop
      vertex 10.561302587979537 62.44547074826756 6.1
      vertex 10.902746321453057 62.61944502004271 8.1
      vertex 10.561302587979537 62.44547074826756 8.1
    endloop
  endfacet
  facet normal 0.3971478906347843 -0.9177546256839796 0
    outer loop
      vertex 10.902746321453057 62.61944502004271 6.1
      vertex 11.254440228623466 62.77163656391833 8.1
      vertex 10.902746321453057 62.61944502004271 8.1
    endloop
  endfacet
  facet normal 0.3387379202452965 -0.9408807689542237 0
    outer loop
      vertex 11.254440228623466 62.77163656391833 6.1
      vertex 11.61499633431282 62.90144474940043 8.1
      vertex 11.254440228623466 62.77163656391833 8.1
    endloop
  endfacet
  facet normal 0.2789911060392288 -0.9602936856769432 0
    outer loop
      vertex 11.61499633431282 62.90144474940043 6.1
      vertex 11.982991688294385 63.008357282884646 8.1
      vertex 11.61499633431282 62.90144474940043 8.1
    endloop
  endfacet
  facet normal 0.21814324139654767 -0.9759167619387461 0
    outer loop
      vertex 11.982991688294385 63.008357282884646 6.1
      vertex 12.35697398102708 63.091952229445 8.1
      vertex 11.982991688294385 63.008357282884646 8.1
    endloop
  endfacet
  facet normal 0.15643446504022435 -0.9876883405951387 0
    outer loop
      vertex 12.35697398102708 63.091952229445 6.1
      vertex 12.735467275257744 63.15189967801831 8.1
      vertex 12.35697398102708 63.091952229445 8.1
    endloop
  endfacet
  facet normal 0.09410831331851467 -0.9955619646030799 0
    outer loop
      vertex 12.735467275257744 63.15189967801831 6.1
      vertex 13.116977830871189 63.18796304341245 8.1
      vertex 12.735467275257744 63.15189967801831 8.1
    endloop
  endfacet
  facet normal 0.03141075907812857 -0.9995065603657315 0
    outer loop
      vertex 13.116977830871189 63.18796304341245 6.1
      vertex 13.5 63.199999999999996 8.1
      vertex 13.116977830871189 63.18796304341245 8.1
    endloop
  endfacet
  facet normal -0.03141075907812857 -0.9995065603657315 0
    outer loop
      vertex 13.5 63.199999999999996 6.1
      vertex 13.883022169128811 63.18796304341245 8.1
      vertex 13.5 63.199999999999996 8.1
    endloop
  endfacet
  facet normal -0.09410831331851467 -0.9955619646030799 0
    outer loop
      vertex 13.883022169128811 63.18796304341245 6.1
      vertex 14.264532724742256 63.15189967801831 8.1
      vertex 13.883022169128811 63.18796304341245 8.1
    endloop
  endfacet
  facet normal -0.15643446504022435 -0.9876883405951387 0
    outer loop
      vertex 14.264532724742256 63.15189967801831 6.1
      vertex 14.64302601897292 63.091952229445 8.1
      vertex 14.264532724742256 63.15189967801831 8.1
    endloop
  endfacet
  facet normal -0.21814324139654767 -0.9759167619387461 0
    outer loop
      vertex 14.64302601897292 63.091952229445 6.1
      vertex 15.017008311705615 63.008357282884646 8.1
      vertex 14.64302601897292 63.091952229445 8.1
    endloop
  endfacet
  facet normal -0.2789911060392288 -0.9602936856769432 0
    outer loop
      vertex 15.017008311705615 63.008357282884646 6.1
      vertex 15.38500366568718 62.90144474940043 8.1
      vertex 15.017008311705615 63.008357282884646 8.1
    endloop
  endfacet
  facet normal -0.39714789063478595 -0.9177546256839788 0
    outer loop
      vertex 15.745559771376534 62.77163656391833 6.1
      vertex 16.09725367854694 62.61944502004271 8.1
      vertex 15.745559771376534 62.77163656391833 8.1
    endloop
  endfacet
  facet normal -0.45399049973954464 -0.891006524188369 0
    outer loop
      vertex 16.09725367854694 62.61944502004271 6.1
      vertex 16.438697412020463 62.44547074826756 8.1
      vertex 16.09725367854694 62.61944502004271 8.1
    endloop
  endfacet
  facet normal -0.3387379202452965 -0.9408807689542237 0
    outer loop
      vertex 15.38500366568718 62.90144474940043 6.1
      vertex 15.745559771376534 62.77163656391833 8.1
      vertex 15.38500366568718 62.90144474940043 8.1
    endloop
  endfacet
  facet normal -0.5090414157503726 -0.8607420270039428 0
    outer loop
      vertex 16.438697412020463 62.44547074826756 6.1
      vertex 16.76854344937188 62.250400345562284 8.1
      vertex 16.438697412020463 62.44547074826756 8.1
    endloop
  endfacet
  facet normal -0.5620833778521339 -0.8270805742745596 0
    outer loop
      vertex 16.76854344937188 62.250400345562284 6.1
      vertex 17.085490038984084 62.03500366568717 8.1
      vertex 16.76854344937188 62.250400345562284 8.1
    endloop
  endfacet
  facet normal -0.6613118653236512 -0.75011106963046 0
    outer loop
      vertex 17.388286337467008 61.80013078093231 6.1
      vertex 17.675737346165 61.546708627270604 8.1
      vertex 17.388286337467008 61.80013078093231 8.1
    endloop
  endfacet
  facet normal -0.612907053652971 -0.7901550123756945 0
    outer loop
      vertex 17.085490038984084 62.03500366568717 6.1
      vertex 17.388286337467008 61.80013078093231 8.1
      vertex 17.085490038984084 62.03500366568717 8.1
    endloop
  endfacet
  facet normal -0.8270805742745625 -0.5620833778521296 0
    outer loop
      vertex 18.650400345562293 60.36854344937187 6.1
      vertex 18.650400345562293 60.36854344937187 8.1
      vertex 18.43500366568718 60.68549003898408 6.1
    endloop
  endfacet
  facet normal -0.79015501237569 -0.6129070536529768 0
    outer loop
      vertex 18.43500366568718 60.68549003898408 6.1
      vertex 18.43500366568718 60.68549003898408 8.1
      vertex 18.200130780932312 60.988286337467 6.1
    endloop
  endfacet
  facet normal -0.9955619646030797 -0.0941083133185164 0
    outer loop
      vertex 19.587963043412458 57.48302216912881 6.1
      vertex 19.587963043412458 57.48302216912881 8.1
      vertex 19.551899678018316 57.86453272474225 6.1
    endloop
  endfacet
  facet normal -0.9876883405951374 -0.1564344650402327 0
    outer loop
      vertex 19.551899678018316 57.86453272474225 6.1
      vertex 19.551899678018316 57.86453272474225 8.1
      vertex 19.491952229445 58.24302601897291 6.1
    endloop
  endfacet
  facet normal -0.9602936856769404 -0.2789911060392386 0
    outer loop
      vertex 19.40835728288465 58.61700831170561 6.1
      vertex 19.40835728288465 58.61700831170561 8.1
      vertex 19.301444749400435 58.985003665687174 6.1
    endloop
  endfacet
  facet normal -0.9408807689542266 -0.3387379202452882 0
    outer loop
      vertex 19.301444749400435 58.985003665687174 6.1
      vertex 19.301444749400435 58.985003665687174 8.1
      vertex 19.171636563918334 59.34555977137653 6.1
    endloop
  endfacet
  facet normal -0.9759167619387488 -0.2181432413965369 0
    outer loop
      vertex 19.40835728288465 58.61700831170561 6.1
      vertex 19.491952229445 58.24302601897291 6.1
      vertex 19.491952229445 58.24302601897291 8.1
    endloop
  endfacet
  facet normal -0.9177546256839788 -0.39714789063478595 0
    outer loop
      vertex 19.171636563918334 59.34555977137653 6.1
      vertex 19.171636563918334 59.34555977137653 8.1
      vertex 19.019445020042717 59.697253678546936 6.1
    endloop
  endfacet
  facet normal -0.891006524188367 -0.4539904997395483 0
    outer loop
      vertex 19.019445020042717 59.697253678546936 6.1
      vertex 19.019445020042717 59.697253678546936 8.1
      vertex 18.845470748267566 60.038697412020454 6.1
    endloop
  endfacet
  facet normal -0.8607420270039469 -0.5090414157503658 0
    outer loop
      vertex 18.650400345562293 60.36854344937187 6.1
      vertex 18.845470748267566 60.038697412020454 6.1
      vertex 18.845470748267566 60.038697412020454 8.1
    endloop
  endfacet
  facet normal -0.6613118653236512 -0.75011106963046 0
    outer loop
      vertex 17.388286337467008 61.80013078093231 6.1
      vertex 17.675737346165 61.546708627270604 6.1
      vertex 17.675737346165 61.546708627270604 8.1
    endloop
  endfacet
  facet normal -0.7071067811865476 -0.7071067811865476 0
    outer loop
      vertex 17.94670862727061 61.275737346164995 6.1
      vertex 17.94670862727061 61.275737346164995 8.1
      vertex 17.675737346165 61.546708627270604 6.1
    endloop
  endfacet
  facet normal -0.75011106963046 -0.6613118653236512 0
    outer loop
      vertex 17.94670862727061 61.275737346164995 6.1
      vertex 18.200130780932312 60.988286337467 6.1
      vertex 18.200130780932312 60.988286337467 8.1
    endloop
  endfacet
  facet normal -0.79015501237569 -0.6129070536529768 0
    outer loop
      vertex 18.200130780932312 60.988286337467 6.1
      vertex 18.43500366568718 60.68549003898408 8.1
      vertex 18.200130780932312 60.988286337467 8.1
    endloop
  endfacet
  facet normal -0.8270805742745625 -0.5620833778521296 0
    outer loop
      vertex 18.43500366568718 60.68549003898408 6.1
      vertex 18.650400345562293 60.36854344937187 8.1
      vertex 18.43500366568718 60.68549003898408 8.1
    endloop
  endfacet
  facet normal -0.9955619646030797 -0.0941083133185164 0
    outer loop
      vertex 19.551899678018316 57.86453272474225 6.1
      vertex 19.587963043412458 57.48302216912881 8.1
      vertex 19.551899678018316 57.86453272474225 8.1
    endloop
  endfacet
  facet normal -0.9876883405951374 -0.1564344650402327 0
    outer loop
      vertex 19.491952229445 58.24302601897291 6.1
      vertex 19.551899678018316 57.86453272474225 8.1
      vertex 19.491952229445 58.24302601897291 8.1
    endloop
  endfacet
  facet normal -0.9602936856769404 -0.2789911060392386 0
    outer loop
      vertex 19.301444749400435 58.985003665687174 6.1
      vertex 19.40835728288465 58.61700831170561 8.1
      vertex 19.301444749400435 58.985003665687174 8.1
    endloop
  endfacet
  facet normal -0.9759167619387488 -0.2181432413965369 0
    outer loop
      vertex 19.40835728288465 58.61700831170561 6.1
      vertex 19.491952229445 58.24302601897291 8.1
      vertex 19.40835728288465 58.61700831170561 8.1
    endloop
  endfacet
  facet normal -0.9177546256839788 -0.39714789063478595 0
    outer loop
      vertex 19.019445020042717 59.697253678546936 6.1
      vertex 19.171636563918334 59.34555977137653 8.1
      vertex 19.019445020042717 59.697253678546936 8.1
    endloop
  endfacet
  facet normal -0.891006524188367 -0.4539904997395483 0
    outer loop
      vertex 18.845470748267566 60.038697412020454 6.1
      vertex 19.019445020042717 59.697253678546936 8.1
      vertex 18.845470748267566 60.038697412020454 8.1
    endloop
  endfacet
  facet normal -0.8607420270039469 -0.5090414157503658 0
    outer loop
      vertex 18.650400345562293 60.36854344937187 6.1
      vertex 18.845470748267566 60.038697412020454 8.1
      vertex 18.650400345562293 60.36854344937187 8.1
    endloop
  endfacet
  facet normal -0.9408807689542266 -0.3387379202452882 0
    outer loop
      vertex 19.171636563918334 59.34555977137653 6.1
      vertex 19.301444749400435 58.985003665687174 8.1
      vertex 19.171636563918334 59.34555977137653 8.1
    endloop
  endfacet
  facet normal -0.7071067811865476 -0.7071067811865476 0
    outer loop
      vertex 17.675737346165 61.546708627270604 6.1
      vertex 17.94670862727061 61.275737346164995 8.1
      vertex 17.675737346165 61.546708627270604 8.1
    endloop
  endfacet
  facet normal -0.75011106963046 -0.6613118653236512 0
    outer loop
      vertex 17.94670862727061 61.275737346164995 6.1
      vertex 18.200130780932312 60.988286337467 8.1
      vertex 17.94670862727061 61.275737346164995 8.1
    endloop
  endfacet
  facet normal 0.9408807689542266 0.3387379202452882 0
    outer loop
      vertex 29.578363436081666 14.054440228623466 6.1
      vertex 29.448555250599565 14.414996334312821 6.1
      vertex 29.448555250599565 14.414996334312821 8.1
    endloop
  endfacet
  facet normal 0.8607420270039428 0.5090414157503726 0
    outer loop
      vertex 29.904529251732434 13.361302587979537 6.1
      vertex 29.904529251732434 13.361302587979537 8.1
      vertex 30.09959965443771 13.031456550628121 6.1
    endloop
  endfacet
  facet normal 0.891006524188369 0.45399049973954464 0
    outer loop
      vertex 29.730554979957283 13.70274632145306 6.1
      vertex 29.730554979957283 13.70274632145306 8.1
      vertex 29.904529251732434 13.361302587979537 6.1
    endloop
  endfacet
  facet normal 0.9177546256839788 0.39714789063478595 0
    outer loop
      vertex 29.730554979957283 13.70274632145306 6.1
      vertex 29.578363436081666 14.054440228623466 6.1
      vertex 29.578363436081666 14.054440228623466 8.1
    endloop
  endfacet
  facet normal 0.8270805742745653 0.5620833778521254 0
    outer loop
      vertex 30.31499633431282 12.714509961015915 6.1
      vertex 30.09959965443771 13.031456550628121 6.1
      vertex 30.09959965443771 13.031456550628121 8.1
    endloop
  endfacet
  facet normal 0.7901550123756911 0.6129070536529756 0
    outer loop
      vertex 30.31499633431282 12.714509961015915 6.1
      vertex 30.31499633431282 12.714509961015915 8.1
      vertex 30.549869219067684 12.411713662532994 6.1
    endloop
  endfacet
  facet normal 0.39714789063478206 0.9177546256839805 0
    outer loop
      vertex 32.65274632145306 10.780554979957282 6.1
      vertex 32.65274632145306 10.780554979957282 8.1
      vertex 33.004440228623466 10.628363436081667 6.1
    endloop
  endfacet
  facet normal 0.7071067811865476 0.7071067811865476 0
    outer loop
      vertex 31.074262653835 11.853291372729391 6.1
      vertex 30.80329137272939 12.124262653835 6.1
      vertex 30.80329137272939 12.124262653835 8.1
    endloop
  endfacet
  facet normal 0.7501110696304575 0.6613118653236542 0
    outer loop
      vertex 30.549869219067684 12.411713662532994 6.1
      vertex 30.549869219067684 12.411713662532994 8.1
      vertex 30.80329137272939 12.124262653835 6.1
    endloop
  endfacet
  facet normal 0.6613118653236565 0.7501110696304556 0
    outer loop
      vertex 31.074262653835 11.853291372729391 6.1
      vertex 31.074262653835 11.853291372729391 8.1
      vertex 31.361713662532992 11.599869219067685 6.1
    endloop
  endfacet
  facet normal 0.6129070536529756 0.7901550123756911 0
    outer loop
      vertex 31.361713662532992 11.599869219067685 6.1
      vertex 31.361713662532992 11.599869219067685 8.1
      vertex 31.664509961015913 11.36499633431282 6.1
    endloop
  endfacet
  facet normal 0.5620833778521265 0.8270805742745647 0
    outer loop
      vertex 31.664509961015913 11.36499633431282 6.1
      vertex 31.664509961015913 11.36499633431282 8.1
      vertex 31.98145655062812 11.14959965443771 6.1
    endloop
  endfacet
  facet normal 0.5090414157503652 0.8607420270039473 0
    outer loop
      vertex 32.31130258797954 10.954529251732435 6.1
      vertex 31.98145655062812 11.14959965443771 6.1
      vertex 31.98145655062812 11.14959965443771 8.1
    endloop
  endfacet
  facet normal 0.453990499739552 0.8910065241883651 0
    outer loop
      vertex 32.31130258797954 10.954529251732435 6.1
      vertex 32.31130258797954 10.954529251732435 8.1
      vertex 32.65274632145306 10.780554979957282 6.1
    endloop
  endfacet
  facet normal 0.3387379202452882 0.9408807689542266 0
    outer loop
      vertex 33.004440228623466 10.628363436081667 6.1
      vertex 33.004440228623466 10.628363436081667 8.1
      vertex 33.36499633431282 10.498555250599566 6.1
    endloop
  endfacet
  facet normal 0.27899110603923427 0.9602936856769415 0
    outer loop
      vertex 33.36499633431282 10.498555250599566 6.1
      vertex 33.36499633431282 10.498555250599566 8.1
      vertex 33.73299168829438 10.391642717115351 6.1
    endloop
  endfacet
  facet normal 0.2181432413965413 0.9759167619387477 0
    outer loop
      vertex 33.73299168829438 10.391642717115351 6.1
      vertex 33.73299168829438 10.391642717115351 8.1
      vertex 34.10697398102708 10.308047770555 6.1
    endloop
  endfacet
  facet normal 0.1564344650402327 0.9876883405951374 0
    outer loop
      vertex 34.10697398102708 10.308047770555 6.1
      vertex 34.10697398102708 10.308047770555 8.1
      vertex 34.48546727525775 10.248100321981685 6.1
    endloop
  endfacet
  facet normal 0.09410831331851183 0.9955619646030802 0
    outer loop
      vertex 34.48546727525775 10.248100321981685 6.1
      vertex 34.48546727525775 10.248100321981685 8.1
      vertex 34.866977830871186 10.212036956587545 6.1
    endloop
  endfacet
  facet normal 0.03141075907812828 0.9995065603657315 0
    outer loop
      vertex 34.866977830871186 10.212036956587545 6.1
      vertex 34.866977830871186 10.212036956587545 8.1
      vertex 35.25 10.200000000000001 6.1
    endloop
  endfacet
  facet normal 0.7901550123756911 0.6129070536529756 0
    outer loop
      vertex 30.549869219067684 12.411713662532994 6.1
      vertex 30.31499633431282 12.714509961015915 8.1
      vertex 30.549869219067684 12.411713662532994 8.1
    endloop
  endfacet
  facet normal 0.8607420270039428 0.5090414157503726 0
    outer loop
      vertex 30.09959965443771 13.031456550628121 6.1
      vertex 29.904529251732434 13.361302587979537 8.1
      vertex 30.09959965443771 13.031456550628121 8.1
    endloop
  endfacet
  facet normal 0.9177546256839788 0.39714789063478595 0
    outer loop
      vertex 29.730554979957283 13.70274632145306 6.1
      vertex 29.578363436081666 14.054440228623466 8.1
      vertex 29.730554979957283 13.70274632145306 8.1
    endloop
  endfacet
  facet normal 0.9408807689542266 0.3387379202452882 0
    outer loop
      vertex 29.578363436081666 14.054440228623466 6.1
      vertex 29.448555250599565 14.414996334312821 8.1
      vertex 29.578363436081666 14.054440228623466 8.1
    endloop
  endfacet
  facet normal 0.891006524188369 0.45399049973954464 0
    outer loop
      vertex 29.904529251732434 13.361302587979537 6.1
      vertex 29.730554979957283 13.70274632145306 8.1
      vertex 29.904529251732434 13.361302587979537 8.1
    endloop
  endfacet
  facet normal 0.8270805742745653 0.5620833778521254 0
    outer loop
      vertex 30.31499633431282 12.714509961015915 6.1
      vertex 30.09959965443771 13.031456550628121 8.1
      vertex 30.31499633431282 12.714509961015915 8.1
    endloop
  endfacet
  facet normal 0.7501110696304575 0.6613118653236542 0
    outer loop
      vertex 30.80329137272939 12.124262653835 6.1
      vertex 30.549869219067684 12.411713662532994 8.1
      vertex 30.80329137272939 12.124262653835 8.1
    endloop
  endfacet
  facet normal 0.7071067811865476 0.7071067811865476 0
    outer loop
      vertex 31.074262653835 11.853291372729391 6.1
      vertex 30.80329137272939 12.124262653835 8.1
      vertex 31.074262653835 11.853291372729391 8.1
    endloop
  endfacet
  facet normal 0.6129070536529756 0.7901550123756911 0
    outer loop
      vertex 31.664509961015913 11.36499633431282 6.1
      vertex 31.361713662532992 11.599869219067685 8.1
      vertex 31.664509961015913 11.36499633431282 8.1
    endloop
  endfacet
  facet normal 0.6613118653236565 0.7501110696304556 0
    outer loop
      vertex 31.361713662532992 11.599869219067685 6.1
      vertex 31.074262653835 11.853291372729391 8.1
      vertex 31.361713662532992 11.599869219067685 8.1
    endloop
  endfacet
  facet normal 0.5620833778521265 0.8270805742745647 0
    outer loop
      vertex 31.98145655062812 11.14959965443771 6.1
      vertex 31.664509961015913 11.36499633431282 8.1
      vertex 31.98145655062812 11.14959965443771 8.1
    endloop
  endfacet
  facet normal 0.5090414157503652 0.8607420270039473 0
    outer loop
      vertex 32.31130258797954 10.954529251732435 6.1
      vertex 31.98145655062812 11.14959965443771 8.1
      vertex 32.31130258797954 10.954529251732435 8.1
    endloop
  endfacet
  facet normal 0.453990499739552 0.8910065241883651 0
    outer loop
      vertex 32.65274632145306 10.780554979957282 6.1
      vertex 32.31130258797954 10.954529251732435 8.1
      vertex 32.65274632145306 10.780554979957282 8.1
    endloop
  endfacet
  facet normal 0.39714789063478206 0.9177546256839805 0
    outer loop
      vertex 33.004440228623466 10.628363436081667 6.1
      vertex 32.65274632145306 10.780554979957282 8.1
      vertex 33.004440228623466 10.628363436081667 8.1
    endloop
  endfacet
  facet normal 0.3387379202452882 0.9408807689542266 0
    outer loop
      vertex 33.36499633431282 10.498555250599566 6.1
      vertex 33.004440228623466 10.628363436081667 8.1
      vertex 33.36499633431282 10.498555250599566 8.1
    endloop
  endfacet
  facet normal 0.27899110603923427 0.9602936856769415 0
    outer loop
      vertex 33.73299168829438 10.391642717115351 6.1
      vertex 33.36499633431282 10.498555250599566 8.1
      vertex 33.73299168829438 10.391642717115351 8.1
    endloop
  endfacet
  facet normal 0.2181432413965413 0.9759167619387477 0
    outer loop
      vertex 34.10697398102708 10.308047770555 6.1
      vertex 33.73299168829438 10.391642717115351 8.1
      vertex 34.10697398102708 10.308047770555 8.1
    endloop
  endfacet
  facet normal 0.1564344650402327 0.9876883405951374 0
    outer loop
      vertex 34.48546727525775 10.248100321981685 6.1
      vertex 34.10697398102708 10.308047770555 8.1
      vertex 34.48546727525775 10.248100321981685 8.1
    endloop
  endfacet
  facet normal 0.09410831331851183 0.9955619646030802 0
    outer loop
      vertex 34.866977830871186 10.212036956587545 6.1
      vertex 34.48546727525775 10.248100321981685 8.1
      vertex 34.866977830871186 10.212036956587545 8.1
    endloop
  endfacet
  facet normal 0.9602936856769407 0.2789911060392374 0
    outer loop
      vertex 29.448555250599565 14.414996334312821 6.1
      vertex 29.34164271711535 14.782991688294386 6.1
      vertex 29.34164271711535 14.782991688294386 8.1
    endloop
  endfacet
  facet normal 0.975916761938748 0.21814324139653984 0
    outer loop
      vertex 29.34164271711535 14.782991688294386 6.1
      vertex 29.258047770555 15.156973981027079 6.1
      vertex 29.258047770555 15.156973981027079 8.1
    endloop
  endfacet
  facet normal 0.9876883405951375 0.15643446504023195 0
    outer loop
      vertex 29.258047770555 15.156973981027079 6.1
      vertex 29.198100321981684 15.535467275257746 6.1
      vertex 29.198100321981684 15.535467275257746 8.1
    endloop
  endfacet
  facet normal 0.9955619646030799 0.09410831331851512 0
    outer loop
      vertex 29.198100321981684 15.535467275257746 6.1
      vertex 29.162036956587542 15.91697783087119 6.1
      vertex 29.162036956587542 15.91697783087119 8.1
    endloop
  endfacet
  facet normal 0.9995065603657315 0.03141075907812857 0
    outer loop
      vertex 29.162036956587542 15.91697783087119 6.1
      vertex 29.15 16.3 6.1
      vertex 29.15 16.3 8.1
    endloop
  endfacet
  facet normal 0.9995065603657315 -0.03141075907812857 0
    outer loop
      vertex 29.15 16.3 6.1
      vertex 29.162036956587542 16.68302216912881 6.1
      vertex 29.162036956587542 16.68302216912881 8.1
    endloop
  endfacet
  facet normal 0.9955619646030799 -0.09410831331851467 0
    outer loop
      vertex 29.162036956587542 16.68302216912881 6.1
      vertex 29.198100321981684 17.064532724742257 6.1
      vertex 29.198100321981684 17.064532724742257 8.1
    endloop
  endfacet
  facet normal 0.9876883405951374 -0.1564344650402327 0
    outer loop
      vertex 29.198100321981684 17.064532724742257 6.1
      vertex 29.258047770555 17.443026018972922 6.1
      vertex 29.258047770555 17.443026018972922 8.1
    endloop
  endfacet
  facet normal 0.9759167619387478 -0.21814324139654082 0
    outer loop
      vertex 29.258047770555 17.443026018972922 6.1
      vertex 29.34164271711535 17.817008311705614 6.1
      vertex 29.34164271711535 17.817008311705614 8.1
    endloop
  endfacet
  facet normal 0.9602936856769411 -0.2789911060392361 0
    outer loop
      vertex 29.34164271711535 17.817008311705614 6.1
      vertex 29.448555250599565 18.18500366568718 6.1
      vertex 29.448555250599565 18.18500366568718 8.1
    endloop
  endfacet
  facet normal 0.9408807689542266 -0.3387379202452882 0
    outer loop
      vertex 29.448555250599565 18.18500366568718 6.1
      vertex 29.578363436081666 18.545559771376535 6.1
      vertex 29.578363436081666 18.545559771376535 8.1
    endloop
  endfacet
  facet normal 0.9177546256839788 -0.39714789063478595 0
    outer loop
      vertex 29.578363436081666 18.545559771376535 6.1
      vertex 29.730554979957283 18.897253678546942 6.1
      vertex 29.730554979957283 18.897253678546942 8.1
    endloop
  endfacet
  facet normal 0.891006524188369 -0.45399049973954464 0
    outer loop
      vertex 29.730554979957283 18.897253678546942 6.1
      vertex 29.904529251732434 19.238697412020464 6.1
      vertex 29.904529251732434 19.238697412020464 8.1
    endloop
  endfacet
  facet normal 0.8607420270039428 -0.5090414157503726 0
    outer loop
      vertex 29.904529251732434 19.238697412020464 6.1
      vertex 30.09959965443771 19.56854344937188 6.1
      vertex 30.09959965443771 19.56854344937188 8.1
    endloop
  endfacet
  facet normal 0.8270805742745668 -0.5620833778521233 0
    outer loop
      vertex 30.09959965443771 19.56854344937188 6.1
      vertex 30.31499633431282 19.885490038984088 6.1
      vertex 30.31499633431282 19.885490038984088 8.1
    endloop
  endfacet
  facet normal 0.7901550123756911 -0.6129070536529756 0
    outer loop
      vertex 30.31499633431282 19.885490038984088 6.1
      vertex 30.549869219067684 20.18828633746701 6.1
      vertex 30.549869219067684 20.18828633746701 8.1
    endloop
  endfacet
  facet normal 0.7501110696304556 -0.6613118653236565 0
    outer loop
      vertex 30.549869219067684 20.18828633746701 6.1
      vertex 30.80329137272939 20.475737346165 6.1
      vertex 30.80329137272939 20.475737346165 8.1
    endloop
  endfacet
  facet normal 0.7071067811865476 -0.7071067811865476 0
    outer loop
      vertex 30.80329137272939 20.475737346165 6.1
      vertex 31.074262653835 20.74670862727061 6.1
      vertex 31.074262653835 20.74670862727061 8.1
    endloop
  endfacet
  facet normal 0.6613118653236565 -0.7501110696304556 0
    outer loop
      vertex 31.074262653835 20.74670862727061 6.1
      vertex 31.361713662532992 21.000130780932317 6.1
      vertex 31.361713662532992 21.000130780932317 8.1
    endloop
  endfacet
  facet normal 0.6129070536529756 -0.7901550123756911 0
    outer loop
      vertex 31.361713662532992 21.000130780932317 6.1
      vertex 31.664509961015913 21.23500366568718 6.1
      vertex 31.664509961015913 21.23500366568718 8.1
    endloop
  endfacet
  facet normal 0.5620833778521296 -0.8270805742745625 0
    outer loop
      vertex 31.664509961015913 21.23500366568718 6.1
      vertex 31.98145655062812 21.450400345562294 6.1
      vertex 31.98145655062812 21.450400345562294 8.1
    endloop
  endfacet
  facet normal 0.5090414157503687 -0.8607420270039453 0
    outer loop
      vertex 31.98145655062812 21.450400345562294 6.1
      vertex 32.31130258797954 21.64547074826757 6.1
      vertex 32.31130258797954 21.64547074826757 8.1
    endloop
  endfacet
  facet normal 0.4539904997395483 -0.891006524188367 0
    outer loop
      vertex 32.31130258797954 21.64547074826757 6.1
      vertex 32.65274632145306 21.81944502004272 6.1
      vertex 32.65274632145306 21.81944502004272 8.1
    endloop
  endfacet
  facet normal 0.3971478906347782 -0.9177546256839823 0
    outer loop
      vertex 32.65274632145306 21.81944502004272 6.1
      vertex 33.004440228623466 21.971636563918334 6.1
      vertex 33.004440228623466 21.971636563918334 8.1
    endloop
  endfacet
  facet normal 0.3387379202452882 -0.9408807689542266 0
    outer loop
      vertex 33.004440228623466 21.971636563918334 6.1
      vertex 33.36499633431282 22.101444749400436 6.1
      vertex 33.36499633431282 22.101444749400436 8.1
    endloop
  endfacet
  facet normal 0.27899110603923 -0.9602936856769428 0
    outer loop
      vertex 33.36499633431282 22.101444749400436 6.1
      vertex 33.73299168829438 22.20835728288465 6.1
      vertex 33.73299168829438 22.20835728288465 8.1
    endloop
  endfacet
  facet normal 0.2181432413965457 -0.9759167619387467 0
    outer loop
      vertex 33.73299168829438 22.20835728288465 6.1
      vertex 34.10697398102708 22.291952229445002 6.1
      vertex 34.10697398102708 22.291952229445002 8.1
    endloop
  endfacet
  facet normal 0.1564344650402327 -0.9876883405951374 0
    outer loop
      vertex 34.10697398102708 22.291952229445002 6.1
      vertex 34.48546727525775 22.351899678018317 6.1
      vertex 34.48546727525775 22.351899678018317 8.1
    endloop
  endfacet
  facet normal 0.09410831331850723 -0.9955619646030807 0
    outer loop
      vertex 34.48546727525775 22.351899678018317 6.1
      vertex 34.866977830871186 22.387963043412455 6.1
      vertex 34.866977830871186 22.387963043412455 8.1
    endloop
  endfacet
  facet normal 0.9602936856769407 0.2789911060392374 0
    outer loop
      vertex 29.448555250599565 14.414996334312821 6.1
      vertex 29.34164271711535 14.782991688294386 8.1
      vertex 29.448555250599565 14.414996334312821 8.1
    endloop
  endfacet
  facet normal 0.975916761938748 0.21814324139653984 0
    outer loop
      vertex 29.34164271711535 14.782991688294386 6.1
      vertex 29.258047770555 15.156973981027079 8.1
      vertex 29.34164271711535 14.782991688294386 8.1
    endloop
  endfacet
  facet normal 0.9876883405951375 0.15643446504023195 0
    outer loop
      vertex 29.258047770555 15.156973981027079 6.1
      vertex 29.198100321981684 15.535467275257746 8.1
      vertex 29.258047770555 15.156973981027079 8.1
    endloop
  endfacet
  facet normal 0.9955619646030799 0.09410831331851512 0
    outer loop
      vertex 29.198100321981684 15.535467275257746 6.1
      vertex 29.162036956587542 15.91697783087119 8.1
      vertex 29.198100321981684 15.535467275257746 8.1
    endloop
  endfacet
  facet normal 0.9995065603657315 0.03141075907812857 0
    outer loop
      vertex 29.162036956587542 15.91697783087119 6.1
      vertex 29.15 16.3 8.1
      vertex 29.162036956587542 15.91697783087119 8.1
    endloop
  endfacet
  facet normal 0.9995065603657315 -0.03141075907812857 0
    outer loop
      vertex 29.15 16.3 6.1
      vertex 29.162036956587542 16.68302216912881 8.1
      vertex 29.15 16.3 8.1
    endloop
  endfacet
  facet normal 0.9955619646030799 -0.09410831331851467 0
    outer loop
      vertex 29.162036956587542 16.68302216912881 6.1
      vertex 29.198100321981684 17.064532724742257 8.1
      vertex 29.162036956587542 16.68302216912881 8.1
    endloop
  endfacet
  facet normal 0.9876883405951374 -0.1564344650402327 0
    outer loop
      vertex 29.198100321981684 17.064532724742257 6.1
      vertex 29.258047770555 17.443026018972922 8.1
      vertex 29.198100321981684 17.064532724742257 8.1
    endloop
  endfacet
  facet normal 0.9759167619387478 -0.21814324139654082 0
    outer loop
      vertex 29.258047770555 17.443026018972922 6.1
      vertex 29.34164271711535 17.817008311705614 8.1
      vertex 29.258047770555 17.443026018972922 8.1
    endloop
  endfacet
  facet normal 0.9602936856769411 -0.2789911060392361 0
    outer loop
      vertex 29.34164271711535 17.817008311705614 6.1
      vertex 29.448555250599565 18.18500366568718 8.1
      vertex 29.34164271711535 17.817008311705614 8.1
    endloop
  endfacet
  facet normal 0.9408807689542266 -0.3387379202452882 0
    outer loop
      vertex 29.448555250599565 18.18500366568718 6.1
      vertex 29.578363436081666 18.545559771376535 8.1
      vertex 29.448555250599565 18.18500366568718 8.1
    endloop
  endfacet
  facet normal 0.9177546256839788 -0.39714789063478595 0
    outer loop
      vertex 29.578363436081666 18.545559771376535 6.1
      vertex 29.730554979957283 18.897253678546942 8.1
      vertex 29.578363436081666 18.545559771376535 8.1
    endloop
  endfacet
  facet normal 0.891006524188369 -0.45399049973954464 0
    outer loop
      vertex 29.730554979957283 18.897253678546942 6.1
      vertex 29.904529251732434 19.238697412020464 8.1
      vertex 29.730554979957283 18.897253678546942 8.1
    endloop
  endfacet
  facet normal 0.8607420270039428 -0.5090414157503726 0
    outer loop
      vertex 29.904529251732434 19.238697412020464 6.1
      vertex 30.09959965443771 19.56854344937188 8.1
      vertex 29.904529251732434 19.238697412020464 8.1
    endloop
  endfacet
  facet normal 0.8270805742745668 -0.5620833778521233 0
    outer loop
      vertex 30.09959965443771 19.56854344937188 6.1
      vertex 30.31499633431282 19.885490038984088 8.1
      vertex 30.09959965443771 19.56854344937188 8.1
    endloop
  endfacet
  facet normal 0.7901550123756911 -0.6129070536529756 0
    outer loop
      vertex 30.31499633431282 19.885490038984088 6.1
      vertex 30.549869219067684 20.18828633746701 8.1
      vertex 30.31499633431282 19.885490038984088 8.1
    endloop
  endfacet
  facet normal 0.7501110696304556 -0.6613118653236565 0
    outer loop
      vertex 30.549869219067684 20.18828633746701 6.1
      vertex 30.80329137272939 20.475737346165 8.1
      vertex 30.549869219067684 20.18828633746701 8.1
    endloop
  endfacet
  facet normal 0.7071067811865476 -0.7071067811865476 0
    outer loop
      vertex 30.80329137272939 20.475737346165 6.1
      vertex 31.074262653835 20.74670862727061 8.1
      vertex 30.80329137272939 20.475737346165 8.1
    endloop
  endfacet
  facet normal 0.6613118653236565 -0.7501110696304556 0
    outer loop
      vertex 31.074262653835 20.74670862727061 6.1
      vertex 31.361713662532992 21.000130780932317 8.1
      vertex 31.074262653835 20.74670862727061 8.1
    endloop
  endfacet
  facet normal 0.6129070536529756 -0.7901550123756911 0
    outer loop
      vertex 31.361713662532992 21.000130780932317 6.1
      vertex 31.664509961015913 21.23500366568718 8.1
      vertex 31.361713662532992 21.000130780932317 8.1
    endloop
  endfacet
  facet normal 0.5620833778521296 -0.8270805742745625 0
    outer loop
      vertex 31.664509961015913 21.23500366568718 6.1
      vertex 31.98145655062812 21.450400345562294 8.1
      vertex 31.664509961015913 21.23500366568718 8.1
    endloop
  endfacet
  facet normal 0.5090414157503687 -0.8607420270039453 0
    outer loop
      vertex 31.98145655062812 21.450400345562294 6.1
      vertex 32.31130258797954 21.64547074826757 8.1
      vertex 31.98145655062812 21.450400345562294 8.1
    endloop
  endfacet
  facet normal 0.4539904997395483 -0.891006524188367 0
    outer loop
      vertex 32.31130258797954 21.64547074826757 6.1
      vertex 32.65274632145306 21.81944502004272 8.1
      vertex 32.31130258797954 21.64547074826757 8.1
    endloop
  endfacet
  facet normal 0.3971478906347782 -0.9177546256839823 0
    outer loop
      vertex 32.65274632145306 21.81944502004272 6.1
      vertex 33.004440228623466 21.971636563918334 8.1
      vertex 32.65274632145306 21.81944502004272 8.1
    endloop
  endfacet
  facet normal 0.3387379202452882 -0.9408807689542266 0
    outer loop
      vertex 33.004440228623466 21.971636563918334 6.1
      vertex 33.36499633431282 22.101444749400436 8.1
      vertex 33.004440228623466 21.971636563918334 8.1
    endloop
  endfacet
  facet normal 0.27899110603923 -0.9602936856769428 0
    outer loop
      vertex 33.36499633431282 22.101444749400436 6.1
      vertex 33.73299168829438 22.20835728288465 8.1
      vertex 33.36499633431282 22.101444749400436 8.1
    endloop
  endfacet
  facet normal 0.2181432413965457 -0.9759167619387467 0
    outer loop
      vertex 33.73299168829438 22.20835728288465 6.1
      vertex 34.10697398102708 22.291952229445002 8.1
      vertex 33.73299168829438 22.20835728288465 8.1
    endloop
  endfacet
  facet normal 0.1564344650402327 -0.9876883405951374 0
    outer loop
      vertex 34.10697398102708 22.291952229445002 6.1
      vertex 34.48546727525775 22.351899678018317 8.1
      vertex 34.10697398102708 22.291952229445002 8.1
    endloop
  endfacet
  facet normal 0.09410831331850723 -0.9955619646030807 0
    outer loop
      vertex 34.48546727525775 22.351899678018317 6.1
      vertex 34.866977830871186 22.387963043412455 8.1
      vertex 34.48546727525775 22.351899678018317 8.1
    endloop
  endfacet
  facet normal 0.03141075907812828 -0.9995065603657315 0
    outer loop
      vertex 34.866977830871186 22.387963043412455 6.1
      vertex 35.25 22.4 8.1
      vertex 34.866977830871186 22.387963043412455 8.1
    endloop
  endfacet
  facet normal -0.03141075907812828 0.9995065603657315 0
    outer loop
      vertex 35.25 10.200000000000001 6.1
      vertex 35.25 10.200000000000001 8.1
      vertex 35.633022169128814 10.212036956587545 6.1
    endloop
  endfacet
  facet normal -0.09410831331851183 0.9955619646030802 0
    outer loop
      vertex 35.633022169128814 10.212036956587545 6.1
      vertex 35.633022169128814 10.212036956587545 8.1
      vertex 36.01453272474225 10.248100321981685 6.1
    endloop
  endfacet
  facet normal -0.1564344650402327 0.9876883405951374 0
    outer loop
      vertex 36.01453272474225 10.248100321981685 6.1
      vertex 36.01453272474225 10.248100321981685 8.1
      vertex 36.39302601897292 10.308047770555 6.1
    endloop
  endfacet
  facet normal -0.21814324139654523 0.9759167619387468 0
    outer loop
      vertex 36.39302601897292 10.308047770555 6.1
      vertex 36.39302601897292 10.308047770555 8.1
      vertex 36.76700831170561 10.391642717115351 6.1
    endloop
  endfacet
  facet normal -0.27899110603922933 0.960293685676943 0
    outer loop
      vertex 36.76700831170561 10.391642717115351 6.1
      vertex 36.76700831170561 10.391642717115351 8.1
      vertex 37.13500366568718 10.498555250599566 6.1
    endloop
  endfacet
  facet normal -0.33873792024529237 0.9408807689542252 0
    outer loop
      vertex 37.13500366568718 10.498555250599566 6.1
      vertex 37.13500366568718 10.498555250599566 8.1
      vertex 37.495559771376534 10.628363436081669 6.1
    endloop
  endfacet
  facet normal -0.3971478906347782 0.9177546256839823 0
    outer loop
      vertex 37.495559771376534 10.628363436081669 6.1
      vertex 37.495559771376534 10.628363436081669 8.1
      vertex 37.84725367854694 10.780554979957282 6.1
    endloop
  endfacet
  facet normal -0.45399049973954453 0.891006524188369 0
    outer loop
      vertex 37.84725367854694 10.780554979957282 6.1
      vertex 37.84725367854694 10.780554979957282 8.1
      vertex 38.18869741202047 10.954529251732435 6.1
    endloop
  endfacet
  facet normal -0.509041415750374 0.8607420270039421 0
    outer loop
      vertex 38.18869741202047 10.954529251732435 6.1
      vertex 38.18869741202047 10.954529251732435 8.1
      vertex 38.518543449371876 11.149599654437708 6.1
    endloop
  endfacet
  facet normal -0.5620833778521296 0.8270805742745625 0
    outer loop
      vertex 38.518543449371876 11.149599654437708 6.1
      vertex 38.518543449371876 11.149599654437708 8.1
      vertex 38.835490038984084 11.36499633431282 6.1
    endloop
  endfacet
  facet normal -0.6129070536529768 0.79015501237569 0
    outer loop
      vertex 38.835490038984084 11.36499633431282 6.1
      vertex 38.835490038984084 11.36499633431282 8.1
      vertex 39.13828633746701 11.599869219067688 6.1
    endloop
  endfacet
  facet normal -0.6613118653236512 0.75011106963046 0
    outer loop
      vertex 39.13828633746701 11.599869219067688 6.1
      vertex 39.13828633746701 11.599869219067688 8.1
      vertex 39.425737346165 11.853291372729391 6.1
    endloop
  endfacet
  facet normal -0.7071067811865476 0.7071067811865476 0
    outer loop
      vertex 39.425737346165 11.853291372729391 6.1
      vertex 39.425737346165 11.853291372729391 8.1
      vertex 39.69670862727061 12.124262653835 6.1
    endloop
  endfacet
  facet normal -0.75011106963046 0.6613118653236512 0
    outer loop
      vertex 39.69670862727061 12.124262653835 6.1
      vertex 39.69670862727061 12.124262653835 8.1
      vertex 39.95013078093231 12.411713662532993 6.1
    endloop
  endfacet
  facet normal -0.7901550123756929 0.6129070536529734 0
    outer loop
      vertex 39.95013078093231 12.411713662532993 6.1
      vertex 39.95013078093231 12.411713662532993 8.1
      vertex 40.18500366568718 12.714509961015915 6.1
    endloop
  endfacet
  facet normal -0.827080574274564 0.5620833778521275 0
    outer loop
      vertex 40.18500366568718 12.714509961015915 6.1
      vertex 40.18500366568718 12.714509961015915 8.1
      vertex 40.40040034556229 13.031456550628125 6.1
    endloop
  endfacet
  facet normal -0.8607420270039404 0.5090414157503768 0
    outer loop
      vertex 40.40040034556229 13.031456550628125 6.1
      vertex 40.40040034556229 13.031456550628125 8.1
      vertex 40.595470748267566 13.361302587979537 6.1
    endloop
  endfacet
  facet normal -0.891006524188369 0.45399049973954464 0
    outer loop
      vertex 40.595470748267566 13.361302587979537 6.1
      vertex 40.595470748267566 13.361302587979537 8.1
      vertex 40.76944502004272 13.70274632145306 6.1
    endloop
  endfacet
  facet normal -0.9177546256839774 0.39714789063478934 0
    outer loop
      vertex 40.76944502004272 13.70274632145306 6.1
      vertex 40.76944502004272 13.70274632145306 8.1
      vertex 40.921636563918334 14.054440228623463 6.1
    endloop
  endfacet
  facet normal -0.9408807689542247 0.3387379202452935 0
    outer loop
      vertex 40.921636563918334 14.054440228623463 6.1
      vertex 40.921636563918334 14.054440228623463 8.1
      vertex 41.05144474940044 14.414996334312821 6.1
    endloop
  endfacet
  facet normal 0.03141075907812828 0.9995065603657315 0
    outer loop
      vertex 35.25 10.200000000000001 6.1
      vertex 34.866977830871186 10.212036956587545 8.1
      vertex 35.25 10.200000000000001 8.1
    endloop
  endfacet
  facet normal -0.03141075907812828 0.9995065603657315 0
    outer loop
      vertex 35.633022169128814 10.212036956587545 6.1
      vertex 35.25 10.200000000000001 8.1
      vertex 35.633022169128814 10.212036956587545 8.1
    endloop
  endfacet
  facet normal -0.09410831331851183 0.9955619646030802 0
    outer loop
      vertex 36.01453272474225 10.248100321981685 6.1
      vertex 35.633022169128814 10.212036956587545 8.1
      vertex 36.01453272474225 10.248100321981685 8.1
    endloop
  endfacet
  facet normal -0.1564344650402327 0.9876883405951374 0
    outer loop
      vertex 36.39302601897292 10.308047770555 6.1
      vertex 36.01453272474225 10.248100321981685 8.1
      vertex 36.39302601897292 10.308047770555 8.1
    endloop
  endfacet
  facet normal -0.21814324139654523 0.9759167619387468 0
    outer loop
      vertex 36.76700831170561 10.391642717115351 6.1
      vertex 36.39302601897292 10.308047770555 8.1
      vertex 36.76700831170561 10.391642717115351 8.1
    endloop
  endfacet
  facet normal -0.27899110603922933 0.960293685676943 0
    outer loop
      vertex 37.13500366568718 10.498555250599566 6.1
      vertex 36.76700831170561 10.391642717115351 8.1
      vertex 37.13500366568718 10.498555250599566 8.1
    endloop
  endfacet
  facet normal -0.33873792024529237 0.9408807689542252 0
    outer loop
      vertex 37.495559771376534 10.628363436081669 6.1
      vertex 37.13500366568718 10.498555250599566 8.1
      vertex 37.495559771376534 10.628363436081669 8.1
    endloop
  endfacet
  facet normal -0.3971478906347782 0.9177546256839823 0
    outer loop
      vertex 37.84725367854694 10.780554979957282 6.1
      vertex 37.495559771376534 10.628363436081669 8.1
      vertex 37.84725367854694 10.780554979957282 8.1
    endloop
  endfacet
  facet normal -0.45399049973954453 0.891006524188369 0
    outer loop
      vertex 38.18869741202047 10.954529251732435 6.1
      vertex 37.84725367854694 10.780554979957282 8.1
      vertex 38.18869741202047 10.954529251732435 8.1
    endloop
  endfacet
  facet normal -0.509041415750374 0.8607420270039421 0
    outer loop
      vertex 38.518543449371876 11.149599654437708 6.1
      vertex 38.18869741202047 10.954529251732435 8.1
      vertex 38.518543449371876 11.149599654437708 8.1
    endloop
  endfacet
  facet normal -0.5620833778521296 0.8270805742745625 0
    outer loop
      vertex 38.835490038984084 11.36499633431282 6.1
      vertex 38.518543449371876 11.149599654437708 8.1
      vertex 38.835490038984084 11.36499633431282 8.1
    endloop
  endfacet
  facet normal -0.6129070536529768 0.79015501237569 0
    outer loop
      vertex 39.13828633746701 11.599869219067688 6.1
      vertex 38.835490038984084 11.36499633431282 8.1
      vertex 39.13828633746701 11.599869219067688 8.1
    endloop
  endfacet
  facet normal -0.6613118653236512 0.75011106963046 0
    outer loop
      vertex 39.425737346165 11.853291372729391 6.1
      vertex 39.13828633746701 11.599869219067688 8.1
      vertex 39.425737346165 11.853291372729391 8.1
    endloop
  endfacet
  facet normal -0.7071067811865476 0.7071067811865476 0
    outer loop
      vertex 39.69670862727061 12.124262653835 6.1
      vertex 39.425737346165 11.853291372729391 8.1
      vertex 39.69670862727061 12.124262653835 8.1
    endloop
  endfacet
  facet normal -0.75011106963046 0.6613118653236512 0
    outer loop
      vertex 39.95013078093231 12.411713662532993 6.1
      vertex 39.69670862727061 12.124262653835 8.1
      vertex 39.95013078093231 12.411713662532993 8.1
    endloop
  endfacet
  facet normal -0.7901550123756929 0.6129070536529734 0
    outer loop
      vertex 40.18500366568718 12.714509961015915 6.1
      vertex 39.95013078093231 12.411713662532993 8.1
      vertex 40.18500366568718 12.714509961015915 8.1
    endloop
  endfacet
  facet normal -0.827080574274564 0.5620833778521275 0
    outer loop
      vertex 40.40040034556229 13.031456550628125 6.1
      vertex 40.18500366568718 12.714509961015915 8.1
      vertex 40.40040034556229 13.031456550628125 8.1
    endloop
  endfacet
  facet normal -0.8607420270039404 0.5090414157503768 0
    outer loop
      vertex 40.595470748267566 13.361302587979537 6.1
      vertex 40.40040034556229 13.031456550628125 8.1
      vertex 40.595470748267566 13.361302587979537 8.1
    endloop
  endfacet
  facet normal -0.891006524188369 0.45399049973954464 0
    outer loop
      vertex 40.76944502004272 13.70274632145306 6.1
      vertex 40.595470748267566 13.361302587979537 8.1
      vertex 40.76944502004272 13.70274632145306 8.1
    endloop
  endfacet
  facet normal -0.9177546256839774 0.39714789063478934 0
    outer loop
      vertex 40.921636563918334 14.054440228623463 6.1
      vertex 40.76944502004272 13.70274632145306 8.1
      vertex 40.921636563918334 14.054440228623463 8.1
    endloop
  endfacet
  facet normal -0.9408807689542247 0.3387379202452935 0
    outer loop
      vertex 41.05144474940044 14.414996334312821 6.1
      vertex 40.921636563918334 14.054440228623463 8.1
      vertex 41.05144474940044 14.414996334312821 8.1
    endloop
  endfacet
  facet normal -0.5090414157503726 -0.8607420270039428 0
    outer loop
      vertex 38.18869741202046 21.64547074826757 6.1
      vertex 38.518543449371876 21.450400345562294 6.1
      vertex 38.518543449371876 21.450400345562294 8.1
    endloop
  endfacet
  facet normal -0.5620833778521296 -0.8270805742745625 0
    outer loop
      vertex 38.518543449371876 21.450400345562294 6.1
      vertex 38.835490038984084 21.23500366568718 6.1
      vertex 38.835490038984084 21.23500366568718 8.1
    endloop
  endfacet
  facet normal -0.6129070536529768 -0.79015501237569 0
    outer loop
      vertex 38.835490038984084 21.23500366568718 6.1
      vertex 39.13828633746701 21.000130780932313 6.1
      vertex 39.13828633746701 21.000130780932313 8.1
    endloop
  endfacet
  facet normal -0.6613118653236512 -0.75011106963046 0
    outer loop
      vertex 39.13828633746701 21.000130780932313 6.1
      vertex 39.425737346165 20.74670862727061 6.1
      vertex 39.425737346165 20.74670862727061 8.1
    endloop
  endfacet
  facet normal 0.03141075907812828 -0.9995065603657315 0
    outer loop
      vertex 34.866977830871186 22.387963043412455 6.1
      vertex 35.25 22.4 6.1
      vertex 35.25 22.4 8.1
    endloop
  endfacet
  facet normal -0.03141075907812828 -0.9995065603657315 0
    outer loop
      vertex 35.25 22.4 6.1
      vertex 35.633022169128814 22.387963043412455 6.1
      vertex 35.633022169128814 22.387963043412455 8.1
    endloop
  endfacet
  facet normal -0.09410831331850723 -0.9955619646030807 0
    outer loop
      vertex 35.633022169128814 22.387963043412455 6.1
      vertex 36.01453272474225 22.351899678018317 6.1
      vertex 36.01453272474225 22.351899678018317 8.1
    endloop
  endfacet
  facet normal -0.1564344650402327 -0.9876883405951374 0
    outer loop
      vertex 36.01453272474225 22.351899678018317 6.1
      vertex 36.39302601897292 22.291952229445002 6.1
      vertex 36.39302601897292 22.291952229445002 8.1
    endloop
  endfacet
  facet normal -0.2181432413965457 -0.9759167619387467 0
    outer loop
      vertex 36.39302601897292 22.291952229445002 6.1
      vertex 36.76700831170562 22.20835728288465 6.1
      vertex 36.76700831170562 22.20835728288465 8.1
    endloop
  endfacet
  facet normal -0.27899110603923 -0.9602936856769428 0
    outer loop
      vertex 36.76700831170562 22.20835728288465 6.1
      vertex 37.13500366568718 22.101444749400436 6.1
      vertex 37.13500366568718 22.101444749400436 8.1
    endloop
  endfacet
  facet normal -0.3387379202452882 -0.9408807689542266 0
    outer loop
      vertex 37.13500366568718 22.101444749400436 6.1
      vertex 37.495559771376534 21.971636563918334 6.1
      vertex 37.495559771376534 21.971636563918334 8.1
    endloop
  endfacet
  facet normal -0.3971478906347782 -0.9177546256839823 0
    outer loop
      vertex 37.495559771376534 21.971636563918334 6.1
      vertex 37.84725367854694 21.81944502004272 6.1
      vertex 37.84725367854694 21.81944502004272 8.1
    endloop
  endfacet
  facet normal -0.4539904997395483 -0.891006524188367 0
    outer loop
      vertex 37.84725367854694 21.81944502004272 6.1
      vertex 38.18869741202046 21.64547074826757 6.1
      vertex 38.18869741202046 21.64547074826757 8.1
    endloop
  endfacet
  facet normal -0.960293685676944 0.2789911060392263 0
    outer loop
      vertex 41.05144474940044 14.414996334312821 6.1
      vertex 41.05144474940044 14.414996334312821 8.1
      vertex 41.15835728288465 14.78299168829439 6.1
    endloop
  endfacet
  facet normal -0.9759167619387494 0.218143241396533 0
    outer loop
      vertex 41.15835728288465 14.78299168829439 6.1
      vertex 41.15835728288465 14.78299168829439 8.1
      vertex 41.241952229445 15.156973981027079 6.1
    endloop
  endfacet
  facet normal -0.9876883405951361 0.156434465040241 0
    outer loop
      vertex 41.241952229445 15.156973981027079 6.1
      vertex 41.241952229445 15.156973981027079 8.1
      vertex 41.301899678018316 15.535467275257746 6.1
    endloop
  endfacet
  facet normal -0.9955619646030797 0.09410831331851596 0
    outer loop
      vertex 41.301899678018316 15.535467275257746 6.1
      vertex 41.301899678018316 15.535467275257746 8.1
      vertex 41.33796304341246 15.916977830871186 6.1
    endloop
  endfacet
  facet normal -0.9995065603657315 0.03141075907812828 0
    outer loop
      vertex 41.33796304341246 15.916977830871186 6.1
      vertex 41.33796304341246 15.916977830871186 8.1
      vertex 41.35 16.3 6.1
    endloop
  endfacet
  facet normal -0.9995065603657315 -0.03141075907812857 0
    outer loop
      vertex 41.35 16.3 6.1
      vertex 41.35 16.3 8.1
      vertex 41.33796304341246 16.68302216912881 6.1
    endloop
  endfacet
  facet normal -0.9955619646030799 -0.09410831331851467 0
    outer loop
      vertex 41.33796304341246 16.68302216912881 6.1
      vertex 41.33796304341246 16.68302216912881 8.1
      vertex 41.301899678018316 17.064532724742257 6.1
    endloop
  endfacet
  facet normal -0.9876883405951389 -0.15643446504022365 0
    outer loop
      vertex 41.301899678018316 17.064532724742257 6.1
      vertex 41.301899678018316 17.064532724742257 8.1
      vertex 41.241952229445005 17.443026018972922 6.1
    endloop
  endfacet
  facet normal -0.9759167619387458 -0.21814324139654967 0
    outer loop
      vertex 41.15835728288465 17.817008311705614 6.1
      vertex 41.241952229445005 17.443026018972922 6.1
      vertex 41.241952229445005 17.443026018972922 8.1
    endloop
  endfacet
  facet normal -0.8270805742745625 -0.5620833778521296 0
    outer loop
      vertex 40.18500366568718 19.885490038984088 6.1
      vertex 40.40040034556229 19.56854344937188 6.1
      vertex 40.40040034556229 19.56854344937188 8.1
    endloop
  endfacet
  facet normal -0.7071067811865476 -0.7071067811865476 0
    outer loop
      vertex 39.69670862727061 20.475737346165 6.1
      vertex 39.69670862727061 20.475737346165 8.1
      vertex 39.425737346165 20.74670862727061 6.1
    endloop
  endfacet
  facet normal -0.75011106963046 -0.6613118653236512 0
    outer loop
      vertex 39.69670862727061 20.475737346165 6.1
      vertex 39.95013078093231 20.18828633746701 6.1
      vertex 39.95013078093231 20.18828633746701 8.1
    endloop
  endfacet
  facet normal -0.7901550123756911 -0.6129070536529756 0
    outer loop
      vertex 39.95013078093231 20.18828633746701 6.1
      vertex 40.18500366568718 19.885490038984088 6.1
      vertex 40.18500366568718 19.885490038984088 8.1
    endloop
  endfacet
  facet normal -0.9408807689542237 -0.3387379202452965 0
    outer loop
      vertex 41.05144474940044 18.18500366568718 6.1
      vertex 41.05144474940044 18.18500366568718 8.1
      vertex 40.921636563918334 18.545559771376535 6.1
    endloop
  endfacet
  facet normal -0.9177546256839788 -0.39714789063478595 0
    outer loop
      vertex 40.921636563918334 18.545559771376535 6.1
      vertex 40.921636563918334 18.545559771376535 8.1
      vertex 40.76944502004272 18.897253678546942 6.1
    endloop
  endfacet
  facet normal -0.891006524188369 -0.45399049973954464 0
    outer loop
      vertex 40.595470748267566 19.238697412020464 6.1
      vertex 40.76944502004272 18.897253678546942 6.1
      vertex 40.76944502004272 18.897253678546942 8.1
    endloop
  endfacet
  facet normal -0.8607420270039428 -0.5090414157503726 0
    outer loop
      vertex 40.595470748267566 19.238697412020464 6.1
      vertex 40.595470748267566 19.238697412020464 8.1
      vertex 40.40040034556229 19.56854344937188 6.1
    endloop
  endfacet
  facet normal -0.9602936856769436 -0.27899110603922755 0
    outer loop
      vertex 41.15835728288465 17.817008311705614 6.1
      vertex 41.15835728288465 17.817008311705614 8.1
      vertex 41.05144474940044 18.18500366568718 6.1
    endloop
  endfacet
  facet normal -0.5620833778521296 -0.8270805742745625 0
    outer loop
      vertex 38.518543449371876 21.450400345562294 6.1
      vertex 38.835490038984084 21.23500366568718 8.1
      vertex 38.518543449371876 21.450400345562294 8.1
    endloop
  endfacet
  facet normal -0.6129070536529768 -0.79015501237569 0
    outer loop
      vertex 38.835490038984084 21.23500366568718 6.1
      vertex 39.13828633746701 21.000130780932313 8.1
      vertex 38.835490038984084 21.23500366568718 8.1
    endloop
  endfacet
  facet normal -0.6613118653236512 -0.75011106963046 0
    outer loop
      vertex 39.13828633746701 21.000130780932313 6.1
      vertex 39.425737346165 20.74670862727061 8.1
      vertex 39.13828633746701 21.000130780932313 8.1
    endloop
  endfacet
  facet normal -0.03141075907812828 -0.9995065603657315 0
    outer loop
      vertex 35.25 22.4 6.1
      vertex 35.633022169128814 22.387963043412455 8.1
      vertex 35.25 22.4 8.1
    endloop
  endfacet
  facet normal -0.09410831331850723 -0.9955619646030807 0
    outer loop
      vertex 35.633022169128814 22.387963043412455 6.1
      vertex 36.01453272474225 22.351899678018317 8.1
      vertex 35.633022169128814 22.387963043412455 8.1
    endloop
  endfacet
  facet normal -0.1564344650402327 -0.9876883405951374 0
    outer loop
      vertex 36.01453272474225 22.351899678018317 6.1
      vertex 36.39302601897292 22.291952229445002 8.1
      vertex 36.01453272474225 22.351899678018317 8.1
    endloop
  endfacet
  facet normal -0.2181432413965457 -0.9759167619387467 0
    outer loop
      vertex 36.39302601897292 22.291952229445002 6.1
      vertex 36.76700831170562 22.20835728288465 8.1
      vertex 36.39302601897292 22.291952229445002 8.1
    endloop
  endfacet
  facet normal -0.27899110603923 -0.9602936856769428 0
    outer loop
      vertex 36.76700831170562 22.20835728288465 6.1
      vertex 37.13500366568718 22.101444749400436 8.1
      vertex 36.76700831170562 22.20835728288465 8.1
    endloop
  endfacet
  facet normal -0.3387379202452882 -0.9408807689542266 0
    outer loop
      vertex 37.13500366568718 22.101444749400436 6.1
      vertex 37.495559771376534 21.971636563918334 8.1
      vertex 37.13500366568718 22.101444749400436 8.1
    endloop
  endfacet
  facet normal -0.3971478906347782 -0.9177546256839823 0
    outer loop
      vertex 37.495559771376534 21.971636563918334 6.1
      vertex 37.84725367854694 21.81944502004272 8.1
      vertex 37.495559771376534 21.971636563918334 8.1
    endloop
  endfacet
  facet normal -0.4539904997395483 -0.891006524188367 0
    outer loop
      vertex 37.84725367854694 21.81944502004272 6.1
      vertex 38.18869741202046 21.64547074826757 8.1
      vertex 37.84725367854694 21.81944502004272 8.1
    endloop
  endfacet
  facet normal -0.5090414157503726 -0.8607420270039428 0
    outer loop
      vertex 38.18869741202046 21.64547074826757 6.1
      vertex 38.518543449371876 21.450400345562294 8.1
      vertex 38.18869741202046 21.64547074826757 8.1
    endloop
  endfacet
  facet normal -0.960293685676944 0.2789911060392263 0
    outer loop
      vertex 41.15835728288465 14.78299168829439 6.1
      vertex 41.05144474940044 14.414996334312821 8.1
      vertex 41.15835728288465 14.78299168829439 8.1
    endloop
  endfacet
  facet normal -0.9759167619387494 0.218143241396533 0
    outer loop
      vertex 41.241952229445 15.156973981027079 6.1
      vertex 41.15835728288465 14.78299168829439 8.1
      vertex 41.241952229445 15.156973981027079 8.1
    endloop
  endfacet
  facet normal -0.9876883405951361 0.156434465040241 0
    outer loop
      vertex 41.301899678018316 15.535467275257746 6.1
      vertex 41.241952229445 15.156973981027079 8.1
      vertex 41.301899678018316 15.535467275257746 8.1
    endloop
  endfacet
  facet normal -0.9955619646030797 0.09410831331851596 0
    outer loop
      vertex 41.33796304341246 15.916977830871186 6.1
      vertex 41.301899678018316 15.535467275257746 8.1
      vertex 41.33796304341246 15.916977830871186 8.1
    endloop
  endfacet
  facet normal -0.9995065603657315 0.03141075907812828 0
    outer loop
      vertex 41.35 16.3 6.1
      vertex 41.33796304341246 15.916977830871186 8.1
      vertex 41.35 16.3 8.1
    endloop
  endfacet
  facet normal -0.9995065603657315 -0.03141075907812857 0
    outer loop
      vertex 41.33796304341246 16.68302216912881 6.1
      vertex 41.35 16.3 8.1
      vertex 41.33796304341246 16.68302216912881 8.1
    endloop
  endfacet
  facet normal -0.9955619646030799 -0.09410831331851467 0
    outer loop
      vertex 41.301899678018316 17.064532724742257 6.1
      vertex 41.33796304341246 16.68302216912881 8.1
      vertex 41.301899678018316 17.064532724742257 8.1
    endloop
  endfacet
  facet normal -0.9876883405951389 -0.15643446504022365 0
    outer loop
      vertex 41.241952229445005 17.443026018972922 6.1
      vertex 41.301899678018316 17.064532724742257 8.1
      vertex 41.241952229445005 17.443026018972922 8.1
    endloop
  endfacet
  facet normal -0.9759167619387458 -0.21814324139654967 0
    outer loop
      vertex 41.15835728288465 17.817008311705614 6.1
      vertex 41.241952229445005 17.443026018972922 8.1
      vertex 41.15835728288465 17.817008311705614 8.1
    endloop
  endfacet
  facet normal -0.8607420270039428 -0.5090414157503726 0
    outer loop
      vertex 40.40040034556229 19.56854344937188 6.1
      vertex 40.595470748267566 19.238697412020464 8.1
      vertex 40.40040034556229 19.56854344937188 8.1
    endloop
  endfacet
  facet normal -0.75011106963046 -0.6613118653236512 0
    outer loop
      vertex 39.69670862727061 20.475737346165 6.1
      vertex 39.95013078093231 20.18828633746701 8.1
      vertex 39.69670862727061 20.475737346165 8.1
    endloop
  endfacet
  facet normal -0.7071067811865476 -0.7071067811865476 0
    outer loop
      vertex 39.425737346165 20.74670862727061 6.1
      vertex 39.69670862727061 20.475737346165 8.1
      vertex 39.425737346165 20.74670862727061 8.1
    endloop
  endfacet
  facet normal -0.7901550123756911 -0.6129070536529756 0
    outer loop
      vertex 39.95013078093231 20.18828633746701 6.1
      vertex 40.18500366568718 19.885490038984088 8.1
      vertex 39.95013078093231 20.18828633746701 8.1
    endloop
  endfacet
  facet normal -0.8270805742745625 -0.5620833778521296 0
    outer loop
      vertex 40.18500366568718 19.885490038984088 6.1
      vertex 40.40040034556229 19.56854344937188 8.1
      vertex 40.18500366568718 19.885490038984088 8.1
    endloop
  endfacet
  facet normal -0.9177546256839788 -0.39714789063478595 0
    outer loop
      vertex 40.76944502004272 18.897253678546942 6.1
      vertex 40.921636563918334 18.545559771376535 8.1
      vertex 40.76944502004272 18.897253678546942 8.1
    endloop
  endfacet
  facet normal -0.9408807689542237 -0.3387379202452965 0
    outer loop
      vertex 40.921636563918334 18.545559771376535 6.1
      vertex 41.05144474940044 18.18500366568718 8.1
      vertex 40.921636563918334 18.545559771376535 8.1
    endloop
  endfacet
  facet normal -0.891006524188369 -0.45399049973954464 0
    outer loop
      vertex 40.595470748267566 19.238697412020464 6.1
      vertex 40.76944502004272 18.897253678546942 8.1
      vertex 40.595470748267566 19.238697412020464 8.1
    endloop
  endfacet
  facet normal -0.9602936856769436 -0.27899110603922755 0
    outer loop
      vertex 41.05144474940044 18.18500366568718 6.1
      vertex 41.15835728288465 17.817008311705614 8.1
      vertex 41.05144474940044 18.18500366568718 8.1
    endloop
  endfacet
  facet normal 0.9408807689542266 0.3387379202452882 0
    outer loop
      vertex 29.578363436081666 34.45444022862347 6.1
      vertex 29.448555250599565 34.81499633431282 6.1
      vertex 29.448555250599565 34.81499633431282 8.1
    endloop
  endfacet
  facet normal 0.9876883405951374 0.1564344650402327 0
    outer loop
      vertex 29.258047770555 35.556973981027085 6.1
      vertex 29.198100321981684 35.93546727525775 6.1
      vertex 29.198100321981684 35.93546727525775 8.1
    endloop
  endfacet
  facet normal 0.9602936856769404 0.2789911060392386 0
    outer loop
      vertex 29.34164271711535 35.182991688294386 6.1
      vertex 29.34164271711535 35.182991688294386 8.1
      vertex 29.448555250599565 34.81499633431282 6.1
    endloop
  endfacet
  facet normal 0.9759167619387488 0.2181432413965369 0
    outer loop
      vertex 29.34164271711535 35.182991688294386 6.1
      vertex 29.258047770555 35.556973981027085 6.1
      vertex 29.258047770555 35.556973981027085 8.1
    endloop
  endfacet
  facet normal 0.8910065241883708 0.4539904997395408 0
    outer loop
      vertex 29.904529251732434 33.761302587979536 6.1
      vertex 29.730554979957283 34.10274632145306 6.1
      vertex 29.730554979957283 34.10274632145306 8.1
    endloop
  endfacet
  facet normal 0.860742027003938 0.5090414157503809 0
    outer loop
      vertex 29.904529251732434 33.761302587979536 6.1
      vertex 29.904529251732434 33.761302587979536 8.1
      vertex 30.09959965443771 33.43145655062813 6.1
    endloop
  endfacet
  facet normal 0.7901550123756876 0.6129070536529801 0
    outer loop
      vertex 30.549869219067684 32.811713662532995 6.1
      vertex 30.31499633431282 33.11450996101591 6.1
      vertex 30.31499633431282 33.11450996101591 8.1
    endloop
  endfacet
  facet normal 0.8270805742745727 0.5620833778521147 0
    outer loop
      vertex 30.31499633431282 33.11450996101591 6.1
      vertex 30.09959965443771 33.43145655062813 6.1
      vertex 30.09959965443771 33.43145655062813 8.1
    endloop
  endfacet
  facet normal 0.9177546256839788 0.39714789063478595 0
    outer loop
      vertex 29.578363436081666 34.45444022862347 6.1
      vertex 29.578363436081666 34.45444022862347 8.1
      vertex 29.730554979957283 34.10274632145306 6.1
    endloop
  endfacet
  facet normal 0.9955619646030797 0.0941083133185164 0
    outer loop
      vertex 29.198100321981684 35.93546727525775 6.1
      vertex 29.162036956587542 36.31697783087119 6.1
      vertex 29.162036956587542 36.31697783087119 8.1
    endloop
  endfacet
  facet normal 0.9995065603657315 0.03141075907812828 0
    outer loop
      vertex 29.162036956587542 36.31697783087119 6.1
      vertex 29.15 36.7 6.1
      vertex 29.15 36.7 8.1
    endloop
  endfacet
  facet normal 0.9995065603657315 -0.03141075907812828 0
    outer loop
      vertex 29.15 36.7 6.1
      vertex 29.162036956587542 37.08302216912882 6.1
      vertex 29.162036956587542 37.08302216912882 8.1
    endloop
  endfacet
  facet normal 0.9955619646030797 -0.0941083133185164 0
    outer loop
      vertex 29.162036956587542 37.08302216912882 6.1
      vertex 29.198100321981684 37.464532724742256 6.1
      vertex 29.198100321981684 37.464532724742256 8.1
    endloop
  endfacet
  facet normal 0.9876883405951374 -0.1564344650402327 0
    outer loop
      vertex 29.198100321981684 37.464532724742256 6.1
      vertex 29.258047770555 37.84302601897292 6.1
      vertex 29.258047770555 37.84302601897292 8.1
    endloop
  endfacet
  facet normal 0.9759167619387488 -0.2181432413965369 0
    outer loop
      vertex 29.258047770555 37.84302601897292 6.1
      vertex 29.34164271711535 38.21700831170562 6.1
      vertex 29.34164271711535 38.21700831170562 8.1
    endloop
  endfacet
  facet normal 0.9602936856769404 -0.2789911060392386 0
    outer loop
      vertex 29.34164271711535 38.21700831170562 6.1
      vertex 29.448555250599565 38.58500366568718 6.1
      vertex 29.448555250599565 38.58500366568718 8.1
    endloop
  endfacet
  facet normal 0.9408807689542266 -0.3387379202452882 0
    outer loop
      vertex 29.448555250599565 38.58500366568718 6.1
      vertex 29.578363436081666 38.94555977137654 6.1
      vertex 29.578363436081666 38.94555977137654 8.1
    endloop
  endfacet
  facet normal 0.9177546256839788 -0.39714789063478595 0
    outer loop
      vertex 29.578363436081666 38.94555977137654 6.1
      vertex 29.730554979957283 39.297253678546944 6.1
      vertex 29.730554979957283 39.297253678546944 8.1
    endloop
  endfacet
  facet normal 0.8910065241883708 -0.4539904997395408 0
    outer loop
      vertex 29.730554979957283 39.297253678546944 6.1
      vertex 29.904529251732434 39.63869741202047 6.1
      vertex 29.904529251732434 39.63869741202047 8.1
    endloop
  endfacet
  facet normal 0.8607420270039428 -0.5090414157503726 0
    outer loop
      vertex 29.904529251732434 39.63869741202047 6.1
      vertex 30.09959965443771 39.968543449371886 6.1
      vertex 30.09959965443771 39.968543449371886 8.1
    endloop
  endfacet
  facet normal 0.8270805742745609 -0.5620833778521319 0
    outer loop
      vertex 30.09959965443771 39.968543449371886 6.1
      vertex 30.31499633431282 40.285490038984086 6.1
      vertex 30.31499633431282 40.285490038984086 8.1
    endloop
  endfacet
  facet normal 0.7901550123756945 -0.612907053652971 0
    outer loop
      vertex 30.31499633431282 40.285490038984086 6.1
      vertex 30.549869219067684 40.58828633746701 6.1
      vertex 30.549869219067684 40.58828633746701 8.1
    endloop
  endfacet
  facet normal 0.6613118653236565 0.7501110696304556 0
    outer loop
      vertex 31.074262653835 32.25329137272939 6.1
      vertex 31.074262653835 32.25329137272939 8.1
      vertex 31.361713662532992 31.999869219067687 6.1
    endloop
  endfacet
  facet normal 0.6129070536529756 0.7901550123756911 0
    outer loop
      vertex 31.664509961015913 31.764996334312823 6.1
      vertex 31.361713662532992 31.999869219067687 6.1
      vertex 31.361713662532992 31.999869219067687 8.1
    endloop
  endfacet
  facet normal 0.5620833778521233 0.8270805742745668 0
    outer loop
      vertex 31.664509961015913 31.764996334312823 6.1
      vertex 31.664509961015913 31.764996334312823 8.1
      vertex 31.98145655062812 31.549599654437714 6.1
    endloop
  endfacet
  facet normal 0.5090414157503687 0.8607420270039453 0
    outer loop
      vertex 31.98145655062812 31.549599654437714 6.1
      vertex 31.98145655062812 31.549599654437714 8.1
      vertex 32.31130258797954 31.354529251732437 6.1
    endloop
  endfacet
  facet normal 0.4539904997395483 0.891006524188367 0
    outer loop
      vertex 32.31130258797954 31.354529251732437 6.1
      vertex 32.31130258797954 31.354529251732437 8.1
      vertex 32.65274632145306 31.180554979957286 6.1
    endloop
  endfacet
  facet normal 0.39714789063478595 0.9177546256839788 0
    outer loop
      vertex 32.65274632145306 31.180554979957286 6.1
      vertex 32.65274632145306 31.180554979957286 8.1
      vertex 33.004440228623466 31.02836343608167 6.1
    endloop
  endfacet
  facet normal 0.7501110696304556 0.6613118653236565 0
    outer loop
      vertex 30.549869219067684 32.811713662532995 6.1
      vertex 30.549869219067684 32.811713662532995 8.1
      vertex 30.80329137272939 32.524262653835 6.1
    endloop
  endfacet
  facet normal 0.7071067811865476 0.7071067811865476 0
    outer loop
      vertex 30.80329137272939 32.524262653835 6.1
      vertex 30.80329137272939 32.524262653835 8.1
      vertex 31.074262653835 32.25329137272939 6.1
    endloop
  endfacet
  facet normal 0.3387379202452882 0.9408807689542266 0
    outer loop
      vertex 33.004440228623466 31.02836343608167 6.1
      vertex 33.004440228623466 31.02836343608167 8.1
      vertex 33.36499633431282 30.898555250599568 6.1
    endloop
  endfacet
  facet normal 0.2789911060392386 0.9602936856769404 0
    outer loop
      vertex 33.36499633431282 30.898555250599568 6.1
      vertex 33.36499633431282 30.898555250599568 8.1
      vertex 33.73299168829438 30.79164271711535 6.1
    endloop
  endfacet
  facet normal 0.2181432413965369 0.9759167619387488 0
    outer loop
      vertex 33.73299168829438 30.79164271711535 6.1
      vertex 33.73299168829438 30.79164271711535 8.1
      vertex 34.10697398102708 30.708047770555 6.1
    endloop
  endfacet
  facet normal 0.1564344650402327 0.9876883405951374 0
    outer loop
      vertex 34.10697398102708 30.708047770555 6.1
      vertex 34.10697398102708 30.708047770555 8.1
      vertex 34.48546727525775 30.648100321981687 6.1
    endloop
  endfacet
  facet normal 0.0941083133185164 0.9955619646030797 0
    outer loop
      vertex 34.48546727525775 30.648100321981687 6.1
      vertex 34.48546727525775 30.648100321981687 8.1
      vertex 34.866977830871186 30.612036956587545 6.1
    endloop
  endfacet
  facet normal 0.03141075907812828 0.9995065603657315 0
    outer loop
      vertex 34.866977830871186 30.612036956587545 6.1
      vertex 34.866977830871186 30.612036956587545 8.1
      vertex 35.25 30.6 6.1
    endloop
  endfacet
  facet normal 0.7501110696304556 -0.6613118653236565 0
    outer loop
      vertex 30.549869219067684 40.58828633746701 6.1
      vertex 30.80329137272939 40.875737346165 6.1
      vertex 30.80329137272939 40.875737346165 8.1
    endloop
  endfacet
  facet normal 0.7071067811865476 -0.7071067811865476 0
    outer loop
      vertex 30.80329137272939 40.875737346165 6.1
      vertex 31.074262653835 41.14670862727061 6.1
      vertex 31.074262653835 41.14670862727061 8.1
    endloop
  endfacet
  facet normal 0.6613118653236512 -0.75011106963046 0
    outer loop
      vertex 31.074262653835 41.14670862727061 6.1
      vertex 31.361713662532992 41.400130780932315 6.1
      vertex 31.361713662532992 41.400130780932315 8.1
    endloop
  endfacet
  facet normal 0.6129070536529756 -0.7901550123756911 0
    outer loop
      vertex 31.361713662532992 41.400130780932315 6.1
      vertex 31.664509961015913 41.63500366568718 6.1
      vertex 31.664509961015913 41.63500366568718 8.1
    endloop
  endfacet
  facet normal 0.5620833778521296 -0.8270805742745625 0
    outer loop
      vertex 31.664509961015913 41.63500366568718 6.1
      vertex 31.98145655062812 41.85040034556229 6.1
      vertex 31.98145655062812 41.85040034556229 8.1
    endloop
  endfacet
  facet normal 0.5090414157503687 -0.8607420270039453 0
    outer loop
      vertex 31.98145655062812 41.85040034556229 6.1
      vertex 32.31130258797954 42.04547074826757 6.1
      vertex 32.31130258797954 42.04547074826757 8.1
    endloop
  endfacet
  facet normal 0.4539904997395483 -0.891006524188367 0
    outer loop
      vertex 32.31130258797954 42.04547074826757 6.1
      vertex 32.65274632145306 42.21944502004272 6.1
      vertex 32.65274632145306 42.21944502004272 8.1
    endloop
  endfacet
  facet normal 0.39714789063478595 -0.9177546256839788 0
    outer loop
      vertex 32.65274632145306 42.21944502004272 6.1
      vertex 33.004440228623466 42.37163656391834 6.1
      vertex 33.004440228623466 42.37163656391834 8.1
    endloop
  endfacet
  facet normal 0.3387379202452965 -0.9408807689542237 0
    outer loop
      vertex 33.004440228623466 42.37163656391834 6.1
      vertex 33.36499633431282 42.50144474940044 6.1
      vertex 33.36499633431282 42.50144474940044 8.1
    endloop
  endfacet
  facet normal 0.27899110603923 -0.9602936856769428 0
    outer loop
      vertex 33.36499633431282 42.50144474940044 6.1
      vertex 33.73299168829438 42.608357282884654 6.1
      vertex 33.73299168829438 42.608357282884654 8.1
    endloop
  endfacet
  facet normal 0.2181432413965457 -0.9759167619387467 0
    outer loop
      vertex 33.73299168829438 42.608357282884654 6.1
      vertex 34.10697398102708 42.69195222944501 6.1
      vertex 34.10697398102708 42.69195222944501 8.1
    endloop
  endfacet
  facet normal 0.15643446504022365 -0.9876883405951389 0
    outer loop
      vertex 34.10697398102708 42.69195222944501 6.1
      vertex 34.48546727525775 42.75189967801832 6.1
      vertex 34.48546727525775 42.75189967801832 8.1
    endloop
  endfacet
  facet normal 0.0941083133185164 -0.9955619646030797 0
    outer loop
      vertex 34.48546727525775 42.75189967801832 6.1
      vertex 34.866977830871186 42.78796304341246 6.1
      vertex 34.866977830871186 42.78796304341246 8.1
    endloop
  endfacet
  facet normal 0.9602936856769404 0.2789911060392386 0
    outer loop
      vertex 29.448555250599565 34.81499633431282 6.1
      vertex 29.34164271711535 35.182991688294386 8.1
      vertex 29.448555250599565 34.81499633431282 8.1
    endloop
  endfacet
  facet normal 0.9876883405951374 0.1564344650402327 0
    outer loop
      vertex 29.258047770555 35.556973981027085 6.1
      vertex 29.198100321981684 35.93546727525775 8.1
      vertex 29.258047770555 35.556973981027085 8.1
    endloop
  endfacet
  facet normal 0.9759167619387488 0.2181432413965369 0
    outer loop
      vertex 29.34164271711535 35.182991688294386 6.1
      vertex 29.258047770555 35.556973981027085 8.1
      vertex 29.34164271711535 35.182991688294386 8.1
    endloop
  endfacet
  facet normal 0.860742027003938 0.5090414157503809 0
    outer loop
      vertex 30.09959965443771 33.43145655062813 6.1
      vertex 29.904529251732434 33.761302587979536 8.1
      vertex 30.09959965443771 33.43145655062813 8.1
    endloop
  endfacet
  facet normal 0.8910065241883708 0.4539904997395408 0
    outer loop
      vertex 29.904529251732434 33.761302587979536 6.1
      vertex 29.730554979957283 34.10274632145306 8.1
      vertex 29.904529251732434 33.761302587979536 8.1
    endloop
  endfacet
  facet normal 0.7901550123756876 0.6129070536529801 0
    outer loop
      vertex 30.549869219067684 32.811713662532995 6.1
      vertex 30.31499633431282 33.11450996101591 8.1
      vertex 30.549869219067684 32.811713662532995 8.1
    endloop
  endfacet
  facet normal 0.8270805742745727 0.5620833778521147 0
    outer loop
      vertex 30.31499633431282 33.11450996101591 6.1
      vertex 30.09959965443771 33.43145655062813 8.1
      vertex 30.31499633431282 33.11450996101591 8.1
    endloop
  endfacet
  facet normal 0.9177546256839788 0.39714789063478595 0
    outer loop
      vertex 29.730554979957283 34.10274632145306 6.1
      vertex 29.578363436081666 34.45444022862347 8.1
      vertex 29.730554979957283 34.10274632145306 8.1
    endloop
  endfacet
  facet normal 0.9408807689542266 0.3387379202452882 0
    outer loop
      vertex 29.578363436081666 34.45444022862347 6.1
      vertex 29.448555250599565 34.81499633431282 8.1
      vertex 29.578363436081666 34.45444022862347 8.1
    endloop
  endfacet
  facet normal 0.9955619646030797 0.0941083133185164 0
    outer loop
      vertex 29.198100321981684 35.93546727525775 6.1
      vertex 29.162036956587542 36.31697783087119 8.1
      vertex 29.198100321981684 35.93546727525775 8.1
    endloop
  endfacet
  facet normal 0.9995065603657315 0.03141075907812828 0
    outer loop
      vertex 29.162036956587542 36.31697783087119 6.1
      vertex 29.15 36.7 8.1
      vertex 29.162036956587542 36.31697783087119 8.1
    endloop
  endfacet
  facet normal 0.9995065603657315 -0.03141075907812828 0
    outer loop
      vertex 29.15 36.7 6.1
      vertex 29.162036956587542 37.08302216912882 8.1
      vertex 29.15 36.7 8.1
    endloop
  endfacet
  facet normal 0.9955619646030797 -0.0941083133185164 0
    outer loop
      vertex 29.162036956587542 37.08302216912882 6.1
      vertex 29.198100321981684 37.464532724742256 8.1
      vertex 29.162036956587542 37.08302216912882 8.1
    endloop
  endfacet
  facet normal 0.9876883405951374 -0.1564344650402327 0
    outer loop
      vertex 29.198100321981684 37.464532724742256 6.1
      vertex 29.258047770555 37.84302601897292 8.1
      vertex 29.198100321981684 37.464532724742256 8.1
    endloop
  endfacet
  facet normal 0.9759167619387488 -0.2181432413965369 0
    outer loop
      vertex 29.258047770555 37.84302601897292 6.1
      vertex 29.34164271711535 38.21700831170562 8.1
      vertex 29.258047770555 37.84302601897292 8.1
    endloop
  endfacet
  facet normal 0.9602936856769404 -0.2789911060392386 0
    outer loop
      vertex 29.34164271711535 38.21700831170562 6.1
      vertex 29.448555250599565 38.58500366568718 8.1
      vertex 29.34164271711535 38.21700831170562 8.1
    endloop
  endfacet
  facet normal 0.9408807689542266 -0.3387379202452882 0
    outer loop
      vertex 29.448555250599565 38.58500366568718 6.1
      vertex 29.578363436081666 38.94555977137654 8.1
      vertex 29.448555250599565 38.58500366568718 8.1
    endloop
  endfacet
  facet normal 0.9177546256839788 -0.39714789063478595 0
    outer loop
      vertex 29.578363436081666 38.94555977137654 6.1
      vertex 29.730554979957283 39.297253678546944 8.1
      vertex 29.578363436081666 38.94555977137654 8.1
    endloop
  endfacet
  facet normal 0.8910065241883708 -0.4539904997395408 0
    outer loop
      vertex 29.730554979957283 39.297253678546944 6.1
      vertex 29.904529251732434 39.63869741202047 8.1
      vertex 29.730554979957283 39.297253678546944 8.1
    endloop
  endfacet
  facet normal 0.8607420270039428 -0.5090414157503726 0
    outer loop
      vertex 29.904529251732434 39.63869741202047 6.1
      vertex 30.09959965443771 39.968543449371886 8.1
      vertex 29.904529251732434 39.63869741202047 8.1
    endloop
  endfacet
  facet normal 0.8270805742745609 -0.5620833778521319 0
    outer loop
      vertex 30.09959965443771 39.968543449371886 6.1
      vertex 30.31499633431282 40.285490038984086 8.1
      vertex 30.09959965443771 39.968543449371886 8.1
    endloop
  endfacet
  facet normal 0.7901550123756945 -0.612907053652971 0
    outer loop
      vertex 30.31499633431282 40.285490038984086 6.1
      vertex 30.549869219067684 40.58828633746701 8.1
      vertex 30.31499633431282 40.285490038984086 8.1
    endloop
  endfacet
  facet normal 0.6613118653236565 0.7501110696304556 0
    outer loop
      vertex 31.361713662532992 31.999869219067687 6.1
      vertex 31.074262653835 32.25329137272939 8.1
      vertex 31.361713662532992 31.999869219067687 8.1
    endloop
  endfacet
  facet normal 0.6129070536529756 0.7901550123756911 0
    outer loop
      vertex 31.664509961015913 31.764996334312823 6.1
      vertex 31.361713662532992 31.999869219067687 8.1
      vertex 31.664509961015913 31.764996334312823 8.1
    endloop
  endfacet
  facet normal 0.5620833778521233 0.8270805742745668 0
    outer loop
      vertex 31.98145655062812 31.549599654437714 6.1
      vertex 31.664509961015913 31.764996334312823 8.1
      vertex 31.98145655062812 31.549599654437714 8.1
    endloop
  endfacet
  facet normal 0.5090414157503687 0.8607420270039453 0
    outer loop
      vertex 32.31130258797954 31.354529251732437 6.1
      vertex 31.98145655062812 31.549599654437714 8.1
      vertex 32.31130258797954 31.354529251732437 8.1
    endloop
  endfacet
  facet normal 0.4539904997395483 0.891006524188367 0
    outer loop
      vertex 32.65274632145306 31.180554979957286 6.1
      vertex 32.31130258797954 31.354529251732437 8.1
      vertex 32.65274632145306 31.180554979957286 8.1
    endloop
  endfacet
  facet normal 0.7501110696304556 0.6613118653236565 0
    outer loop
      vertex 30.80329137272939 32.524262653835 6.1
      vertex 30.549869219067684 32.811713662532995 8.1
      vertex 30.80329137272939 32.524262653835 8.1
    endloop
  endfacet
  facet normal 0.7071067811865476 0.7071067811865476 0
    outer loop
      vertex 31.074262653835 32.25329137272939 6.1
      vertex 30.80329137272939 32.524262653835 8.1
      vertex 31.074262653835 32.25329137272939 8.1
    endloop
  endfacet
  facet normal 0.39714789063478595 0.9177546256839788 0
    outer loop
      vertex 33.004440228623466 31.02836343608167 6.1
      vertex 32.65274632145306 31.180554979957286 8.1
      vertex 33.004440228623466 31.02836343608167 8.1
    endloop
  endfacet
  facet normal 0.3387379202452882 0.9408807689542266 0
    outer loop
      vertex 33.36499633431282 30.898555250599568 6.1
      vertex 33.004440228623466 31.02836343608167 8.1
      vertex 33.36499633431282 30.898555250599568 8.1
    endloop
  endfacet
  facet normal 0.2789911060392386 0.9602936856769404 0
    outer loop
      vertex 33.73299168829438 30.79164271711535 6.1
      vertex 33.36499633431282 30.898555250599568 8.1
      vertex 33.73299168829438 30.79164271711535 8.1
    endloop
  endfacet
  facet normal 0.2181432413965369 0.9759167619387488 0
    outer loop
      vertex 34.10697398102708 30.708047770555 6.1
      vertex 33.73299168829438 30.79164271711535 8.1
      vertex 34.10697398102708 30.708047770555 8.1
    endloop
  endfacet
  facet normal 0.1564344650402327 0.9876883405951374 0
    outer loop
      vertex 34.48546727525775 30.648100321981687 6.1
      vertex 34.10697398102708 30.708047770555 8.1
      vertex 34.48546727525775 30.648100321981687 8.1
    endloop
  endfacet
  facet normal 0.0941083133185164 0.9955619646030797 0
    outer loop
      vertex 34.866977830871186 30.612036956587545 6.1
      vertex 34.48546727525775 30.648100321981687 8.1
      vertex 34.866977830871186 30.612036956587545 8.1
    endloop
  endfacet
  facet normal 0.7501110696304556 -0.6613118653236565 0
    outer loop
      vertex 30.549869219067684 40.58828633746701 6.1
      vertex 30.80329137272939 40.875737346165 8.1
      vertex 30.549869219067684 40.58828633746701 8.1
    endloop
  endfacet
  facet normal 0.7071067811865476 -0.7071067811865476 0
    outer loop
      vertex 30.80329137272939 40.875737346165 6.1
      vertex 31.074262653835 41.14670862727061 8.1
      vertex 30.80329137272939 40.875737346165 8.1
    endloop
  endfacet
  facet normal 0.6613118653236512 -0.75011106963046 0
    outer loop
      vertex 31.074262653835 41.14670862727061 6.1
      vertex 31.361713662532992 41.400130780932315 8.1
      vertex 31.074262653835 41.14670862727061 8.1
    endloop
  endfacet
  facet normal 0.6129070536529756 -0.7901550123756911 0
    outer loop
      vertex 31.361713662532992 41.400130780932315 6.1
      vertex 31.664509961015913 41.63500366568718 8.1
      vertex 31.361713662532992 41.400130780932315 8.1
    endloop
  endfacet
  facet normal 0.5620833778521296 -0.8270805742745625 0
    outer loop
      vertex 31.664509961015913 41.63500366568718 6.1
      vertex 31.98145655062812 41.85040034556229 8.1
      vertex 31.664509961015913 41.63500366568718 8.1
    endloop
  endfacet
  facet normal 0.5090414157503687 -0.8607420270039453 0
    outer loop
      vertex 31.98145655062812 41.85040034556229 6.1
      vertex 32.31130258797954 42.04547074826757 8.1
      vertex 31.98145655062812 41.85040034556229 8.1
    endloop
  endfacet
  facet normal 0.4539904997395483 -0.891006524188367 0
    outer loop
      vertex 32.31130258797954 42.04547074826757 6.1
      vertex 32.65274632145306 42.21944502004272 8.1
      vertex 32.31130258797954 42.04547074826757 8.1
    endloop
  endfacet
  facet normal 0.39714789063478595 -0.9177546256839788 0
    outer loop
      vertex 32.65274632145306 42.21944502004272 6.1
      vertex 33.004440228623466 42.37163656391834 8.1
      vertex 32.65274632145306 42.21944502004272 8.1
    endloop
  endfacet
  facet normal 0.3387379202452965 -0.9408807689542237 0
    outer loop
      vertex 33.004440228623466 42.37163656391834 6.1
      vertex 33.36499633431282 42.50144474940044 8.1
      vertex 33.004440228623466 42.37163656391834 8.1
    endloop
  endfacet
  facet normal 0.27899110603923 -0.9602936856769428 0
    outer loop
      vertex 33.36499633431282 42.50144474940044 6.1
      vertex 33.73299168829438 42.608357282884654 8.1
      vertex 33.36499633431282 42.50144474940044 8.1
    endloop
  endfacet
  facet normal 0.2181432413965457 -0.9759167619387467 0
    outer loop
      vertex 33.73299168829438 42.608357282884654 6.1
      vertex 34.10697398102708 42.69195222944501 8.1
      vertex 33.73299168829438 42.608357282884654 8.1
    endloop
  endfacet
  facet normal 0.15643446504022365 -0.9876883405951389 0
    outer loop
      vertex 34.10697398102708 42.69195222944501 6.1
      vertex 34.48546727525775 42.75189967801832 8.1
      vertex 34.10697398102708 42.69195222944501 8.1
    endloop
  endfacet
  facet normal 0.0941083133185164 -0.9955619646030797 0
    outer loop
      vertex 34.48546727525775 42.75189967801832 6.1
      vertex 34.866977830871186 42.78796304341246 8.1
      vertex 34.48546727525775 42.75189967801832 8.1
    endloop
  endfacet
  facet normal 0.03141075907812828 -0.9995065603657315 0
    outer loop
      vertex 34.866977830871186 42.78796304341246 6.1
      vertex 35.25 42.800000000000004 8.1
      vertex 34.866977830871186 42.78796304341246 8.1
    endloop
  endfacet
  facet normal -0.03141075907812828 0.9995065603657315 0
    outer loop
      vertex 35.25 30.6 6.1
      vertex 35.25 30.6 8.1
      vertex 35.633022169128814 30.612036956587545 6.1
    endloop
  endfacet
  facet normal -0.0941083133185164 0.9955619646030797 0
    outer loop
      vertex 35.633022169128814 30.612036956587545 6.1
      vertex 35.633022169128814 30.612036956587545 8.1
      vertex 36.01453272474225 30.648100321981687 6.1
    endloop
  endfacet
  facet normal -0.1564344650402327 0.9876883405951374 0
    outer loop
      vertex 36.01453272474225 30.648100321981687 6.1
      vertex 36.01453272474225 30.648100321981687 8.1
      vertex 36.39302601897292 30.708047770555 6.1
    endloop
  endfacet
  facet normal -0.21814324139654082 0.9759167619387478 0
    outer loop
      vertex 36.39302601897292 30.708047770555 6.1
      vertex 36.39302601897292 30.708047770555 8.1
      vertex 36.76700831170561 30.79164271711535 6.1
    endloop
  endfacet
  facet normal -0.27899110603923366 0.9602936856769418 0
    outer loop
      vertex 36.76700831170561 30.79164271711535 6.1
      vertex 36.76700831170561 30.79164271711535 8.1
      vertex 37.13500366568718 30.898555250599568 6.1
    endloop
  endfacet
  facet normal -0.3387379202452882 0.9408807689542266 0
    outer loop
      vertex 37.13500366568718 30.898555250599568 6.1
      vertex 37.13500366568718 30.898555250599568 8.1
      vertex 37.495559771376534 31.02836343608167 6.1
    endloop
  endfacet
  facet normal -0.39714789063478595 0.9177546256839788 0
    outer loop
      vertex 37.495559771376534 31.02836343608167 6.1
      vertex 37.495559771376534 31.02836343608167 8.1
      vertex 37.84725367854694 31.180554979957286 6.1
    endloop
  endfacet
  facet normal -0.4539904997395408 0.8910065241883708 0
    outer loop
      vertex 37.84725367854694 31.180554979957286 6.1
      vertex 37.84725367854694 31.180554979957286 8.1
      vertex 38.18869741202047 31.354529251732437 6.1
    endloop
  endfacet
  facet normal -0.509041415750374 0.8607420270039421 0
    outer loop
      vertex 38.18869741202047 31.354529251732437 6.1
      vertex 38.18869741202047 31.354529251732437 8.1
      vertex 38.518543449371876 31.54959965443771 6.1
    endloop
  endfacet
  facet normal -0.5620833778521296 0.8270805742745625 0
    outer loop
      vertex 38.518543449371876 31.54959965443771 6.1
      vertex 38.518543449371876 31.54959965443771 8.1
      vertex 38.835490038984084 31.764996334312823 6.1
    endloop
  endfacet
  facet normal -0.6129070536529768 0.79015501237569 0
    outer loop
      vertex 38.835490038984084 31.764996334312823 6.1
      vertex 38.835490038984084 31.764996334312823 8.1
      vertex 39.13828633746701 31.99986921906769 6.1
    endloop
  endfacet
  facet normal -0.6613118653236512 0.75011106963046 0
    outer loop
      vertex 39.13828633746701 31.99986921906769 6.1
      vertex 39.13828633746701 31.99986921906769 8.1
      vertex 39.425737346165 32.25329137272939 6.1
    endloop
  endfacet
  facet normal 0.03141075907812828 -0.9995065603657315 0
    outer loop
      vertex 34.866977830871186 42.78796304341246 6.1
      vertex 35.25 42.800000000000004 6.1
      vertex 35.25 42.800000000000004 8.1
    endloop
  endfacet
  facet normal -0.03141075907812828 -0.9995065603657315 0
    outer loop
      vertex 35.25 42.800000000000004 6.1
      vertex 35.633022169128814 42.78796304341246 6.1
      vertex 35.633022169128814 42.78796304341246 8.1
    endloop
  endfacet
  facet normal -0.0941083133185164 -0.9955619646030797 0
    outer loop
      vertex 35.633022169128814 42.78796304341246 6.1
      vertex 36.01453272474225 42.75189967801832 6.1
      vertex 36.01453272474225 42.75189967801832 8.1
    endloop
  endfacet
  facet normal -0.15643446504022365 -0.9876883405951389 0
    outer loop
      vertex 36.01453272474225 42.75189967801832 6.1
      vertex 36.39302601897292 42.69195222944501 6.1
      vertex 36.39302601897292 42.69195222944501 8.1
    endloop
  endfacet
  facet normal -0.2181432413965457 -0.9759167619387467 0
    outer loop
      vertex 36.39302601897292 42.69195222944501 6.1
      vertex 36.76700831170562 42.608357282884654 6.1
      vertex 36.76700831170562 42.608357282884654 8.1
    endloop
  endfacet
  facet normal -0.27899110603923 -0.9602936856769428 0
    outer loop
      vertex 36.76700831170562 42.608357282884654 6.1
      vertex 37.13500366568718 42.50144474940044 6.1
      vertex 37.13500366568718 42.50144474940044 8.1
    endloop
  endfacet
  facet normal -0.3387379202452965 -0.9408807689542237 0
    outer loop
      vertex 37.13500366568718 42.50144474940044 6.1
      vertex 37.495559771376534 42.37163656391834 6.1
      vertex 37.495559771376534 42.37163656391834 8.1
    endloop
  endfacet
  facet normal -0.39714789063478595 -0.9177546256839788 0
    outer loop
      vertex 37.495559771376534 42.37163656391834 6.1
      vertex 37.84725367854694 42.21944502004272 6.1
      vertex 37.84725367854694 42.21944502004272 8.1
    endloop
  endfacet
  facet normal -0.4539904997395483 -0.891006524188367 0
    outer loop
      vertex 37.84725367854694 42.21944502004272 6.1
      vertex 38.18869741202046 42.04547074826757 6.1
      vertex 38.18869741202046 42.04547074826757 8.1
    endloop
  endfacet
  facet normal -0.6613118653236512 -0.75011106963046 0
    outer loop
      vertex 39.13828633746701 41.400130780932315 6.1
      vertex 39.425737346165 41.14670862727061 6.1
      vertex 39.425737346165 41.14670862727061 8.1
    endloop
  endfacet
  facet normal -0.5090414157503726 -0.8607420270039428 0
    outer loop
      vertex 38.18869741202046 42.04547074826757 6.1
      vertex 38.518543449371876 41.85040034556229 6.1
      vertex 38.518543449371876 41.85040034556229 8.1
    endloop
  endfacet
  facet normal -0.5620833778521296 -0.8270805742745625 0
    outer loop
      vertex 38.518543449371876 41.85040034556229 6.1
      vertex 38.835490038984084 41.63500366568718 6.1
      vertex 38.835490038984084 41.63500366568718 8.1
    endloop
  endfacet
  facet normal -0.612907053652971 -0.7901550123756945 0
    outer loop
      vertex 39.13828633746701 41.400130780932315 6.1
      vertex 39.13828633746701 41.400130780932315 8.1
      vertex 38.835490038984084 41.63500366568718 6.1
    endloop
  endfacet
  facet normal -0.7071067811865476 0.7071067811865476 0
    outer loop
      vertex 39.425737346165 32.25329137272939 6.1
      vertex 39.425737346165 32.25329137272939 8.1
      vertex 39.69670862727061 32.524262653835 6.1
    endloop
  endfacet
  facet normal -0.75011106963046 0.6613118653236512 0
    outer loop
      vertex 39.69670862727061 32.524262653835 6.1
      vertex 39.69670862727061 32.524262653835 8.1
      vertex 39.95013078093231 32.811713662532995 6.1
    endloop
  endfacet
  facet normal -0.7901550123756876 0.6129070536529801 0
    outer loop
      vertex 39.95013078093231 32.811713662532995 6.1
      vertex 39.95013078093231 32.811713662532995 8.1
      vertex 40.18500366568718 33.11450996101591 6.1
    endloop
  endfacet
  facet normal -0.8270805742745684 0.562083377852121 0
    outer loop
      vertex 40.18500366568718 33.11450996101591 6.1
      vertex 40.18500366568718 33.11450996101591 8.1
      vertex 40.40040034556229 33.43145655062813 6.1
    endloop
  endfacet
  facet normal -0.860742027003938 0.5090414157503809 0
    outer loop
      vertex 40.40040034556229 33.43145655062813 6.1
      vertex 40.40040034556229 33.43145655062813 8.1
      vertex 40.595470748267566 33.761302587979536 6.1
    endloop
  endfacet
  facet normal -0.8910065241883708 0.4539904997395408 0
    outer loop
      vertex 40.595470748267566 33.761302587979536 6.1
      vertex 40.595470748267566 33.761302587979536 8.1
      vertex 40.76944502004272 34.10274632145306 6.1
    endloop
  endfacet
  facet normal -0.9177546256839788 0.39714789063478595 0
    outer loop
      vertex 40.76944502004272 34.10274632145306 6.1
      vertex 40.76944502004272 34.10274632145306 8.1
      vertex 40.921636563918334 34.45444022862347 6.1
    endloop
  endfacet
  facet normal -0.9408807689542237 0.3387379202452965 0
    outer loop
      vertex 40.921636563918334 34.45444022862347 6.1
      vertex 40.921636563918334 34.45444022862347 8.1
      vertex 41.05144474940044 34.81499633431282 6.1
    endloop
  endfacet
  facet normal -0.9602936856769443 0.27899110603922506 0
    outer loop
      vertex 41.05144474940044 34.81499633431282 6.1
      vertex 41.05144474940044 34.81499633431282 8.1
      vertex 41.15835728288465 35.18299168829439 6.1
    endloop
  endfacet
  facet normal -0.9759167619387498 0.218143241396532 0
    outer loop
      vertex 41.15835728288465 35.18299168829439 6.1
      vertex 41.15835728288465 35.18299168829439 8.1
      vertex 41.241952229445 35.556973981027085 6.1
    endloop
  endfacet
  facet normal -0.987688340595136 0.15643446504024172 0
    outer loop
      vertex 41.241952229445 35.556973981027085 6.1
      vertex 41.241952229445 35.556973981027085 8.1
      vertex 41.301899678018316 35.93546727525775 6.1
    endloop
  endfacet
  facet normal -0.9955619646030797 0.0941083133185164 0
    outer loop
      vertex 41.301899678018316 35.93546727525775 6.1
      vertex 41.301899678018316 35.93546727525775 8.1
      vertex 41.33796304341246 36.31697783087119 6.1
    endloop
  endfacet
  facet normal -0.9995065603657315 0.03141075907812828 0
    outer loop
      vertex 41.33796304341246 36.31697783087119 6.1
      vertex 41.33796304341246 36.31697783087119 8.1
      vertex 41.35 36.7 6.1
    endloop
  endfacet
  facet normal -0.9876883405951389 -0.15643446504022365 0
    outer loop
      vertex 41.301899678018316 37.464532724742256 6.1
      vertex 41.301899678018316 37.464532724742256 8.1
      vertex 41.241952229445005 37.84302601897292 6.1
    endloop
  endfacet
  facet normal -0.9995065603657315 -0.03141075907812828 0
    outer loop
      vertex 41.35 36.7 6.1
      vertex 41.35 36.7 8.1
      vertex 41.33796304341246 37.08302216912882 6.1
    endloop
  endfacet
  facet normal -0.9955619646030797 -0.0941083133185164 0
    outer loop
      vertex 41.33796304341246 37.08302216912882 6.1
      vertex 41.33796304341246 37.08302216912882 8.1
      vertex 41.301899678018316 37.464532724742256 6.1
    endloop
  endfacet
  facet normal -0.891006524188367 -0.4539904997395483 0
    outer loop
      vertex 40.595470748267566 39.63869741202046 6.1
      vertex 40.76944502004272 39.297253678546944 6.1
      vertex 40.76944502004272 39.297253678546944 8.1
    endloop
  endfacet
  facet normal -0.9408807689542237 -0.3387379202452965 0
    outer loop
      vertex 41.05144474940044 38.58500366568718 6.1
      vertex 41.05144474940044 38.58500366568718 8.1
      vertex 40.921636563918334 38.94555977137654 6.1
    endloop
  endfacet
  facet normal -0.9177546256839788 -0.39714789063478595 0
    outer loop
      vertex 40.76944502004272 39.297253678546944 6.1
      vertex 40.921636563918334 38.94555977137654 6.1
      vertex 40.921636563918334 38.94555977137654 8.1
    endloop
  endfacet
  facet normal -0.9759167619387467 -0.2181432413965457 0
    outer loop
      vertex 41.15835728288465 38.21700831170562 6.1
      vertex 41.241952229445005 37.84302601897292 6.1
      vertex 41.241952229445005 37.84302601897292 8.1
    endloop
  endfacet
  facet normal -0.9602936856769428 -0.27899110603923 0
    outer loop
      vertex 41.15835728288465 38.21700831170562 6.1
      vertex 41.15835728288465 38.21700831170562 8.1
      vertex 41.05144474940044 38.58500366568718 6.1
    endloop
  endfacet
  facet normal -0.7071067811865476 -0.7071067811865476 0
    outer loop
      vertex 39.425737346165 41.14670862727061 6.1
      vertex 39.69670862727061 40.875737346165 6.1
      vertex 39.69670862727061 40.875737346165 8.1
    endloop
  endfacet
  facet normal -0.75011106963046 -0.6613118653236512 0
    outer loop
      vertex 39.69670862727061 40.875737346165 6.1
      vertex 39.95013078093231 40.58828633746701 6.1
      vertex 39.95013078093231 40.58828633746701 8.1
    endloop
  endfacet
  facet normal -0.8270805742745625 -0.5620833778521296 0
    outer loop
      vertex 40.18500366568718 40.285490038984086 6.1
      vertex 40.40040034556229 39.96854344937188 6.1
      vertex 40.40040034556229 39.96854344937188 8.1
    endloop
  endfacet
  facet normal -0.7901550123756945 -0.612907053652971 0
    outer loop
      vertex 39.95013078093231 40.58828633746701 6.1
      vertex 40.18500366568718 40.285490038984086 6.1
      vertex 40.18500366568718 40.285490038984086 8.1
    endloop
  endfacet
  facet normal -0.8607420270039428 -0.5090414157503726 0
    outer loop
      vertex 40.40040034556229 39.96854344937188 6.1
      vertex 40.595470748267566 39.63869741202046 6.1
      vertex 40.595470748267566 39.63869741202046 8.1
    endloop
  endfacet
  facet normal 0.03141075907812828 0.9995065603657315 0
    outer loop
      vertex 35.25 30.6 6.1
      vertex 34.866977830871186 30.612036956587545 8.1
      vertex 35.25 30.6 8.1
    endloop
  endfacet
  facet normal -0.03141075907812828 0.9995065603657315 0
    outer loop
      vertex 35.633022169128814 30.612036956587545 6.1
      vertex 35.25 30.6 8.1
      vertex 35.633022169128814 30.612036956587545 8.1
    endloop
  endfacet
  facet normal -0.0941083133185164 0.9955619646030797 0
    outer loop
      vertex 36.01453272474225 30.648100321981687 6.1
      vertex 35.633022169128814 30.612036956587545 8.1
      vertex 36.01453272474225 30.648100321981687 8.1
    endloop
  endfacet
  facet normal -0.1564344650402327 0.9876883405951374 0
    outer loop
      vertex 36.39302601897292 30.708047770555 6.1
      vertex 36.01453272474225 30.648100321981687 8.1
      vertex 36.39302601897292 30.708047770555 8.1
    endloop
  endfacet
  facet normal -0.21814324139654082 0.9759167619387478 0
    outer loop
      vertex 36.76700831170561 30.79164271711535 6.1
      vertex 36.39302601897292 30.708047770555 8.1
      vertex 36.76700831170561 30.79164271711535 8.1
    endloop
  endfacet
  facet normal -0.27899110603923366 0.9602936856769418 0
    outer loop
      vertex 37.13500366568718 30.898555250599568 6.1
      vertex 36.76700831170561 30.79164271711535 8.1
      vertex 37.13500366568718 30.898555250599568 8.1
    endloop
  endfacet
  facet normal -0.3387379202452882 0.9408807689542266 0
    outer loop
      vertex 37.495559771376534 31.02836343608167 6.1
      vertex 37.13500366568718 30.898555250599568 8.1
      vertex 37.495559771376534 31.02836343608167 8.1
    endloop
  endfacet
  facet normal -0.39714789063478595 0.9177546256839788 0
    outer loop
      vertex 37.84725367854694 31.180554979957286 6.1
      vertex 37.495559771376534 31.02836343608167 8.1
      vertex 37.84725367854694 31.180554979957286 8.1
    endloop
  endfacet
  facet normal -0.4539904997395408 0.8910065241883708 0
    outer loop
      vertex 38.18869741202047 31.354529251732437 6.1
      vertex 37.84725367854694 31.180554979957286 8.1
      vertex 38.18869741202047 31.354529251732437 8.1
    endloop
  endfacet
  facet normal -0.509041415750374 0.8607420270039421 0
    outer loop
      vertex 38.518543449371876 31.54959965443771 6.1
      vertex 38.18869741202047 31.354529251732437 8.1
      vertex 38.518543449371876 31.54959965443771 8.1
    endloop
  endfacet
  facet normal -0.5620833778521296 0.8270805742745625 0
    outer loop
      vertex 38.835490038984084 31.764996334312823 6.1
      vertex 38.518543449371876 31.54959965443771 8.1
      vertex 38.835490038984084 31.764996334312823 8.1
    endloop
  endfacet
  facet normal -0.6129070536529768 0.79015501237569 0
    outer loop
      vertex 39.13828633746701 31.99986921906769 6.1
      vertex 38.835490038984084 31.764996334312823 8.1
      vertex 39.13828633746701 31.99986921906769 8.1
    endloop
  endfacet
  facet normal -0.6613118653236512 0.75011106963046 0
    outer loop
      vertex 39.425737346165 32.25329137272939 6.1
      vertex 39.13828633746701 31.99986921906769 8.1
      vertex 39.425737346165 32.25329137272939 8.1
    endloop
  endfacet
  facet normal -0.03141075907812828 -0.9995065603657315 0
    outer loop
      vertex 35.25 42.800000000000004 6.1
      vertex 35.633022169128814 42.78796304341246 8.1
      vertex 35.25 42.800000000000004 8.1
    endloop
  endfacet
  facet normal -0.0941083133185164 -0.9955619646030797 0
    outer loop
      vertex 35.633022169128814 42.78796304341246 6.1
      vertex 36.01453272474225 42.75189967801832 8.1
      vertex 35.633022169128814 42.78796304341246 8.1
    endloop
  endfacet
  facet normal -0.15643446504022365 -0.9876883405951389 0
    outer loop
      vertex 36.01453272474225 42.75189967801832 6.1
      vertex 36.39302601897292 42.69195222944501 8.1
      vertex 36.01453272474225 42.75189967801832 8.1
    endloop
  endfacet
  facet normal -0.2181432413965457 -0.9759167619387467 0
    outer loop
      vertex 36.39302601897292 42.69195222944501 6.1
      vertex 36.76700831170562 42.608357282884654 8.1
      vertex 36.39302601897292 42.69195222944501 8.1
    endloop
  endfacet
  facet normal -0.27899110603923 -0.9602936856769428 0
    outer loop
      vertex 36.76700831170562 42.608357282884654 6.1
      vertex 37.13500366568718 42.50144474940044 8.1
      vertex 36.76700831170562 42.608357282884654 8.1
    endloop
  endfacet
  facet normal -0.3387379202452965 -0.9408807689542237 0
    outer loop
      vertex 37.13500366568718 42.50144474940044 6.1
      vertex 37.495559771376534 42.37163656391834 8.1
      vertex 37.13500366568718 42.50144474940044 8.1
    endloop
  endfacet
  facet normal -0.39714789063478595 -0.9177546256839788 0
    outer loop
      vertex 37.495559771376534 42.37163656391834 6.1
      vertex 37.84725367854694 42.21944502004272 8.1
      vertex 37.495559771376534 42.37163656391834 8.1
    endloop
  endfacet
  facet normal -0.4539904997395483 -0.891006524188367 0
    outer loop
      vertex 37.84725367854694 42.21944502004272 6.1
      vertex 38.18869741202046 42.04547074826757 8.1
      vertex 37.84725367854694 42.21944502004272 8.1
    endloop
  endfacet
  facet normal -0.5090414157503726 -0.8607420270039428 0
    outer loop
      vertex 38.18869741202046 42.04547074826757 6.1
      vertex 38.518543449371876 41.85040034556229 8.1
      vertex 38.18869741202046 42.04547074826757 8.1
    endloop
  endfacet
  facet normal -0.5620833778521296 -0.8270805742745625 0
    outer loop
      vertex 38.518543449371876 41.85040034556229 6.1
      vertex 38.835490038984084 41.63500366568718 8.1
      vertex 38.518543449371876 41.85040034556229 8.1
    endloop
  endfacet
  facet normal -0.612907053652971 -0.7901550123756945 0
    outer loop
      vertex 38.835490038984084 41.63500366568718 6.1
      vertex 39.13828633746701 41.400130780932315 8.1
      vertex 38.835490038984084 41.63500366568718 8.1
    endloop
  endfacet
  facet normal -0.6613118653236512 -0.75011106963046 0
    outer loop
      vertex 39.13828633746701 41.400130780932315 6.1
      vertex 39.425737346165 41.14670862727061 8.1
      vertex 39.13828633746701 41.400130780932315 8.1
    endloop
  endfacet
  facet normal -0.7071067811865476 0.7071067811865476 0
    outer loop
      vertex 39.69670862727061 32.524262653835 6.1
      vertex 39.425737346165 32.25329137272939 8.1
      vertex 39.69670862727061 32.524262653835 8.1
    endloop
  endfacet
  facet normal -0.75011106963046 0.6613118653236512 0
    outer loop
      vertex 39.95013078093231 32.811713662532995 6.1
      vertex 39.69670862727061 32.524262653835 8.1
      vertex 39.95013078093231 32.811713662532995 8.1
    endloop
  endfacet
  facet normal -0.7901550123756876 0.6129070536529801 0
    outer loop
      vertex 40.18500366568718 33.11450996101591 6.1
      vertex 39.95013078093231 32.811713662532995 8.1
      vertex 40.18500366568718 33.11450996101591 8.1
    endloop
  endfacet
  facet normal -0.8270805742745684 0.562083377852121 0
    outer loop
      vertex 40.40040034556229 33.43145655062813 6.1
      vertex 40.18500366568718 33.11450996101591 8.1
      vertex 40.40040034556229 33.43145655062813 8.1
    endloop
  endfacet
  facet normal -0.860742027003938 0.5090414157503809 0
    outer loop
      vertex 40.595470748267566 33.761302587979536 6.1
      vertex 40.40040034556229 33.43145655062813 8.1
      vertex 40.595470748267566 33.761302587979536 8.1
    endloop
  endfacet
  facet normal -0.8910065241883708 0.4539904997395408 0
    outer loop
      vertex 40.76944502004272 34.10274632145306 6.1
      vertex 40.595470748267566 33.761302587979536 8.1
      vertex 40.76944502004272 34.10274632145306 8.1
    endloop
  endfacet
  facet normal -0.9177546256839788 0.39714789063478595 0
    outer loop
      vertex 40.921636563918334 34.45444022862347 6.1
      vertex 40.76944502004272 34.10274632145306 8.1
      vertex 40.921636563918334 34.45444022862347 8.1
    endloop
  endfacet
  facet normal -0.9408807689542237 0.3387379202452965 0
    outer loop
      vertex 41.05144474940044 34.81499633431282 6.1
      vertex 40.921636563918334 34.45444022862347 8.1
      vertex 41.05144474940044 34.81499633431282 8.1
    endloop
  endfacet
  facet normal -0.9602936856769443 0.27899110603922506 0
    outer loop
      vertex 41.15835728288465 35.18299168829439 6.1
      vertex 41.05144474940044 34.81499633431282 8.1
      vertex 41.15835728288465 35.18299168829439 8.1
    endloop
  endfacet
  facet normal -0.9759167619387498 0.218143241396532 0
    outer loop
      vertex 41.241952229445 35.556973981027085 6.1
      vertex 41.15835728288465 35.18299168829439 8.1
      vertex 41.241952229445 35.556973981027085 8.1
    endloop
  endfacet
  facet normal -0.987688340595136 0.15643446504024172 0
    outer loop
      vertex 41.301899678018316 35.93546727525775 6.1
      vertex 41.241952229445 35.556973981027085 8.1
      vertex 41.301899678018316 35.93546727525775 8.1
    endloop
  endfacet
  facet normal -0.9955619646030797 0.0941083133185164 0
    outer loop
      vertex 41.33796304341246 36.31697783087119 6.1
      vertex 41.301899678018316 35.93546727525775 8.1
      vertex 41.33796304341246 36.31697783087119 8.1
    endloop
  endfacet
  facet normal -0.9995065603657315 0.03141075907812828 0
    outer loop
      vertex 41.35 36.7 6.1
      vertex 41.33796304341246 36.31697783087119 8.1
      vertex 41.35 36.7 8.1
    endloop
  endfacet
  facet normal -0.9995065603657315 -0.03141075907812828 0
    outer loop
      vertex 41.33796304341246 37.08302216912882 6.1
      vertex 41.35 36.7 8.1
      vertex 41.33796304341246 37.08302216912882 8.1
    endloop
  endfacet
  facet normal -0.9955619646030797 -0.0941083133185164 0
    outer loop
      vertex 41.301899678018316 37.464532724742256 6.1
      vertex 41.33796304341246 37.08302216912882 8.1
      vertex 41.301899678018316 37.464532724742256 8.1
    endloop
  endfacet
  facet normal -0.9408807689542237 -0.3387379202452965 0
    outer loop
      vertex 40.921636563918334 38.94555977137654 6.1
      vertex 41.05144474940044 38.58500366568718 8.1
      vertex 40.921636563918334 38.94555977137654 8.1
    endloop
  endfacet
  facet normal -0.9177546256839788 -0.39714789063478595 0
    outer loop
      vertex 40.76944502004272 39.297253678546944 6.1
      vertex 40.921636563918334 38.94555977137654 8.1
      vertex 40.76944502004272 39.297253678546944 8.1
    endloop
  endfacet
  facet normal -0.9876883405951389 -0.15643446504022365 0
    outer loop
      vertex 41.241952229445005 37.84302601897292 6.1
      vertex 41.301899678018316 37.464532724742256 8.1
      vertex 41.241952229445005 37.84302601897292 8.1
    endloop
  endfacet
  facet normal -0.9759167619387467 -0.2181432413965457 0
    outer loop
      vertex 41.15835728288465 38.21700831170562 6.1
      vertex 41.241952229445005 37.84302601897292 8.1
      vertex 41.15835728288465 38.21700831170562 8.1
    endloop
  endfacet
  facet normal -0.9602936856769428 -0.27899110603923 0
    outer loop
      vertex 41.05144474940044 38.58500366568718 6.1
      vertex 41.15835728288465 38.21700831170562 8.1
      vertex 41.05144474940044 38.58500366568718 8.1
    endloop
  endfacet
  facet normal -0.7071067811865476 -0.7071067811865476 0
    outer loop
      vertex 39.425737346165 41.14670862727061 6.1
      vertex 39.69670862727061 40.875737346165 8.1
      vertex 39.425737346165 41.14670862727061 8.1
    endloop
  endfacet
  facet normal -0.75011106963046 -0.6613118653236512 0
    outer loop
      vertex 39.69670862727061 40.875737346165 6.1
      vertex 39.95013078093231 40.58828633746701 8.1
      vertex 39.69670862727061 40.875737346165 8.1
    endloop
  endfacet
  facet normal -0.8607420270039428 -0.5090414157503726 0
    outer loop
      vertex 40.40040034556229 39.96854344937188 6.1
      vertex 40.595470748267566 39.63869741202046 8.1
      vertex 40.40040034556229 39.96854344937188 8.1
    endloop
  endfacet
  facet normal -0.8270805742745625 -0.5620833778521296 0
    outer loop
      vertex 40.18500366568718 40.285490038984086 6.1
      vertex 40.40040034556229 39.96854344937188 8.1
      vertex 40.18500366568718 40.285490038984086 8.1
    endloop
  endfacet
  facet normal -0.7901550123756945 -0.612907053652971 0
    outer loop
      vertex 39.95013078093231 40.58828633746701 6.1
      vertex 40.18500366568718 40.285490038984086 8.1
      vertex 39.95013078093231 40.58828633746701 8.1
    endloop
  endfacet
  facet normal -0.891006524188367 -0.4539904997395483 0
    outer loop
      vertex 40.595470748267566 39.63869741202046 6.1
      vertex 40.76944502004272 39.297253678546944 8.1
      vertex 40.595470748267566 39.63869741202046 8.1
    endloop
  endfacet
  facet normal 0.8270805742745609 0.5620833778521319 0
    outer loop
      vertex 30.31499633431282 53.51450996101591 6.1
      vertex 30.09959965443771 53.83145655062811 6.1
      vertex 30.09959965443771 53.83145655062811 8.1
    endloop
  endfacet
  facet normal 0.7901550123756945 0.612907053652971 0
    outer loop
      vertex 30.31499633431282 53.51450996101591 6.1
      vertex 30.31499633431282 53.51450996101591 8.1
      vertex 30.549869219067684 53.211713662532986 6.1
    endloop
  endfacet
  facet normal 0.9408807689542266 0.3387379202452882 0
    outer loop
      vertex 29.448555250599565 55.214996334312815 6.1
      vertex 29.448555250599565 55.214996334312815 8.1
      vertex 29.578363436081666 54.85444022862346 6.1
    endloop
  endfacet
  facet normal 0.9602936856769404 0.2789911060392386 0
    outer loop
      vertex 29.34164271711535 55.58299168829438 6.1
      vertex 29.34164271711535 55.58299168829438 8.1
      vertex 29.448555250599565 55.214996334312815 6.1
    endloop
  endfacet
  facet normal 0.9876883405951374 0.1564344650402327 0
    outer loop
      vertex 29.258047770555 55.956973981027076 6.1
      vertex 29.198100321981684 56.33546727525774 6.1
      vertex 29.198100321981684 56.33546727525774 8.1
    endloop
  endfacet
  facet normal 0.9759167619387488 0.2181432413965369 0
    outer loop
      vertex 29.34164271711535 55.58299168829438 6.1
      vertex 29.258047770555 55.956973981027076 6.1
      vertex 29.258047770555 55.956973981027076 8.1
    endloop
  endfacet
  facet normal 0.9955619646030797 0.0941083133185164 0
    outer loop
      vertex 29.198100321981684 56.33546727525774 6.1
      vertex 29.162036956587542 56.71697783087118 6.1
      vertex 29.162036956587542 56.71697783087118 8.1
    endloop
  endfacet
  facet normal 0.9995065603657315 0.03141075907812828 0
    outer loop
      vertex 29.162036956587542 56.71697783087118 6.1
      vertex 29.15 57.099999999999994 6.1
      vertex 29.15 57.099999999999994 8.1
    endloop
  endfacet
  facet normal 0.9995065603657315 -0.03141075907812828 0
    outer loop
      vertex 29.15 57.099999999999994 6.1
      vertex 29.162036956587542 57.48302216912881 6.1
      vertex 29.162036956587542 57.48302216912881 8.1
    endloop
  endfacet
  facet normal 0.8910065241883708 0.4539904997395408 0
    outer loop
      vertex 29.904529251732434 54.16130258797953 6.1
      vertex 29.730554979957283 54.50274632145305 6.1
      vertex 29.730554979957283 54.50274632145305 8.1
    endloop
  endfacet
  facet normal 0.8607420270039428 0.5090414157503726 0
    outer loop
      vertex 29.904529251732434 54.16130258797953 6.1
      vertex 29.904529251732434 54.16130258797953 8.1
      vertex 30.09959965443771 53.83145655062811 6.1
    endloop
  endfacet
  facet normal 0.9177546256839788 0.39714789063478595 0
    outer loop
      vertex 29.730554979957283 54.50274632145305 6.1
      vertex 29.578363436081666 54.85444022862346 6.1
      vertex 29.578363436081666 54.85444022862346 8.1
    endloop
  endfacet
  facet normal 0.7071067811865476 0.7071067811865476 0
    outer loop
      vertex 31.074262653835 52.653291372729385 6.1
      vertex 30.80329137272939 52.924262653834994 6.1
      vertex 30.80329137272939 52.924262653834994 8.1
    endloop
  endfacet
  facet normal 0.6613118653236512 0.75011106963046 0
    outer loop
      vertex 31.074262653835 52.653291372729385 6.1
      vertex 31.074262653835 52.653291372729385 8.1
      vertex 31.361713662532992 52.39986921906768 6.1
    endloop
  endfacet
  facet normal 0.7501110696304556 0.6613118653236565 0
    outer loop
      vertex 30.549869219067684 53.211713662532986 6.1
      vertex 30.549869219067684 53.211713662532986 8.1
      vertex 30.80329137272939 52.924262653834994 6.1
    endloop
  endfacet
  facet normal 0.6129070536529756 0.7901550123756911 0
    outer loop
      vertex 31.361713662532992 52.39986921906768 6.1
      vertex 31.361713662532992 52.39986921906768 8.1
      vertex 31.664509961015913 52.16499633431282 6.1
    endloop
  endfacet
  facet normal 0.5090414157503687 0.8607420270039453 0
    outer loop
      vertex 32.31130258797954 51.75452925173243 6.1
      vertex 31.98145655062812 51.949599654437705 6.1
      vertex 31.98145655062812 51.949599654437705 8.1
    endloop
  endfacet
  facet normal 0.4539904997395483 0.891006524188367 0
    outer loop
      vertex 32.31130258797954 51.75452925173243 6.1
      vertex 32.31130258797954 51.75452925173243 8.1
      vertex 32.65274632145306 51.58055497995728 6.1
    endloop
  endfacet
  facet normal 0.39714789063478595 0.9177546256839788 0
    outer loop
      vertex 32.65274632145306 51.58055497995728 6.1
      vertex 32.65274632145306 51.58055497995728 8.1
      vertex 33.004440228623466 51.42836343608166 6.1
    endloop
  endfacet
  facet normal 0.5620833778521296 0.8270805742745625 0
    outer loop
      vertex 31.664509961015913 52.16499633431282 6.1
      vertex 31.664509961015913 52.16499633431282 8.1
      vertex 31.98145655062812 51.949599654437705 6.1
    endloop
  endfacet
  facet normal 0.3387379202452965 0.9408807689542237 0
    outer loop
      vertex 33.004440228623466 51.42836343608166 6.1
      vertex 33.004440228623466 51.42836343608166 8.1
      vertex 33.36499633431282 51.298555250599556 6.1
    endloop
  endfacet
  facet normal 0.27899110603923 0.9602936856769428 0
    outer loop
      vertex 33.36499633431282 51.298555250599556 6.1
      vertex 33.36499633431282 51.298555250599556 8.1
      vertex 33.73299168829438 51.19164271711534 6.1
    endloop
  endfacet
  facet normal 0.21814324139652805 0.9759167619387507 0
    outer loop
      vertex 33.73299168829438 51.19164271711534 6.1
      vertex 33.73299168829438 51.19164271711534 8.1
      vertex 34.10697398102708 51.108047770555 6.1
    endloop
  endfacet
  facet normal 0.15643446504024172 0.987688340595136 0
    outer loop
      vertex 34.10697398102708 51.108047770555 6.1
      vertex 34.10697398102708 51.108047770555 8.1
      vertex 34.48546727525775 51.04810032198168 6.1
    endloop
  endfacet
  facet normal 0.0941083133185164 0.9955619646030797 0
    outer loop
      vertex 34.48546727525775 51.04810032198168 6.1
      vertex 34.48546727525775 51.04810032198168 8.1
      vertex 34.866977830871186 51.01203695658754 6.1
    endloop
  endfacet
  facet normal 0.03141075907812828 0.9995065603657315 0
    outer loop
      vertex 34.866977830871186 51.01203695658754 6.1
      vertex 34.866977830871186 51.01203695658754 8.1
      vertex 35.25 50.99999999999999 6.1
    endloop
  endfacet
  facet normal 0.8270805742745609 0.5620833778521319 0
    outer loop
      vertex 30.31499633431282 53.51450996101591 6.1
      vertex 30.09959965443771 53.83145655062811 8.1
      vertex 30.31499633431282 53.51450996101591 8.1
    endloop
  endfacet
  facet normal 0.7901550123756945 0.612907053652971 0
    outer loop
      vertex 30.549869219067684 53.211713662532986 6.1
      vertex 30.31499633431282 53.51450996101591 8.1
      vertex 30.549869219067684 53.211713662532986 8.1
    endloop
  endfacet
  facet normal 0.9602936856769404 0.2789911060392386 0
    outer loop
      vertex 29.448555250599565 55.214996334312815 6.1
      vertex 29.34164271711535 55.58299168829438 8.1
      vertex 29.448555250599565 55.214996334312815 8.1
    endloop
  endfacet
  facet normal 0.9876883405951374 0.1564344650402327 0
    outer loop
      vertex 29.258047770555 55.956973981027076 6.1
      vertex 29.198100321981684 56.33546727525774 8.1
      vertex 29.258047770555 55.956973981027076 8.1
    endloop
  endfacet
  facet normal 0.9955619646030797 0.0941083133185164 0
    outer loop
      vertex 29.198100321981684 56.33546727525774 6.1
      vertex 29.162036956587542 56.71697783087118 8.1
      vertex 29.198100321981684 56.33546727525774 8.1
    endloop
  endfacet
  facet normal 0.9759167619387488 0.2181432413965369 0
    outer loop
      vertex 29.34164271711535 55.58299168829438 6.1
      vertex 29.258047770555 55.956973981027076 8.1
      vertex 29.34164271711535 55.58299168829438 8.1
    endloop
  endfacet
  facet normal 0.9995065603657315 0.03141075907812828 0
    outer loop
      vertex 29.162036956587542 56.71697783087118 6.1
      vertex 29.15 57.099999999999994 8.1
      vertex 29.162036956587542 56.71697783087118 8.1
    endloop
  endfacet
  facet normal 0.9995065603657315 -0.03141075907812828 0
    outer loop
      vertex 29.15 57.099999999999994 6.1
      vertex 29.162036956587542 57.48302216912881 8.1
      vertex 29.15 57.099999999999994 8.1
    endloop
  endfacet
  facet normal 0.9177546256839788 0.39714789063478595 0
    outer loop
      vertex 29.730554979957283 54.50274632145305 6.1
      vertex 29.578363436081666 54.85444022862346 8.1
      vertex 29.730554979957283 54.50274632145305 8.1
    endloop
  endfacet
  facet normal 0.8607420270039428 0.5090414157503726 0
    outer loop
      vertex 30.09959965443771 53.83145655062811 6.1
      vertex 29.904529251732434 54.16130258797953 8.1
      vertex 30.09959965443771 53.83145655062811 8.1
    endloop
  endfacet
  facet normal 0.8910065241883708 0.4539904997395408 0
    outer loop
      vertex 29.904529251732434 54.16130258797953 6.1
      vertex 29.730554979957283 54.50274632145305 8.1
      vertex 29.904529251732434 54.16130258797953 8.1
    endloop
  endfacet
  facet normal 0.9408807689542266 0.3387379202452882 0
    outer loop
      vertex 29.578363436081666 54.85444022862346 6.1
      vertex 29.448555250599565 55.214996334312815 8.1
      vertex 29.578363436081666 54.85444022862346 8.1
    endloop
  endfacet
  facet normal 0.7071067811865476 0.7071067811865476 0
    outer loop
      vertex 31.074262653835 52.653291372729385 6.1
      vertex 30.80329137272939 52.924262653834994 8.1
      vertex 31.074262653835 52.653291372729385 8.1
    endloop
  endfacet
  facet normal 0.7501110696304556 0.6613118653236565 0
    outer loop
      vertex 30.80329137272939 52.924262653834994 6.1
      vertex 30.549869219067684 53.211713662532986 8.1
      vertex 30.80329137272939 52.924262653834994 8.1
    endloop
  endfacet
  facet normal 0.6613118653236512 0.75011106963046 0
    outer loop
      vertex 31.361713662532992 52.39986921906768 6.1
      vertex 31.074262653835 52.653291372729385 8.1
      vertex 31.361713662532992 52.39986921906768 8.1
    endloop
  endfacet
  facet normal 0.6129070536529756 0.7901550123756911 0
    outer loop
      vertex 31.664509961015913 52.16499633431282 6.1
      vertex 31.361713662532992 52.39986921906768 8.1
      vertex 31.664509961015913 52.16499633431282 8.1
    endloop
  endfacet
  facet normal 0.5090414157503687 0.8607420270039453 0
    outer loop
      vertex 32.31130258797954 51.75452925173243 6.1
      vertex 31.98145655062812 51.949599654437705 8.1
      vertex 32.31130258797954 51.75452925173243 8.1
    endloop
  endfacet
  facet normal 0.4539904997395483 0.891006524188367 0
    outer loop
      vertex 32.65274632145306 51.58055497995728 6.1
      vertex 32.31130258797954 51.75452925173243 8.1
      vertex 32.65274632145306 51.58055497995728 8.1
    endloop
  endfacet
  facet normal 0.5620833778521296 0.8270805742745625 0
    outer loop
      vertex 31.98145655062812 51.949599654437705 6.1
      vertex 31.664509961015913 52.16499633431282 8.1
      vertex 31.98145655062812 51.949599654437705 8.1
    endloop
  endfacet
  facet normal 0.39714789063478595 0.9177546256839788 0
    outer loop
      vertex 33.004440228623466 51.42836343608166 6.1
      vertex 32.65274632145306 51.58055497995728 8.1
      vertex 33.004440228623466 51.42836343608166 8.1
    endloop
  endfacet
  facet normal 0.3387379202452965 0.9408807689542237 0
    outer loop
      vertex 33.36499633431282 51.298555250599556 6.1
      vertex 33.004440228623466 51.42836343608166 8.1
      vertex 33.36499633431282 51.298555250599556 8.1
    endloop
  endfacet
  facet normal 0.27899110603923 0.9602936856769428 0
    outer loop
      vertex 33.73299168829438 51.19164271711534 6.1
      vertex 33.36499633431282 51.298555250599556 8.1
      vertex 33.73299168829438 51.19164271711534 8.1
    endloop
  endfacet
  facet normal 0.15643446504024172 0.987688340595136 0
    outer loop
      vertex 34.48546727525775 51.04810032198168 6.1
      vertex 34.10697398102708 51.108047770555 8.1
      vertex 34.48546727525775 51.04810032198168 8.1
    endloop
  endfacet
  facet normal 0.21814324139652805 0.9759167619387507 0
    outer loop
      vertex 34.10697398102708 51.108047770555 6.1
      vertex 33.73299168829438 51.19164271711534 8.1
      vertex 34.10697398102708 51.108047770555 8.1
    endloop
  endfacet
  facet normal 0.0941083133185164 0.9955619646030797 0
    outer loop
      vertex 34.866977830871186 51.01203695658754 6.1
      vertex 34.48546727525775 51.04810032198168 8.1
      vertex 34.866977830871186 51.01203695658754 8.1
    endloop
  endfacet
  facet normal 0.9955619646030797 -0.0941083133185164 0
    outer loop
      vertex 29.162036956587542 57.48302216912881 6.1
      vertex 29.198100321981684 57.86453272474225 6.1
      vertex 29.198100321981684 57.86453272474225 8.1
    endloop
  endfacet
  facet normal 0.9876883405951374 -0.1564344650402327 0
    outer loop
      vertex 29.198100321981684 57.86453272474225 6.1
      vertex 29.258047770555 58.24302601897291 6.1
      vertex 29.258047770555 58.24302601897291 8.1
    endloop
  endfacet
  facet normal 0.9759167619387488 -0.2181432413965369 0
    outer loop
      vertex 29.258047770555 58.24302601897291 6.1
      vertex 29.34164271711535 58.61700831170561 6.1
      vertex 29.34164271711535 58.61700831170561 8.1
    endloop
  endfacet
  facet normal 0.9602936856769404 -0.2789911060392386 0
    outer loop
      vertex 29.34164271711535 58.61700831170561 6.1
      vertex 29.448555250599565 58.985003665687174 6.1
      vertex 29.448555250599565 58.985003665687174 8.1
    endloop
  endfacet
  facet normal 0.9408807689542266 -0.3387379202452882 0
    outer loop
      vertex 29.448555250599565 58.985003665687174 6.1
      vertex 29.578363436081666 59.34555977137653 6.1
      vertex 29.578363436081666 59.34555977137653 8.1
    endloop
  endfacet
  facet normal 0.9177546256839788 -0.39714789063478595 0
    outer loop
      vertex 29.578363436081666 59.34555977137653 6.1
      vertex 29.730554979957283 59.697253678546936 6.1
      vertex 29.730554979957283 59.697253678546936 8.1
    endloop
  endfacet
  facet normal 0.8910065241883708 -0.4539904997395408 0
    outer loop
      vertex 29.730554979957283 59.697253678546936 6.1
      vertex 29.904529251732434 60.03869741202046 6.1
      vertex 29.904529251732434 60.03869741202046 8.1
    endloop
  endfacet
  facet normal 0.8607420270039428 -0.5090414157503726 0
    outer loop
      vertex 29.904529251732434 60.03869741202046 6.1
      vertex 30.09959965443771 60.36854344937188 6.1
      vertex 30.09959965443771 60.36854344937188 8.1
    endloop
  endfacet
  facet normal 0.8270805742745609 -0.5620833778521319 0
    outer loop
      vertex 30.09959965443771 60.36854344937188 6.1
      vertex 30.31499633431282 60.68549003898408 6.1
      vertex 30.31499633431282 60.68549003898408 8.1
    endloop
  endfacet
  facet normal 0.7901550123756945 -0.612907053652971 0
    outer loop
      vertex 30.31499633431282 60.68549003898408 6.1
      vertex 30.549869219067684 60.988286337467 6.1
      vertex 30.549869219067684 60.988286337467 8.1
    endloop
  endfacet
  facet normal 0.7501110696304556 -0.6613118653236565 0
    outer loop
      vertex 30.549869219067684 60.988286337467 6.1
      vertex 30.80329137272939 61.275737346164995 6.1
      vertex 30.80329137272939 61.275737346164995 8.1
    endloop
  endfacet
  facet normal 0.7071067811865476 -0.7071067811865476 0
    outer loop
      vertex 30.80329137272939 61.275737346164995 6.1
      vertex 31.074262653835 61.546708627270604 6.1
      vertex 31.074262653835 61.546708627270604 8.1
    endloop
  endfacet
  facet normal 0.6613118653236512 -0.75011106963046 0
    outer loop
      vertex 31.074262653835 61.546708627270604 6.1
      vertex 31.361713662532992 61.80013078093231 6.1
      vertex 31.361713662532992 61.80013078093231 8.1
    endloop
  endfacet
  facet normal 0.6129070536529756 -0.7901550123756911 0
    outer loop
      vertex 31.361713662532992 61.80013078093231 6.1
      vertex 31.664509961015913 62.03500366568717 6.1
      vertex 31.664509961015913 62.03500366568717 8.1
    endloop
  endfacet
  facet normal 0.5620833778521296 -0.8270805742745625 0
    outer loop
      vertex 31.664509961015913 62.03500366568717 6.1
      vertex 31.98145655062812 62.250400345562284 6.1
      vertex 31.98145655062812 62.250400345562284 8.1
    endloop
  endfacet
  facet normal 0.5090414157503687 -0.8607420270039453 0
    outer loop
      vertex 31.98145655062812 62.250400345562284 6.1
      vertex 32.31130258797954 62.44547074826756 6.1
      vertex 32.31130258797954 62.44547074826756 8.1
    endloop
  endfacet
  facet normal 0.4539904997395483 -0.891006524188367 0
    outer loop
      vertex 32.31130258797954 62.44547074826756 6.1
      vertex 32.65274632145306 62.61944502004271 6.1
      vertex 32.65274632145306 62.61944502004271 8.1
    endloop
  endfacet
  facet normal 0.39714789063478595 -0.9177546256839788 0
    outer loop
      vertex 32.65274632145306 62.61944502004271 6.1
      vertex 33.004440228623466 62.77163656391833 6.1
      vertex 33.004440228623466 62.77163656391833 8.1
    endloop
  endfacet
  facet normal 0.3387379202452965 -0.9408807689542237 0
    outer loop
      vertex 33.004440228623466 62.77163656391833 6.1
      vertex 33.36499633431282 62.90144474940043 6.1
      vertex 33.36499633431282 62.90144474940043 8.1
    endloop
  endfacet
  facet normal 0.27899110603923 -0.9602936856769428 0
    outer loop
      vertex 33.36499633431282 62.90144474940043 6.1
      vertex 33.73299168829438 63.008357282884646 6.1
      vertex 33.73299168829438 63.008357282884646 8.1
    endloop
  endfacet
  facet normal 0.2181432413965457 -0.9759167619387467 0
    outer loop
      vertex 33.73299168829438 63.008357282884646 6.1
      vertex 34.10697398102708 63.091952229445 6.1
      vertex 34.10697398102708 63.091952229445 8.1
    endloop
  endfacet
  facet normal 0.15643446504022365 -0.9876883405951389 0
    outer loop
      vertex 34.10697398102708 63.091952229445 6.1
      vertex 34.48546727525775 63.15189967801831 6.1
      vertex 34.48546727525775 63.15189967801831 8.1
    endloop
  endfacet
  facet normal 0.0941083133185164 -0.9955619646030797 0
    outer loop
      vertex 34.48546727525775 63.15189967801831 6.1
      vertex 34.866977830871186 63.18796304341245 6.1
      vertex 34.866977830871186 63.18796304341245 8.1
    endloop
  endfacet
  facet normal 0.9955619646030797 -0.0941083133185164 0
    outer loop
      vertex 29.162036956587542 57.48302216912881 6.1
      vertex 29.198100321981684 57.86453272474225 8.1
      vertex 29.162036956587542 57.48302216912881 8.1
    endloop
  endfacet
  facet normal 0.9876883405951374 -0.1564344650402327 0
    outer loop
      vertex 29.198100321981684 57.86453272474225 6.1
      vertex 29.258047770555 58.24302601897291 8.1
      vertex 29.198100321981684 57.86453272474225 8.1
    endloop
  endfacet
  facet normal 0.9759167619387488 -0.2181432413965369 0
    outer loop
      vertex 29.258047770555 58.24302601897291 6.1
      vertex 29.34164271711535 58.61700831170561 8.1
      vertex 29.258047770555 58.24302601897291 8.1
    endloop
  endfacet
  facet normal 0.9602936856769404 -0.2789911060392386 0
    outer loop
      vertex 29.34164271711535 58.61700831170561 6.1
      vertex 29.448555250599565 58.985003665687174 8.1
      vertex 29.34164271711535 58.61700831170561 8.1
    endloop
  endfacet
  facet normal 0.9408807689542266 -0.3387379202452882 0
    outer loop
      vertex 29.448555250599565 58.985003665687174 6.1
      vertex 29.578363436081666 59.34555977137653 8.1
      vertex 29.448555250599565 58.985003665687174 8.1
    endloop
  endfacet
  facet normal 0.9177546256839788 -0.39714789063478595 0
    outer loop
      vertex 29.578363436081666 59.34555977137653 6.1
      vertex 29.730554979957283 59.697253678546936 8.1
      vertex 29.578363436081666 59.34555977137653 8.1
    endloop
  endfacet
  facet normal 0.8910065241883708 -0.4539904997395408 0
    outer loop
      vertex 29.730554979957283 59.697253678546936 6.1
      vertex 29.904529251732434 60.03869741202046 8.1
      vertex 29.730554979957283 59.697253678546936 8.1
    endloop
  endfacet
  facet normal 0.8607420270039428 -0.5090414157503726 0
    outer loop
      vertex 29.904529251732434 60.03869741202046 6.1
      vertex 30.09959965443771 60.36854344937188 8.1
      vertex 29.904529251732434 60.03869741202046 8.1
    endloop
  endfacet
  facet normal 0.8270805742745609 -0.5620833778521319 0
    outer loop
      vertex 30.09959965443771 60.36854344937188 6.1
      vertex 30.31499633431282 60.68549003898408 8.1
      vertex 30.09959965443771 60.36854344937188 8.1
    endloop
  endfacet
  facet normal 0.7901550123756945 -0.612907053652971 0
    outer loop
      vertex 30.31499633431282 60.68549003898408 6.1
      vertex 30.549869219067684 60.988286337467 8.1
      vertex 30.31499633431282 60.68549003898408 8.1
    endloop
  endfacet
  facet normal 0.7501110696304556 -0.6613118653236565 0
    outer loop
      vertex 30.549869219067684 60.988286337467 6.1
      vertex 30.80329137272939 61.275737346164995 8.1
      vertex 30.549869219067684 60.988286337467 8.1
    endloop
  endfacet
  facet normal 0.7071067811865476 -0.7071067811865476 0
    outer loop
      vertex 30.80329137272939 61.275737346164995 6.1
      vertex 31.074262653835 61.546708627270604 8.1
      vertex 30.80329137272939 61.275737346164995 8.1
    endloop
  endfacet
  facet normal 0.6613118653236512 -0.75011106963046 0
    outer loop
      vertex 31.074262653835 61.546708627270604 6.1
      vertex 31.361713662532992 61.80013078093231 8.1
      vertex 31.074262653835 61.546708627270604 8.1
    endloop
  endfacet
  facet normal 0.6129070536529756 -0.7901550123756911 0
    outer loop
      vertex 31.361713662532992 61.80013078093231 6.1
      vertex 31.664509961015913 62.03500366568717 8.1
      vertex 31.361713662532992 61.80013078093231 8.1
    endloop
  endfacet
  facet normal 0.5620833778521296 -0.8270805742745625 0
    outer loop
      vertex 31.664509961015913 62.03500366568717 6.1
      vertex 31.98145655062812 62.250400345562284 8.1
      vertex 31.664509961015913 62.03500366568717 8.1
    endloop
  endfacet
  facet normal 0.5090414157503687 -0.8607420270039453 0
    outer loop
      vertex 31.98145655062812 62.250400345562284 6.1
      vertex 32.31130258797954 62.44547074826756 8.1
      vertex 31.98145655062812 62.250400345562284 8.1
    endloop
  endfacet
  facet normal 0.4539904997395483 -0.891006524188367 0
    outer loop
      vertex 32.31130258797954 62.44547074826756 6.1
      vertex 32.65274632145306 62.61944502004271 8.1
      vertex 32.31130258797954 62.44547074826756 8.1
    endloop
  endfacet
  facet normal 0.39714789063478595 -0.9177546256839788 0
    outer loop
      vertex 32.65274632145306 62.61944502004271 6.1
      vertex 33.004440228623466 62.77163656391833 8.1
      vertex 32.65274632145306 62.61944502004271 8.1
    endloop
  endfacet
  facet normal 0.3387379202452965 -0.9408807689542237 0
    outer loop
      vertex 33.004440228623466 62.77163656391833 6.1
      vertex 33.36499633431282 62.90144474940043 8.1
      vertex 33.004440228623466 62.77163656391833 8.1
    endloop
  endfacet
  facet normal 0.27899110603923 -0.9602936856769428 0
    outer loop
      vertex 33.36499633431282 62.90144474940043 6.1
      vertex 33.73299168829438 63.008357282884646 8.1
      vertex 33.36499633431282 62.90144474940043 8.1
    endloop
  endfacet
  facet normal 0.2181432413965457 -0.9759167619387467 0
    outer loop
      vertex 33.73299168829438 63.008357282884646 6.1
      vertex 34.10697398102708 63.091952229445 8.1
      vertex 33.73299168829438 63.008357282884646 8.1
    endloop
  endfacet
  facet normal 0.15643446504022365 -0.9876883405951389 0
    outer loop
      vertex 34.10697398102708 63.091952229445 6.1
      vertex 34.48546727525775 63.15189967801831 8.1
      vertex 34.10697398102708 63.091952229445 8.1
    endloop
  endfacet
  facet normal 0.0941083133185164 -0.9955619646030797 0
    outer loop
      vertex 34.48546727525775 63.15189967801831 6.1
      vertex 34.866977830871186 63.18796304341245 8.1
      vertex 34.48546727525775 63.15189967801831 8.1
    endloop
  endfacet
  facet normal 0.03141075907812828 -0.9995065603657315 0
    outer loop
      vertex 34.866977830871186 63.18796304341245 6.1
      vertex 35.25 63.199999999999996 8.1
      vertex 34.866977830871186 63.18796304341245 8.1
    endloop
  endfacet
  facet normal -0.03141075907812828 0.9995065603657315 0
    outer loop
      vertex 35.25 50.99999999999999 6.1
      vertex 35.25 50.99999999999999 8.1
      vertex 35.633022169128814 51.01203695658754 6.1
    endloop
  endfacet
  facet normal -0.0941083133185164 0.9955619646030797 0
    outer loop
      vertex 35.633022169128814 51.01203695658754 6.1
      vertex 35.633022169128814 51.01203695658754 8.1
      vertex 36.01453272474225 51.04810032198168 6.1
    endloop
  endfacet
  facet normal -0.15643446504024172 0.987688340595136 0
    outer loop
      vertex 36.01453272474225 51.04810032198168 6.1
      vertex 36.01453272474225 51.04810032198168 8.1
      vertex 36.39302601897292 51.108047770555 6.1
    endloop
  endfacet
  facet normal -0.218143241396532 0.9759167619387498 0
    outer loop
      vertex 36.39302601897292 51.108047770555 6.1
      vertex 36.39302601897292 51.108047770555 8.1
      vertex 36.76700831170561 51.19164271711534 6.1
    endloop
  endfacet
  facet normal -0.27899110603922506 0.9602936856769443 0
    outer loop
      vertex 36.76700831170561 51.19164271711534 6.1
      vertex 36.76700831170561 51.19164271711534 8.1
      vertex 37.13500366568718 51.298555250599556 6.1
    endloop
  endfacet
  facet normal -0.3387379202452965 0.9408807689542237 0
    outer loop
      vertex 37.13500366568718 51.298555250599556 6.1
      vertex 37.13500366568718 51.298555250599556 8.1
      vertex 37.495559771376534 51.42836343608166 6.1
    endloop
  endfacet
  facet normal -0.39714789063478595 0.9177546256839788 0
    outer loop
      vertex 37.495559771376534 51.42836343608166 6.1
      vertex 37.495559771376534 51.42836343608166 8.1
      vertex 37.84725367854694 51.58055497995728 6.1
    endloop
  endfacet
  facet normal -0.4539904997395408 0.8910065241883708 0
    outer loop
      vertex 37.84725367854694 51.58055497995728 6.1
      vertex 37.84725367854694 51.58055497995728 8.1
      vertex 38.18869741202047 51.75452925173243 6.1
    endloop
  endfacet
  facet normal -0.5090414157503809 0.860742027003938 0
    outer loop
      vertex 38.18869741202047 51.75452925173243 6.1
      vertex 38.18869741202047 51.75452925173243 8.1
      vertex 38.518543449371876 51.949599654437705 6.1
    endloop
  endfacet
  facet normal -0.5620833778521296 0.8270805742745625 0
    outer loop
      vertex 38.518543449371876 51.949599654437705 6.1
      vertex 38.518543449371876 51.949599654437705 8.1
      vertex 38.835490038984084 52.16499633431282 6.1
    endloop
  endfacet
  facet normal -0.612907053652971 0.7901550123756945 0
    outer loop
      vertex 38.835490038984084 52.16499633431282 6.1
      vertex 38.835490038984084 52.16499633431282 8.1
      vertex 39.13828633746701 52.39986921906768 6.1
    endloop
  endfacet
  facet normal -0.6613118653236512 0.75011106963046 0
    outer loop
      vertex 39.13828633746701 52.39986921906768 6.1
      vertex 39.13828633746701 52.39986921906768 8.1
      vertex 39.425737346165 52.653291372729385 6.1
    endloop
  endfacet
  facet normal -0.7071067811865476 0.7071067811865476 0
    outer loop
      vertex 39.425737346165 52.653291372729385 6.1
      vertex 39.425737346165 52.653291372729385 8.1
      vertex 39.69670862727061 52.924262653834994 6.1
    endloop
  endfacet
  facet normal -0.75011106963046 0.6613118653236512 0
    outer loop
      vertex 39.69670862727061 52.924262653834994 6.1
      vertex 39.69670862727061 52.924262653834994 8.1
      vertex 39.95013078093231 53.211713662532986 6.1
    endloop
  endfacet
  facet normal -0.7901550123756945 0.612907053652971 0
    outer loop
      vertex 39.95013078093231 53.211713662532986 6.1
      vertex 39.95013078093231 53.211713662532986 8.1
      vertex 40.18500366568718 53.51450996101591 6.1
    endloop
  endfacet
  facet normal -0.8270805742745625 0.5620833778521296 0
    outer loop
      vertex 40.18500366568718 53.51450996101591 6.1
      vertex 40.18500366568718 53.51450996101591 8.1
      vertex 40.40040034556229 53.83145655062812 6.1
    endloop
  endfacet
  facet normal -0.860742027003938 0.5090414157503809 0
    outer loop
      vertex 40.40040034556229 53.83145655062812 6.1
      vertex 40.40040034556229 53.83145655062812 8.1
      vertex 40.595470748267566 54.16130258797953 6.1
    endloop
  endfacet
  facet normal -0.8910065241883708 0.4539904997395408 0
    outer loop
      vertex 40.595470748267566 54.16130258797953 6.1
      vertex 40.595470748267566 54.16130258797953 8.1
      vertex 40.76944502004272 54.50274632145305 6.1
    endloop
  endfacet
  facet normal -0.9177546256839788 0.39714789063478595 0
    outer loop
      vertex 40.76944502004272 54.50274632145305 6.1
      vertex 40.76944502004272 54.50274632145305 8.1
      vertex 40.921636563918334 54.85444022862346 6.1
    endloop
  endfacet
  facet normal -0.9408807689542237 0.3387379202452965 0
    outer loop
      vertex 40.921636563918334 54.85444022862346 6.1
      vertex 40.921636563918334 54.85444022862346 8.1
      vertex 41.05144474940044 55.214996334312815 6.1
    endloop
  endfacet
  facet normal -0.9602936856769443 0.27899110603922506 0
    outer loop
      vertex 41.05144474940044 55.214996334312815 6.1
      vertex 41.05144474940044 55.214996334312815 8.1
      vertex 41.15835728288465 55.582991688294385 6.1
    endloop
  endfacet
  facet normal -0.9759167619387498 0.218143241396532 0
    outer loop
      vertex 41.15835728288465 55.582991688294385 6.1
      vertex 41.15835728288465 55.582991688294385 8.1
      vertex 41.241952229445 55.956973981027076 6.1
    endloop
  endfacet
  facet normal -0.987688340595136 0.15643446504024172 0
    outer loop
      vertex 41.241952229445 55.956973981027076 6.1
      vertex 41.241952229445 55.956973981027076 8.1
      vertex 41.301899678018316 56.33546727525774 6.1
    endloop
  endfacet
  facet normal -0.9955619646030797 0.0941083133185164 0
    outer loop
      vertex 41.301899678018316 56.33546727525774 6.1
      vertex 41.301899678018316 56.33546727525774 8.1
      vertex 41.33796304341246 56.71697783087118 6.1
    endloop
  endfacet
  facet normal -0.9995065603657315 0.03141075907812828 0
    outer loop
      vertex 41.33796304341246 56.71697783087118 6.1
      vertex 41.33796304341246 56.71697783087118 8.1
      vertex 41.35 57.099999999999994 6.1
    endloop
  endfacet
  facet normal -0.9995065603657315 -0.03141075907812828 0
    outer loop
      vertex 41.35 57.099999999999994 6.1
      vertex 41.35 57.099999999999994 8.1
      vertex 41.33796304341246 57.48302216912881 6.1
    endloop
  endfacet
  facet normal 0.03141075907812828 0.9995065603657315 0
    outer loop
      vertex 35.25 50.99999999999999 6.1
      vertex 34.866977830871186 51.01203695658754 8.1
      vertex 35.25 50.99999999999999 8.1
    endloop
  endfacet
  facet normal -0.03141075907812828 0.9995065603657315 0
    outer loop
      vertex 35.633022169128814 51.01203695658754 6.1
      vertex 35.25 50.99999999999999 8.1
      vertex 35.633022169128814 51.01203695658754 8.1
    endloop
  endfacet
  facet normal -0.0941083133185164 0.9955619646030797 0
    outer loop
      vertex 36.01453272474225 51.04810032198168 6.1
      vertex 35.633022169128814 51.01203695658754 8.1
      vertex 36.01453272474225 51.04810032198168 8.1
    endloop
  endfacet
  facet normal -0.15643446504024172 0.987688340595136 0
    outer loop
      vertex 36.39302601897292 51.108047770555 6.1
      vertex 36.01453272474225 51.04810032198168 8.1
      vertex 36.39302601897292 51.108047770555 8.1
    endloop
  endfacet
  facet normal -0.218143241396532 0.9759167619387498 0
    outer loop
      vertex 36.76700831170561 51.19164271711534 6.1
      vertex 36.39302601897292 51.108047770555 8.1
      vertex 36.76700831170561 51.19164271711534 8.1
    endloop
  endfacet
  facet normal -0.27899110603922506 0.9602936856769443 0
    outer loop
      vertex 37.13500366568718 51.298555250599556 6.1
      vertex 36.76700831170561 51.19164271711534 8.1
      vertex 37.13500366568718 51.298555250599556 8.1
    endloop
  endfacet
  facet normal -0.3387379202452965 0.9408807689542237 0
    outer loop
      vertex 37.495559771376534 51.42836343608166 6.1
      vertex 37.13500366568718 51.298555250599556 8.1
      vertex 37.495559771376534 51.42836343608166 8.1
    endloop
  endfacet
  facet normal -0.39714789063478595 0.9177546256839788 0
    outer loop
      vertex 37.84725367854694 51.58055497995728 6.1
      vertex 37.495559771376534 51.42836343608166 8.1
      vertex 37.84725367854694 51.58055497995728 8.1
    endloop
  endfacet
  facet normal -0.4539904997395408 0.8910065241883708 0
    outer loop
      vertex 38.18869741202047 51.75452925173243 6.1
      vertex 37.84725367854694 51.58055497995728 8.1
      vertex 38.18869741202047 51.75452925173243 8.1
    endloop
  endfacet
  facet normal -0.5090414157503809 0.860742027003938 0
    outer loop
      vertex 38.518543449371876 51.949599654437705 6.1
      vertex 38.18869741202047 51.75452925173243 8.1
      vertex 38.518543449371876 51.949599654437705 8.1
    endloop
  endfacet
  facet normal -0.5620833778521296 0.8270805742745625 0
    outer loop
      vertex 38.835490038984084 52.16499633431282 6.1
      vertex 38.518543449371876 51.949599654437705 8.1
      vertex 38.835490038984084 52.16499633431282 8.1
    endloop
  endfacet
  facet normal -0.612907053652971 0.7901550123756945 0
    outer loop
      vertex 39.13828633746701 52.39986921906768 6.1
      vertex 38.835490038984084 52.16499633431282 8.1
      vertex 39.13828633746701 52.39986921906768 8.1
    endloop
  endfacet
  facet normal -0.6613118653236512 0.75011106963046 0
    outer loop
      vertex 39.425737346165 52.653291372729385 6.1
      vertex 39.13828633746701 52.39986921906768 8.1
      vertex 39.425737346165 52.653291372729385 8.1
    endloop
  endfacet
  facet normal -0.7071067811865476 0.7071067811865476 0
    outer loop
      vertex 39.69670862727061 52.924262653834994 6.1
      vertex 39.425737346165 52.653291372729385 8.1
      vertex 39.69670862727061 52.924262653834994 8.1
    endloop
  endfacet
  facet normal -0.75011106963046 0.6613118653236512 0
    outer loop
      vertex 39.95013078093231 53.211713662532986 6.1
      vertex 39.69670862727061 52.924262653834994 8.1
      vertex 39.95013078093231 53.211713662532986 8.1
    endloop
  endfacet
  facet normal -0.7901550123756945 0.612907053652971 0
    outer loop
      vertex 40.18500366568718 53.51450996101591 6.1
      vertex 39.95013078093231 53.211713662532986 8.1
      vertex 40.18500366568718 53.51450996101591 8.1
    endloop
  endfacet
  facet normal -0.8270805742745625 0.5620833778521296 0
    outer loop
      vertex 40.40040034556229 53.83145655062812 6.1
      vertex 40.18500366568718 53.51450996101591 8.1
      vertex 40.40040034556229 53.83145655062812 8.1
    endloop
  endfacet
  facet normal -0.860742027003938 0.5090414157503809 0
    outer loop
      vertex 40.595470748267566 54.16130258797953 6.1
      vertex 40.40040034556229 53.83145655062812 8.1
      vertex 40.595470748267566 54.16130258797953 8.1
    endloop
  endfacet
  facet normal -0.8910065241883708 0.4539904997395408 0
    outer loop
      vertex 40.76944502004272 54.50274632145305 6.1
      vertex 40.595470748267566 54.16130258797953 8.1
      vertex 40.76944502004272 54.50274632145305 8.1
    endloop
  endfacet
  facet normal -0.9177546256839788 0.39714789063478595 0
    outer loop
      vertex 40.921636563918334 54.85444022862346 6.1
      vertex 40.76944502004272 54.50274632145305 8.1
      vertex 40.921636563918334 54.85444022862346 8.1
    endloop
  endfacet
  facet normal -0.9408807689542237 0.3387379202452965 0
    outer loop
      vertex 41.05144474940044 55.214996334312815 6.1
      vertex 40.921636563918334 54.85444022862346 8.1
      vertex 41.05144474940044 55.214996334312815 8.1
    endloop
  endfacet
  facet normal -0.9602936856769443 0.27899110603922506 0
    outer loop
      vertex 41.15835728288465 55.582991688294385 6.1
      vertex 41.05144474940044 55.214996334312815 8.1
      vertex 41.15835728288465 55.582991688294385 8.1
    endloop
  endfacet
  facet normal -0.9759167619387498 0.218143241396532 0
    outer loop
      vertex 41.241952229445 55.956973981027076 6.1
      vertex 41.15835728288465 55.582991688294385 8.1
      vertex 41.241952229445 55.956973981027076 8.1
    endloop
  endfacet
  facet normal -0.987688340595136 0.15643446504024172 0
    outer loop
      vertex 41.301899678018316 56.33546727525774 6.1
      vertex 41.241952229445 55.956973981027076 8.1
      vertex 41.301899678018316 56.33546727525774 8.1
    endloop
  endfacet
  facet normal -0.9955619646030797 0.0941083133185164 0
    outer loop
      vertex 41.33796304341246 56.71697783087118 6.1
      vertex 41.301899678018316 56.33546727525774 8.1
      vertex 41.33796304341246 56.71697783087118 8.1
    endloop
  endfacet
  facet normal -0.9995065603657315 0.03141075907812828 0
    outer loop
      vertex 41.35 57.099999999999994 6.1
      vertex 41.33796304341246 56.71697783087118 8.1
      vertex 41.35 57.099999999999994 8.1
    endloop
  endfacet
  facet normal -0.9995065603657315 -0.03141075907812828 0
    outer loop
      vertex 41.33796304341246 57.48302216912881 6.1
      vertex 41.35 57.099999999999994 8.1
      vertex 41.33796304341246 57.48302216912881 8.1
    endloop
  endfacet
  facet normal 0.03141075907812828 -0.9995065603657315 0
    outer loop
      vertex 34.866977830871186 63.18796304341245 6.1
      vertex 35.25 63.199999999999996 6.1
      vertex 35.25 63.199999999999996 8.1
    endloop
  endfacet
  facet normal -0.03141075907812828 -0.9995065603657315 0
    outer loop
      vertex 35.25 63.199999999999996 6.1
      vertex 35.633022169128814 63.18796304341245 6.1
      vertex 35.633022169128814 63.18796304341245 8.1
    endloop
  endfacet
  facet normal -0.0941083133185164 -0.9955619646030797 0
    outer loop
      vertex 35.633022169128814 63.18796304341245 6.1
      vertex 36.01453272474225 63.15189967801831 6.1
      vertex 36.01453272474225 63.15189967801831 8.1
    endloop
  endfacet
  facet normal -0.15643446504022365 -0.9876883405951389 0
    outer loop
      vertex 36.01453272474225 63.15189967801831 6.1
      vertex 36.39302601897292 63.091952229445 6.1
      vertex 36.39302601897292 63.091952229445 8.1
    endloop
  endfacet
  facet normal -0.2181432413965457 -0.9759167619387467 0
    outer loop
      vertex 36.39302601897292 63.091952229445 6.1
      vertex 36.76700831170562 63.008357282884646 6.1
      vertex 36.76700831170562 63.008357282884646 8.1
    endloop
  endfacet
  facet normal -0.27899110603923 -0.9602936856769428 0
    outer loop
      vertex 36.76700831170562 63.008357282884646 6.1
      vertex 37.13500366568718 62.90144474940043 6.1
      vertex 37.13500366568718 62.90144474940043 8.1
    endloop
  endfacet
  facet normal -0.39714789063478595 -0.9177546256839788 0
    outer loop
      vertex 37.495559771376534 62.77163656391833 6.1
      vertex 37.84725367854694 62.61944502004271 6.1
      vertex 37.84725367854694 62.61944502004271 8.1
    endloop
  endfacet
  facet normal -0.4539904997395483 -0.891006524188367 0
    outer loop
      vertex 37.84725367854694 62.61944502004271 6.1
      vertex 38.18869741202046 62.44547074826756 6.1
      vertex 38.18869741202046 62.44547074826756 8.1
    endloop
  endfacet
  facet normal -0.3387379202452965 -0.9408807689542237 0
    outer loop
      vertex 37.13500366568718 62.90144474940043 6.1
      vertex 37.495559771376534 62.77163656391833 6.1
      vertex 37.495559771376534 62.77163656391833 8.1
    endloop
  endfacet
  facet normal -0.5090414157503726 -0.8607420270039428 0
    outer loop
      vertex 38.518543449371876 62.250400345562284 6.1
      vertex 38.518543449371876 62.250400345562284 8.1
      vertex 38.18869741202046 62.44547074826756 6.1
    endloop
  endfacet
  facet normal -0.5620833778521296 -0.8270805742745625 0
    outer loop
      vertex 38.518543449371876 62.250400345562284 6.1
      vertex 38.835490038984084 62.03500366568717 6.1
      vertex 38.835490038984084 62.03500366568717 8.1
    endloop
  endfacet
  facet normal -0.612907053652971 -0.7901550123756945 0
    outer loop
      vertex 38.835490038984084 62.03500366568717 6.1
      vertex 39.13828633746701 61.80013078093231 6.1
      vertex 39.13828633746701 61.80013078093231 8.1
    endloop
  endfacet
  facet normal -0.6613118653236512 -0.75011106963046 0
    outer loop
      vertex 39.13828633746701 61.80013078093231 6.1
      vertex 39.425737346165 61.546708627270604 6.1
      vertex 39.425737346165 61.546708627270604 8.1
    endloop
  endfacet
  facet normal -0.7901550123756945 -0.612907053652971 0
    outer loop
      vertex 39.95013078093231 60.988286337467 6.1
      vertex 40.18500366568718 60.68549003898408 6.1
      vertex 40.18500366568718 60.68549003898408 8.1
    endloop
  endfacet
  facet normal -0.8270805742745625 -0.5620833778521296 0
    outer loop
      vertex 40.40040034556229 60.36854344937187 6.1
      vertex 40.40040034556229 60.36854344937187 8.1
      vertex 40.18500366568718 60.68549003898408 6.1
    endloop
  endfacet
  facet normal -0.9408807689542237 -0.3387379202452965 0
    outer loop
      vertex 41.05144474940044 58.985003665687174 6.1
      vertex 41.05144474940044 58.985003665687174 8.1
      vertex 40.921636563918334 59.34555977137653 6.1
    endloop
  endfacet
  facet normal -0.9876883405951389 -0.15643446504022365 0
    outer loop
      vertex 41.301899678018316 57.86453272474225 6.1
      vertex 41.301899678018316 57.86453272474225 8.1
      vertex 41.241952229445005 58.24302601897291 6.1
    endloop
  endfacet
  facet normal -0.9955619646030797 -0.0941083133185164 0
    outer loop
      vertex 41.33796304341246 57.48302216912881 6.1
      vertex 41.33796304341246 57.48302216912881 8.1
      vertex 41.301899678018316 57.86453272474225 6.1
    endloop
  endfacet
  facet normal -0.9602936856769428 -0.27899110603923 0
    outer loop
      vertex 41.05144474940044 58.985003665687174 6.1
      vertex 41.15835728288465 58.61700831170561 6.1
      vertex 41.15835728288465 58.61700831170561 8.1
    endloop
  endfacet
  facet normal -0.9759167619387467 -0.2181432413965457 0
    outer loop
      vertex 41.241952229445005 58.24302601897291 6.1
      vertex 41.241952229445005 58.24302601897291 8.1
      vertex 41.15835728288465 58.61700831170561 6.1
    endloop
  endfacet
  facet normal -0.891006524188367 -0.4539904997395483 0
    outer loop
      vertex 40.595470748267566 60.038697412020454 6.1
      vertex 40.76944502004272 59.697253678546936 6.1
      vertex 40.76944502004272 59.697253678546936 8.1
    endloop
  endfacet
  facet normal -0.9177546256839788 -0.39714789063478595 0
    outer loop
      vertex 40.921636563918334 59.34555977137653 6.1
      vertex 40.921636563918334 59.34555977137653 8.1
      vertex 40.76944502004272 59.697253678546936 6.1
    endloop
  endfacet
  facet normal -0.8607420270039428 -0.5090414157503726 0
    outer loop
      vertex 40.40040034556229 60.36854344937187 6.1
      vertex 40.595470748267566 60.038697412020454 6.1
      vertex 40.595470748267566 60.038697412020454 8.1
    endloop
  endfacet
  facet normal -0.7071067811865476 -0.7071067811865476 0
    outer loop
      vertex 39.69670862727061 61.275737346164995 6.1
      vertex 39.69670862727061 61.275737346164995 8.1
      vertex 39.425737346165 61.546708627270604 6.1
    endloop
  endfacet
  facet normal -0.75011106963046 -0.6613118653236512 0
    outer loop
      vertex 39.69670862727061 61.275737346164995 6.1
      vertex 39.95013078093231 60.988286337467 6.1
      vertex 39.95013078093231 60.988286337467 8.1
    endloop
  endfacet
  facet normal -0.03141075907812828 -0.9995065603657315 0
    outer loop
      vertex 35.25 63.199999999999996 6.1
      vertex 35.633022169128814 63.18796304341245 8.1
      vertex 35.25 63.199999999999996 8.1
    endloop
  endfacet
  facet normal -0.0941083133185164 -0.9955619646030797 0
    outer loop
      vertex 35.633022169128814 63.18796304341245 6.1
      vertex 36.01453272474225 63.15189967801831 8.1
      vertex 35.633022169128814 63.18796304341245 8.1
    endloop
  endfacet
  facet normal -0.15643446504022365 -0.9876883405951389 0
    outer loop
      vertex 36.01453272474225 63.15189967801831 6.1
      vertex 36.39302601897292 63.091952229445 8.1
      vertex 36.01453272474225 63.15189967801831 8.1
    endloop
  endfacet
  facet normal -0.2181432413965457 -0.9759167619387467 0
    outer loop
      vertex 36.39302601897292 63.091952229445 6.1
      vertex 36.76700831170562 63.008357282884646 8.1
      vertex 36.39302601897292 63.091952229445 8.1
    endloop
  endfacet
  facet normal -0.27899110603923 -0.9602936856769428 0
    outer loop
      vertex 36.76700831170562 63.008357282884646 6.1
      vertex 37.13500366568718 62.90144474940043 8.1
      vertex 36.76700831170562 63.008357282884646 8.1
    endloop
  endfacet
  facet normal -0.39714789063478595 -0.9177546256839788 0
    outer loop
      vertex 37.495559771376534 62.77163656391833 6.1
      vertex 37.84725367854694 62.61944502004271 8.1
      vertex 37.495559771376534 62.77163656391833 8.1
    endloop
  endfacet
  facet normal -0.4539904997395483 -0.891006524188367 0
    outer loop
      vertex 37.84725367854694 62.61944502004271 6.1
      vertex 38.18869741202046 62.44547074826756 8.1
      vertex 37.84725367854694 62.61944502004271 8.1
    endloop
  endfacet
  facet normal -0.3387379202452965 -0.9408807689542237 0
    outer loop
      vertex 37.13500366568718 62.90144474940043 6.1
      vertex 37.495559771376534 62.77163656391833 8.1
      vertex 37.13500366568718 62.90144474940043 8.1
    endloop
  endfacet
  facet normal -0.5090414157503726 -0.8607420270039428 0
    outer loop
      vertex 38.18869741202046 62.44547074826756 6.1
      vertex 38.518543449371876 62.250400345562284 8.1
      vertex 38.18869741202046 62.44547074826756 8.1
    endloop
  endfacet
  facet normal -0.5620833778521296 -0.8270805742745625 0
    outer loop
      vertex 38.518543449371876 62.250400345562284 6.1
      vertex 38.835490038984084 62.03500366568717 8.1
      vertex 38.518543449371876 62.250400345562284 8.1
    endloop
  endfacet
  facet normal -0.6613118653236512 -0.75011106963046 0
    outer loop
      vertex 39.13828633746701 61.80013078093231 6.1
      vertex 39.425737346165 61.546708627270604 8.1
      vertex 39.13828633746701 61.80013078093231 8.1
    endloop
  endfacet
  facet normal -0.612907053652971 -0.7901550123756945 0
    outer loop
      vertex 38.835490038984084 62.03500366568717 6.1
      vertex 39.13828633746701 61.80013078093231 8.1
      vertex 38.835490038984084 62.03500366568717 8.1
    endloop
  endfacet
  facet normal -0.7901550123756945 -0.612907053652971 0
    outer loop
      vertex 39.95013078093231 60.988286337467 6.1
      vertex 40.18500366568718 60.68549003898408 8.1
      vertex 39.95013078093231 60.988286337467 8.1
    endloop
  endfacet
  facet normal -0.8607420270039428 -0.5090414157503726 0
    outer loop
      vertex 40.40040034556229 60.36854344937187 6.1
      vertex 40.595470748267566 60.038697412020454 8.1
      vertex 40.40040034556229 60.36854344937187 8.1
    endloop
  endfacet
  facet normal -0.8270805742745625 -0.5620833778521296 0
    outer loop
      vertex 40.18500366568718 60.68549003898408 6.1
      vertex 40.40040034556229 60.36854344937187 8.1
      vertex 40.18500366568718 60.68549003898408 8.1
    endloop
  endfacet
  facet normal -0.9876883405951389 -0.15643446504022365 0
    outer loop
      vertex 41.241952229445005 58.24302601897291 6.1
      vertex 41.301899678018316 57.86453272474225 8.1
      vertex 41.241952229445005 58.24302601897291 8.1
    endloop
  endfacet
  facet normal -0.9955619646030797 -0.0941083133185164 0
    outer loop
      vertex 41.301899678018316 57.86453272474225 6.1
      vertex 41.33796304341246 57.48302216912881 8.1
      vertex 41.301899678018316 57.86453272474225 8.1
    endloop
  endfacet
  facet normal -0.9759167619387467 -0.2181432413965457 0
    outer loop
      vertex 41.15835728288465 58.61700831170561 6.1
      vertex 41.241952229445005 58.24302601897291 8.1
      vertex 41.15835728288465 58.61700831170561 8.1
    endloop
  endfacet
  facet normal -0.9602936856769428 -0.27899110603923 0
    outer loop
      vertex 41.05144474940044 58.985003665687174 6.1
      vertex 41.15835728288465 58.61700831170561 8.1
      vertex 41.05144474940044 58.985003665687174 8.1
    endloop
  endfacet
  facet normal -0.891006524188367 -0.4539904997395483 0
    outer loop
      vertex 40.595470748267566 60.038697412020454 6.1
      vertex 40.76944502004272 59.697253678546936 8.1
      vertex 40.595470748267566 60.038697412020454 8.1
    endloop
  endfacet
  facet normal -0.9177546256839788 -0.39714789063478595 0
    outer loop
      vertex 40.76944502004272 59.697253678546936 6.1
      vertex 40.921636563918334 59.34555977137653 8.1
      vertex 40.76944502004272 59.697253678546936 8.1
    endloop
  endfacet
  facet normal -0.9408807689542237 -0.3387379202452965 0
    outer loop
      vertex 40.921636563918334 59.34555977137653 6.1
      vertex 41.05144474940044 58.985003665687174 8.1
      vertex 40.921636563918334 59.34555977137653 8.1
    endloop
  endfacet
  facet normal -0.7071067811865476 -0.7071067811865476 0
    outer loop
      vertex 39.425737346165 61.546708627270604 6.1
      vertex 39.69670862727061 61.275737346164995 8.1
      vertex 39.425737346165 61.546708627270604 8.1
    endloop
  endfacet
  facet normal -0.75011106963046 -0.6613118653236512 0
    outer loop
      vertex 39.69670862727061 61.275737346164995 6.1
      vertex 39.95013078093231 60.988286337467 8.1
      vertex 39.69670862727061 61.275737346164995 8.1
    endloop
  endfacet
  facet normal 0.9408807689542237 0.3387379202452965 0
    outer loop
      vertex 51.19855525059956 14.414996334312821 6.1
      vertex 51.19855525059956 14.414996334312821 8.1
      vertex 51.328363436081666 14.054440228623466 6.1
    endloop
  endfacet
  facet normal 0.9177546256839788 0.39714789063478595 0
    outer loop
      vertex 51.48055497995728 13.70274632145306 6.1
      vertex 51.328363436081666 14.054440228623466 6.1
      vertex 51.328363436081666 14.054440228623466 8.1
    endloop
  endfacet
  facet normal 0.7501110696304621 0.6613118653236489 0
    outer loop
      vertex 52.29986921906769 12.411713662532994 6.1
      vertex 52.29986921906769 12.411713662532994 8.1
      vertex 52.55329137272939 12.124262653835 6.1
    endloop
  endfacet
  facet normal 0.8270805742745609 0.5620833778521318 0
    outer loop
      vertex 52.06499633431282 12.714509961015915 6.1
      vertex 51.84959965443771 13.031456550628121 6.1
      vertex 51.84959965443771 13.031456550628121 8.1
    endloop
  endfacet
  facet normal 0.8607420270039428 0.5090414157503726 0
    outer loop
      vertex 51.654529251732434 13.361302587979537 6.1
      vertex 51.654529251732434 13.361302587979537 8.1
      vertex 51.84959965443771 13.031456550628121 6.1
    endloop
  endfacet
  facet normal 0.891006524188369 0.45399049973954464 0
    outer loop
      vertex 51.48055497995728 13.70274632145306 6.1
      vertex 51.48055497995728 13.70274632145306 8.1
      vertex 51.654529251732434 13.361302587979537 6.1
    endloop
  endfacet
  facet normal 0.7901550123756911 0.6129070536529756 0
    outer loop
      vertex 52.06499633431282 12.714509961015915 6.1
      vertex 52.06499633431282 12.714509961015915 8.1
      vertex 52.29986921906769 12.411713662532994 6.1
    endloop
  endfacet
  facet normal 0.9408807689542237 0.3387379202452965 0
    outer loop
      vertex 51.328363436081666 14.054440228623466 6.1
      vertex 51.19855525059956 14.414996334312821 8.1
      vertex 51.328363436081666 14.054440228623466 8.1
    endloop
  endfacet
  facet normal 0.7901550123756911 0.6129070536529756 0
    outer loop
      vertex 52.29986921906769 12.411713662532994 6.1
      vertex 52.06499633431282 12.714509961015915 8.1
      vertex 52.29986921906769 12.411713662532994 8.1
    endloop
  endfacet
  facet normal 0.7501110696304621 0.6613118653236489 0
    outer loop
      vertex 52.55329137272939 12.124262653835 6.1
      vertex 52.29986921906769 12.411713662532994 8.1
      vertex 52.55329137272939 12.124262653835 8.1
    endloop
  endfacet
  facet normal 0.8607420270039428 0.5090414157503726 0
    outer loop
      vertex 51.84959965443771 13.031456550628121 6.1
      vertex 51.654529251732434 13.361302587979537 8.1
      vertex 51.84959965443771 13.031456550628121 8.1
    endloop
  endfacet
  facet normal 0.9177546256839788 0.39714789063478595 0
    outer loop
      vertex 51.48055497995728 13.70274632145306 6.1
      vertex 51.328363436081666 14.054440228623466 8.1
      vertex 51.48055497995728 13.70274632145306 8.1
    endloop
  endfacet
  facet normal 0.891006524188369 0.45399049973954464 0
    outer loop
      vertex 51.654529251732434 13.361302587979537 6.1
      vertex 51.48055497995728 13.70274632145306 8.1
      vertex 51.654529251732434 13.361302587979537 8.1
    endloop
  endfacet
  facet normal 0.8270805742745609 0.5620833778521318 0
    outer loop
      vertex 52.06499633431282 12.714509961015915 6.1
      vertex 51.84959965443771 13.031456550628121 8.1
      vertex 52.06499633431282 12.714509961015915 8.1
    endloop
  endfacet
  facet normal 0.9602936856769432 0.2789911060392288 0
    outer loop
      vertex 51.19855525059956 14.414996334312821 6.1
      vertex 51.09164271711535 14.782991688294386 6.1
      vertex 51.09164271711535 14.782991688294386 8.1
    endloop
  endfacet
  facet normal 0.97591676193875 0.21814324139653102 0
    outer loop
      vertex 51.008047770555 15.156973981027079 6.1
      vertex 51.008047770555 15.156973981027079 8.1
      vertex 51.09164271711535 14.782991688294386 6.1
    endloop
  endfacet
  facet normal 0.9876883405951361 0.156434465040241 0
    outer loop
      vertex 51.008047770555 15.156973981027079 6.1
      vertex 50.948100321981684 15.535467275257746 6.1
      vertex 50.948100321981684 15.535467275257746 8.1
    endloop
  endfacet
  facet normal 0.9955619646030799 0.09410831331851512 0
    outer loop
      vertex 50.948100321981684 15.535467275257746 6.1
      vertex 50.91203695658754 15.91697783087119 6.1
      vertex 50.91203695658754 15.91697783087119 8.1
    endloop
  endfacet
  facet normal 0.9995065603657315 0.03141075907812857 0
    outer loop
      vertex 50.91203695658754 15.91697783087119 6.1
      vertex 50.9 16.3 6.1
      vertex 50.9 16.3 8.1
    endloop
  endfacet
  facet normal 0.9995065603657315 -0.03141075907812857 0
    outer loop
      vertex 50.9 16.3 6.1
      vertex 50.91203695658754 16.68302216912881 6.1
      vertex 50.91203695658754 16.68302216912881 8.1
    endloop
  endfacet
  facet normal 0.9955619646030799 -0.09410831331851467 0
    outer loop
      vertex 50.91203695658754 16.68302216912881 6.1
      vertex 50.948100321981684 17.064532724742257 6.1
      vertex 50.948100321981684 17.064532724742257 8.1
    endloop
  endfacet
  facet normal 0.987688340595136 -0.15643446504024172 0
    outer loop
      vertex 50.948100321981684 17.064532724742257 6.1
      vertex 51.008047770555 17.443026018972922 6.1
      vertex 51.008047770555 17.443026018972922 8.1
    endloop
  endfacet
  facet normal 0.9759167619387498 -0.218143241396532 0
    outer loop
      vertex 51.008047770555 17.443026018972922 6.1
      vertex 51.09164271711535 17.817008311705614 6.1
      vertex 51.09164271711535 17.817008311705614 8.1
    endloop
  endfacet
  facet normal 0.9602936856769436 -0.27899110603922755 0
    outer loop
      vertex 51.09164271711535 17.817008311705614 6.1
      vertex 51.19855525059956 18.18500366568718 6.1
      vertex 51.19855525059956 18.18500366568718 8.1
    endloop
  endfacet
  facet normal 0.9408807689542237 -0.3387379202452965 0
    outer loop
      vertex 51.19855525059956 18.18500366568718 6.1
      vertex 51.328363436081666 18.545559771376535 6.1
      vertex 51.328363436081666 18.545559771376535 8.1
    endloop
  endfacet
  facet normal 0.9177546256839788 -0.39714789063478595 0
    outer loop
      vertex 51.328363436081666 18.545559771376535 6.1
      vertex 51.48055497995728 18.897253678546942 6.1
      vertex 51.48055497995728 18.897253678546942 8.1
    endloop
  endfacet
  facet normal 0.891006524188369 -0.45399049973954464 0
    outer loop
      vertex 51.48055497995728 18.897253678546942 6.1
      vertex 51.654529251732434 19.238697412020464 6.1
      vertex 51.654529251732434 19.238697412020464 8.1
    endloop
  endfacet
  facet normal 0.8607420270039428 -0.5090414157503726 0
    outer loop
      vertex 51.654529251732434 19.238697412020464 6.1
      vertex 51.84959965443771 19.56854344937188 6.1
      vertex 51.84959965443771 19.56854344937188 8.1
    endloop
  endfacet
  facet normal 0.8270805742745625 -0.5620833778521296 0
    outer loop
      vertex 51.84959965443771 19.56854344937188 6.1
      vertex 52.06499633431282 19.885490038984088 6.1
      vertex 52.06499633431282 19.885490038984088 8.1
    endloop
  endfacet
  facet normal 0.7901550123756911 -0.6129070536529756 0
    outer loop
      vertex 52.06499633431282 19.885490038984088 6.1
      vertex 52.29986921906769 20.18828633746701 6.1
      vertex 52.29986921906769 20.18828633746701 8.1
    endloop
  endfacet
  facet normal 0.75011106963046 -0.6613118653236512 0
    outer loop
      vertex 52.29986921906769 20.18828633746701 6.1
      vertex 52.55329137272939 20.475737346165 6.1
      vertex 52.55329137272939 20.475737346165 8.1
    endloop
  endfacet
  facet normal 0.97591676193875 0.21814324139653102 0
    outer loop
      vertex 51.09164271711535 14.782991688294386 6.1
      vertex 51.008047770555 15.156973981027079 8.1
      vertex 51.09164271711535 14.782991688294386 8.1
    endloop
  endfacet
  facet normal 0.9602936856769432 0.2789911060392288 0
    outer loop
      vertex 51.19855525059956 14.414996334312821 6.1
      vertex 51.09164271711535 14.782991688294386 8.1
      vertex 51.19855525059956 14.414996334312821 8.1
    endloop
  endfacet
  facet normal 0.9876883405951361 0.156434465040241 0
    outer loop
      vertex 51.008047770555 15.156973981027079 6.1
      vertex 50.948100321981684 15.535467275257746 8.1
      vertex 51.008047770555 15.156973981027079 8.1
    endloop
  endfacet
  facet normal 0.9955619646030799 0.09410831331851512 0
    outer loop
      vertex 50.948100321981684 15.535467275257746 6.1
      vertex 50.91203695658754 15.91697783087119 8.1
      vertex 50.948100321981684 15.535467275257746 8.1
    endloop
  endfacet
  facet normal 0.9995065603657315 0.03141075907812857 0
    outer loop
      vertex 50.91203695658754 15.91697783087119 6.1
      vertex 50.9 16.3 8.1
      vertex 50.91203695658754 15.91697783087119 8.1
    endloop
  endfacet
  facet normal 0.9995065603657315 -0.03141075907812857 0
    outer loop
      vertex 50.9 16.3 6.1
      vertex 50.91203695658754 16.68302216912881 8.1
      vertex 50.9 16.3 8.1
    endloop
  endfacet
  facet normal 0.9955619646030799 -0.09410831331851467 0
    outer loop
      vertex 50.91203695658754 16.68302216912881 6.1
      vertex 50.948100321981684 17.064532724742257 8.1
      vertex 50.91203695658754 16.68302216912881 8.1
    endloop
  endfacet
  facet normal 0.987688340595136 -0.15643446504024172 0
    outer loop
      vertex 50.948100321981684 17.064532724742257 6.1
      vertex 51.008047770555 17.443026018972922 8.1
      vertex 50.948100321981684 17.064532724742257 8.1
    endloop
  endfacet
  facet normal 0.9759167619387498 -0.218143241396532 0
    outer loop
      vertex 51.008047770555 17.443026018972922 6.1
      vertex 51.09164271711535 17.817008311705614 8.1
      vertex 51.008047770555 17.443026018972922 8.1
    endloop
  endfacet
  facet normal 0.9602936856769436 -0.27899110603922755 0
    outer loop
      vertex 51.09164271711535 17.817008311705614 6.1
      vertex 51.19855525059956 18.18500366568718 8.1
      vertex 51.09164271711535 17.817008311705614 8.1
    endloop
  endfacet
  facet normal 0.9408807689542237 -0.3387379202452965 0
    outer loop
      vertex 51.19855525059956 18.18500366568718 6.1
      vertex 51.328363436081666 18.545559771376535 8.1
      vertex 51.19855525059956 18.18500366568718 8.1
    endloop
  endfacet
  facet normal 0.9177546256839788 -0.39714789063478595 0
    outer loop
      vertex 51.328363436081666 18.545559771376535 6.1
      vertex 51.48055497995728 18.897253678546942 8.1
      vertex 51.328363436081666 18.545559771376535 8.1
    endloop
  endfacet
  facet normal 0.891006524188369 -0.45399049973954464 0
    outer loop
      vertex 51.48055497995728 18.897253678546942 6.1
      vertex 51.654529251732434 19.238697412020464 8.1
      vertex 51.48055497995728 18.897253678546942 8.1
    endloop
  endfacet
  facet normal 0.8607420270039428 -0.5090414157503726 0
    outer loop
      vertex 51.654529251732434 19.238697412020464 6.1
      vertex 51.84959965443771 19.56854344937188 8.1
      vertex 51.654529251732434 19.238697412020464 8.1
    endloop
  endfacet
  facet normal 0.8270805742745625 -0.5620833778521296 0
    outer loop
      vertex 51.84959965443771 19.56854344937188 6.1
      vertex 52.06499633431282 19.885490038984088 8.1
      vertex 51.84959965443771 19.56854344937188 8.1
    endloop
  endfacet
  facet normal 0.7901550123756911 -0.6129070536529756 0
    outer loop
      vertex 52.06499633431282 19.885490038984088 6.1
      vertex 52.29986921906769 20.18828633746701 8.1
      vertex 52.06499633431282 19.885490038984088 8.1
    endloop
  endfacet
  facet normal 0.75011106963046 -0.6613118653236512 0
    outer loop
      vertex 52.29986921906769 20.18828633746701 6.1
      vertex 52.55329137272939 20.475737346165 8.1
      vertex 52.29986921906769 20.18828633746701 8.1
    endloop
  endfacet
  facet normal 0.39714789063478206 0.9177546256839805 0
    outer loop
      vertex 54.40274632145306 10.780554979957282 6.1
      vertex 54.40274632145306 10.780554979957282 8.1
      vertex 54.754440228623466 10.628363436081667 6.1
    endloop
  endfacet
  facet normal 0.7071067811865476 0.7071067811865476 0
    outer loop
      vertex 52.824262653835 11.853291372729391 6.1
      vertex 52.55329137272939 12.124262653835 6.1
      vertex 52.55329137272939 12.124262653835 8.1
    endloop
  endfacet
  facet normal 0.6613118653236565 0.7501110696304556 0
    outer loop
      vertex 52.824262653835 11.853291372729391 6.1
      vertex 52.824262653835 11.853291372729391 8.1
      vertex 53.11171366253299 11.599869219067685 6.1
    endloop
  endfacet
  facet normal 0.612907053652971 0.7901550123756945 0
    outer loop
      vertex 53.11171366253299 11.599869219067685 6.1
      vertex 53.11171366253299 11.599869219067685 8.1
      vertex 53.414509961015916 11.36499633431282 6.1
    endloop
  endfacet
  facet normal 0.5620833778521351 0.8270805742745588 0
    outer loop
      vertex 53.414509961015916 11.36499633431282 6.1
      vertex 53.414509961015916 11.36499633431282 8.1
      vertex 53.73145655062812 11.14959965443771 6.1
    endloop
  endfacet
  facet normal 0.5090414157503692 0.8607420270039449 0
    outer loop
      vertex 54.06130258797953 10.954529251732435 6.1
      vertex 53.73145655062812 11.14959965443771 6.1
      vertex 53.73145655062812 11.14959965443771 8.1
    endloop
  endfacet
  facet normal 0.45399049973954453 0.891006524188369 0
    outer loop
      vertex 54.06130258797953 10.954529251732435 6.1
      vertex 54.06130258797953 10.954529251732435 8.1
      vertex 54.40274632145306 10.780554979957282 6.1
    endloop
  endfacet
  facet normal 0.3387379202452882 0.9408807689542266 0
    outer loop
      vertex 54.754440228623466 10.628363436081667 6.1
      vertex 54.754440228623466 10.628363436081667 8.1
      vertex 55.11499633431282 10.498555250599566 6.1
    endloop
  endfacet
  facet normal 0.27899110603923427 0.9602936856769415 0
    outer loop
      vertex 55.11499633431282 10.498555250599566 6.1
      vertex 55.11499633431282 10.498555250599566 8.1
      vertex 55.48299168829438 10.391642717115351 6.1
    endloop
  endfacet
  facet normal 0.2181432413965413 0.9759167619387477 0
    outer loop
      vertex 55.48299168829438 10.391642717115351 6.1
      vertex 55.48299168829438 10.391642717115351 8.1
      vertex 55.85697398102708 10.308047770555 6.1
    endloop
  endfacet
  facet normal 0.1564344650402327 0.9876883405951374 0
    outer loop
      vertex 55.85697398102708 10.308047770555 6.1
      vertex 55.85697398102708 10.308047770555 8.1
      vertex 56.23546727525775 10.248100321981685 6.1
    endloop
  endfacet
  facet normal 0.09410831331851183 0.9955619646030802 0
    outer loop
      vertex 56.23546727525775 10.248100321981685 6.1
      vertex 56.23546727525775 10.248100321981685 8.1
      vertex 56.616977830871186 10.212036956587545 6.1
    endloop
  endfacet
  facet normal 0.03141075907812828 0.9995065603657315 0
    outer loop
      vertex 56.616977830871186 10.212036956587545 6.1
      vertex 56.616977830871186 10.212036956587545 8.1
      vertex 57 10.200000000000001 6.1
    endloop
  endfacet
  facet normal -0.03141075907812828 0.9995065603657315 0
    outer loop
      vertex 57 10.200000000000001 6.1
      vertex 57 10.200000000000001 8.1
      vertex 57.383022169128814 10.212036956587545 6.1
    endloop
  endfacet
  facet normal -0.09410831331851183 0.9955619646030802 0
    outer loop
      vertex 57.383022169128814 10.212036956587545 6.1
      vertex 57.383022169128814 10.212036956587545 8.1
      vertex 57.76453272474225 10.248100321981685 6.1
    endloop
  endfacet
  facet normal -0.1564344650402327 0.9876883405951374 0
    outer loop
      vertex 57.76453272474225 10.248100321981685 6.1
      vertex 57.76453272474225 10.248100321981685 8.1
      vertex 58.14302601897292 10.308047770555 6.1
    endloop
  endfacet
  facet normal -0.21814324139654523 0.9759167619387468 0
    outer loop
      vertex 58.14302601897292 10.308047770555 6.1
      vertex 58.14302601897292 10.308047770555 8.1
      vertex 58.51700831170561 10.391642717115351 6.1
    endloop
  endfacet
  facet normal -0.27899110603922933 0.960293685676943 0
    outer loop
      vertex 58.51700831170561 10.391642717115351 6.1
      vertex 58.51700831170561 10.391642717115351 8.1
      vertex 58.88500366568718 10.498555250599566 6.1
    endloop
  endfacet
  facet normal -0.33873792024529237 0.9408807689542252 0
    outer loop
      vertex 58.88500366568718 10.498555250599566 6.1
      vertex 58.88500366568718 10.498555250599566 8.1
      vertex 59.245559771376534 10.628363436081669 6.1
    endloop
  endfacet
  facet normal -0.3971478906347782 0.9177546256839823 0
    outer loop
      vertex 59.245559771376534 10.628363436081669 6.1
      vertex 59.245559771376534 10.628363436081669 8.1
      vertex 59.59725367854694 10.780554979957282 6.1
    endloop
  endfacet
  facet normal -0.45399049973954453 0.891006524188369 0
    outer loop
      vertex 59.59725367854694 10.780554979957282 6.1
      vertex 59.59725367854694 10.780554979957282 8.1
      vertex 59.93869741202047 10.954529251732435 6.1
    endloop
  endfacet
  facet normal -0.509041415750374 0.8607420270039421 0
    outer loop
      vertex 59.93869741202047 10.954529251732435 6.1
      vertex 59.93869741202047 10.954529251732435 8.1
      vertex 60.268543449371876 11.149599654437708 6.1
    endloop
  endfacet
  facet normal -0.5620833778521296 0.8270805742745625 0
    outer loop
      vertex 60.268543449371876 11.149599654437708 6.1
      vertex 60.268543449371876 11.149599654437708 8.1
      vertex 60.585490038984084 11.36499633431282 6.1
    endloop
  endfacet
  facet normal -0.6129070536529768 0.79015501237569 0
    outer loop
      vertex 60.585490038984084 11.36499633431282 6.1
      vertex 60.585490038984084 11.36499633431282 8.1
      vertex 60.88828633746701 11.599869219067688 6.1
    endloop
  endfacet
  facet normal -0.6613118653236512 0.75011106963046 0
    outer loop
      vertex 60.88828633746701 11.599869219067688 6.1
      vertex 60.88828633746701 11.599869219067688 8.1
      vertex 61.175737346165 11.853291372729391 6.1
    endloop
  endfacet
  facet normal 0.39714789063478206 0.9177546256839805 0
    outer loop
      vertex 54.754440228623466 10.628363436081667 6.1
      vertex 54.40274632145306 10.780554979957282 8.1
      vertex 54.754440228623466 10.628363436081667 8.1
    endloop
  endfacet
  facet normal 0.7071067811865476 0.7071067811865476 0
    outer loop
      vertex 52.824262653835 11.853291372729391 6.1
      vertex 52.55329137272939 12.124262653835 8.1
      vertex 52.824262653835 11.853291372729391 8.1
    endloop
  endfacet
  facet normal 0.6613118653236565 0.7501110696304556 0
    outer loop
      vertex 53.11171366253299 11.599869219067685 6.1
      vertex 52.824262653835 11.853291372729391 8.1
      vertex 53.11171366253299 11.599869219067685 8.1
    endloop
  endfacet
  facet normal 0.612907053652971 0.7901550123756945 0
    outer loop
      vertex 53.414509961015916 11.36499633431282 6.1
      vertex 53.11171366253299 11.599869219067685 8.1
      vertex 53.414509961015916 11.36499633431282 8.1
    endloop
  endfacet
  facet normal 0.5620833778521351 0.8270805742745588 0
    outer loop
      vertex 53.73145655062812 11.14959965443771 6.1
      vertex 53.414509961015916 11.36499633431282 8.1
      vertex 53.73145655062812 11.14959965443771 8.1
    endloop
  endfacet
  facet normal 0.5090414157503692 0.8607420270039449 0
    outer loop
      vertex 54.06130258797953 10.954529251732435 6.1
      vertex 53.73145655062812 11.14959965443771 8.1
      vertex 54.06130258797953 10.954529251732435 8.1
    endloop
  endfacet
  facet normal 0.45399049973954453 0.891006524188369 0
    outer loop
      vertex 54.40274632145306 10.780554979957282 6.1
      vertex 54.06130258797953 10.954529251732435 8.1
      vertex 54.40274632145306 10.780554979957282 8.1
    endloop
  endfacet
  facet normal 0.3387379202452882 0.9408807689542266 0
    outer loop
      vertex 55.11499633431282 10.498555250599566 6.1
      vertex 54.754440228623466 10.628363436081667 8.1
      vertex 55.11499633431282 10.498555250599566 8.1
    endloop
  endfacet
  facet normal 0.27899110603923427 0.9602936856769415 0
    outer loop
      vertex 55.48299168829438 10.391642717115351 6.1
      vertex 55.11499633431282 10.498555250599566 8.1
      vertex 55.48299168829438 10.391642717115351 8.1
    endloop
  endfacet
  facet normal 0.2181432413965413 0.9759167619387477 0
    outer loop
      vertex 55.85697398102708 10.308047770555 6.1
      vertex 55.48299168829438 10.391642717115351 8.1
      vertex 55.85697398102708 10.308047770555 8.1
    endloop
  endfacet
  facet normal 0.1564344650402327 0.9876883405951374 0
    outer loop
      vertex 56.23546727525775 10.248100321981685 6.1
      vertex 55.85697398102708 10.308047770555 8.1
      vertex 56.23546727525775 10.248100321981685 8.1
    endloop
  endfacet
  facet normal 0.09410831331851183 0.9955619646030802 0
    outer loop
      vertex 56.616977830871186 10.212036956587545 6.1
      vertex 56.23546727525775 10.248100321981685 8.1
      vertex 56.616977830871186 10.212036956587545 8.1
    endloop
  endfacet
  facet normal 0.03141075907812828 0.9995065603657315 0
    outer loop
      vertex 57 10.200000000000001 6.1
      vertex 56.616977830871186 10.212036956587545 8.1
      vertex 57 10.200000000000001 8.1
    endloop
  endfacet
  facet normal -0.03141075907812828 0.9995065603657315 0
    outer loop
      vertex 57.383022169128814 10.212036956587545 6.1
      vertex 57 10.200000000000001 8.1
      vertex 57.383022169128814 10.212036956587545 8.1
    endloop
  endfacet
  facet normal -0.09410831331851183 0.9955619646030802 0
    outer loop
      vertex 57.76453272474225 10.248100321981685 6.1
      vertex 57.383022169128814 10.212036956587545 8.1
      vertex 57.76453272474225 10.248100321981685 8.1
    endloop
  endfacet
  facet normal -0.1564344650402327 0.9876883405951374 0
    outer loop
      vertex 58.14302601897292 10.308047770555 6.1
      vertex 57.76453272474225 10.248100321981685 8.1
      vertex 58.14302601897292 10.308047770555 8.1
    endloop
  endfacet
  facet normal -0.21814324139654523 0.9759167619387468 0
    outer loop
      vertex 58.51700831170561 10.391642717115351 6.1
      vertex 58.14302601897292 10.308047770555 8.1
      vertex 58.51700831170561 10.391642717115351 8.1
    endloop
  endfacet
  facet normal -0.27899110603922933 0.960293685676943 0
    outer loop
      vertex 58.88500366568718 10.498555250599566 6.1
      vertex 58.51700831170561 10.391642717115351 8.1
      vertex 58.88500366568718 10.498555250599566 8.1
    endloop
  endfacet
  facet normal -0.33873792024529237 0.9408807689542252 0
    outer loop
      vertex 59.245559771376534 10.628363436081669 6.1
      vertex 58.88500366568718 10.498555250599566 8.1
      vertex 59.245559771376534 10.628363436081669 8.1
    endloop
  endfacet
  facet normal -0.3971478906347782 0.9177546256839823 0
    outer loop
      vertex 59.59725367854694 10.780554979957282 6.1
      vertex 59.245559771376534 10.628363436081669 8.1
      vertex 59.59725367854694 10.780554979957282 8.1
    endloop
  endfacet
  facet normal -0.45399049973954453 0.891006524188369 0
    outer loop
      vertex 59.93869741202047 10.954529251732435 6.1
      vertex 59.59725367854694 10.780554979957282 8.1
      vertex 59.93869741202047 10.954529251732435 8.1
    endloop
  endfacet
  facet normal -0.509041415750374 0.8607420270039421 0
    outer loop
      vertex 60.268543449371876 11.149599654437708 6.1
      vertex 59.93869741202047 10.954529251732435 8.1
      vertex 60.268543449371876 11.149599654437708 8.1
    endloop
  endfacet
  facet normal -0.5620833778521296 0.8270805742745625 0
    outer loop
      vertex 60.585490038984084 11.36499633431282 6.1
      vertex 60.268543449371876 11.149599654437708 8.1
      vertex 60.585490038984084 11.36499633431282 8.1
    endloop
  endfacet
  facet normal -0.6129070536529768 0.79015501237569 0
    outer loop
      vertex 60.88828633746701 11.599869219067688 6.1
      vertex 60.585490038984084 11.36499633431282 8.1
      vertex 60.88828633746701 11.599869219067688 8.1
    endloop
  endfacet
  facet normal -0.6613118653236512 0.75011106963046 0
    outer loop
      vertex 61.175737346165 11.853291372729391 6.1
      vertex 60.88828633746701 11.599869219067688 8.1
      vertex 61.175737346165 11.853291372729391 8.1
    endloop
  endfacet
  facet normal 0.7071067811865476 -0.7071067811865476 0
    outer loop
      vertex 52.55329137272939 20.475737346165 6.1
      vertex 52.824262653835 20.74670862727061 6.1
      vertex 52.824262653835 20.74670862727061 8.1
    endloop
  endfacet
  facet normal 0.6613118653236565 -0.7501110696304556 0
    outer loop
      vertex 52.824262653835 20.74670862727061 6.1
      vertex 53.11171366253299 21.000130780932317 6.1
      vertex 53.11171366253299 21.000130780932317 8.1
    endloop
  endfacet
  facet normal 0.612907053652971 -0.7901550123756945 0
    outer loop
      vertex 53.11171366253299 21.000130780932317 6.1
      vertex 53.414509961015916 21.23500366568718 6.1
      vertex 53.414509961015916 21.23500366568718 8.1
    endloop
  endfacet
  facet normal 0.5620833778521382 -0.8270805742745566 0
    outer loop
      vertex 53.414509961015916 21.23500366568718 6.1
      vertex 53.73145655062812 21.450400345562294 6.1
      vertex 53.73145655062812 21.450400345562294 8.1
    endloop
  endfacet
  facet normal 0.5090414157503647 -0.8607420270039476 0
    outer loop
      vertex 53.73145655062812 21.450400345562294 6.1
      vertex 54.06130258797954 21.64547074826757 6.1
      vertex 54.06130258797954 21.64547074826757 8.1
    endloop
  endfacet
  facet normal 0.4539904997395483 -0.891006524188367 0
    outer loop
      vertex 54.06130258797954 21.64547074826757 6.1
      vertex 54.40274632145306 21.81944502004272 6.1
      vertex 54.40274632145306 21.81944502004272 8.1
    endloop
  endfacet
  facet normal 0.3971478906347782 -0.9177546256839823 0
    outer loop
      vertex 54.40274632145306 21.81944502004272 6.1
      vertex 54.754440228623466 21.971636563918334 6.1
      vertex 54.754440228623466 21.971636563918334 8.1
    endloop
  endfacet
  facet normal 0.3387379202452882 -0.9408807689542266 0
    outer loop
      vertex 54.754440228623466 21.971636563918334 6.1
      vertex 55.11499633431282 22.101444749400436 6.1
      vertex 55.11499633431282 22.101444749400436 8.1
    endloop
  endfacet
  facet normal 0.27899110603923 -0.9602936856769428 0
    outer loop
      vertex 55.11499633431282 22.101444749400436 6.1
      vertex 55.48299168829438 22.20835728288465 6.1
      vertex 55.48299168829438 22.20835728288465 8.1
    endloop
  endfacet
  facet normal 0.2181432413965457 -0.9759167619387467 0
    outer loop
      vertex 55.48299168829438 22.20835728288465 6.1
      vertex 55.85697398102708 22.291952229445002 6.1
      vertex 55.85697398102708 22.291952229445002 8.1
    endloop
  endfacet
  facet normal 0.1564344650402327 -0.9876883405951374 0
    outer loop
      vertex 55.85697398102708 22.291952229445002 6.1
      vertex 56.23546727525775 22.351899678018317 6.1
      vertex 56.23546727525775 22.351899678018317 8.1
    endloop
  endfacet
  facet normal 0.09410831331850723 -0.9955619646030807 0
    outer loop
      vertex 56.23546727525775 22.351899678018317 6.1
      vertex 56.616977830871186 22.387963043412455 6.1
      vertex 56.616977830871186 22.387963043412455 8.1
    endloop
  endfacet
  facet normal 0.03141075907812828 -0.9995065603657315 0
    outer loop
      vertex 56.616977830871186 22.387963043412455 6.1
      vertex 57 22.4 6.1
      vertex 57 22.4 8.1
    endloop
  endfacet
  facet normal -0.5090414157503726 -0.8607420270039428 0
    outer loop
      vertex 59.93869741202046 21.64547074826757 6.1
      vertex 60.268543449371876 21.450400345562294 6.1
      vertex 60.268543449371876 21.450400345562294 8.1
    endloop
  endfacet
  facet normal -0.5620833778521296 -0.8270805742745625 0
    outer loop
      vertex 60.268543449371876 21.450400345562294 6.1
      vertex 60.585490038984084 21.23500366568718 6.1
      vertex 60.585490038984084 21.23500366568718 8.1
    endloop
  endfacet
  facet normal -0.6129070536529768 -0.79015501237569 0
    outer loop
      vertex 60.585490038984084 21.23500366568718 6.1
      vertex 60.88828633746701 21.000130780932313 6.1
      vertex 60.88828633746701 21.000130780932313 8.1
    endloop
  endfacet
  facet normal -0.6613118653236512 -0.75011106963046 0
    outer loop
      vertex 60.88828633746701 21.000130780932313 6.1
      vertex 61.175737346165 20.74670862727061 6.1
      vertex 61.175737346165 20.74670862727061 8.1
    endloop
  endfacet
  facet normal -0.03141075907812828 -0.9995065603657315 0
    outer loop
      vertex 57.383022169128814 22.387963043412455 6.1
      vertex 57.383022169128814 22.387963043412455 8.1
      vertex 57 22.4 6.1
    endloop
  endfacet
  facet normal -0.09410831331850723 -0.9955619646030807 0
    outer loop
      vertex 57.383022169128814 22.387963043412455 6.1
      vertex 57.76453272474225 22.351899678018317 6.1
      vertex 57.76453272474225 22.351899678018317 8.1
    endloop
  endfacet
  facet normal -0.1564344650402327 -0.9876883405951374 0
    outer loop
      vertex 57.76453272474225 22.351899678018317 6.1
      vertex 58.14302601897292 22.291952229445002 6.1
      vertex 58.14302601897292 22.291952229445002 8.1
    endloop
  endfacet
  facet normal -0.2181432413965457 -0.9759167619387467 0
    outer loop
      vertex 58.14302601897292 22.291952229445002 6.1
      vertex 58.51700831170562 22.20835728288465 6.1
      vertex 58.51700831170562 22.20835728288465 8.1
    endloop
  endfacet
  facet normal -0.27899110603923 -0.9602936856769428 0
    outer loop
      vertex 58.51700831170562 22.20835728288465 6.1
      vertex 58.88500366568718 22.101444749400436 6.1
      vertex 58.88500366568718 22.101444749400436 8.1
    endloop
  endfacet
  facet normal -0.3387379202452882 -0.9408807689542266 0
    outer loop
      vertex 58.88500366568718 22.101444749400436 6.1
      vertex 59.245559771376534 21.971636563918334 6.1
      vertex 59.245559771376534 21.971636563918334 8.1
    endloop
  endfacet
  facet normal -0.3971478906347782 -0.9177546256839823 0
    outer loop
      vertex 59.245559771376534 21.971636563918334 6.1
      vertex 59.59725367854694 21.81944502004272 6.1
      vertex 59.59725367854694 21.81944502004272 8.1
    endloop
  endfacet
  facet normal -0.4539904997395483 -0.891006524188367 0
    outer loop
      vertex 59.59725367854694 21.81944502004272 6.1
      vertex 59.93869741202046 21.64547074826757 6.1
      vertex 59.93869741202046 21.64547074826757 8.1
    endloop
  endfacet
  facet normal 0.7071067811865476 -0.7071067811865476 0
    outer loop
      vertex 52.55329137272939 20.475737346165 6.1
      vertex 52.824262653835 20.74670862727061 8.1
      vertex 52.55329137272939 20.475737346165 8.1
    endloop
  endfacet
  facet normal 0.6613118653236565 -0.7501110696304556 0
    outer loop
      vertex 52.824262653835 20.74670862727061 6.1
      vertex 53.11171366253299 21.000130780932317 8.1
      vertex 52.824262653835 20.74670862727061 8.1
    endloop
  endfacet
  facet normal 0.612907053652971 -0.7901550123756945 0
    outer loop
      vertex 53.11171366253299 21.000130780932317 6.1
      vertex 53.414509961015916 21.23500366568718 8.1
      vertex 53.11171366253299 21.000130780932317 8.1
    endloop
  endfacet
  facet normal 0.5620833778521382 -0.8270805742745566 0
    outer loop
      vertex 53.414509961015916 21.23500366568718 6.1
      vertex 53.73145655062812 21.450400345562294 8.1
      vertex 53.414509961015916 21.23500366568718 8.1
    endloop
  endfacet
  facet normal 0.5090414157503647 -0.8607420270039476 0
    outer loop
      vertex 53.73145655062812 21.450400345562294 6.1
      vertex 54.06130258797954 21.64547074826757 8.1
      vertex 53.73145655062812 21.450400345562294 8.1
    endloop
  endfacet
  facet normal 0.4539904997395483 -0.891006524188367 0
    outer loop
      vertex 54.06130258797954 21.64547074826757 6.1
      vertex 54.40274632145306 21.81944502004272 8.1
      vertex 54.06130258797954 21.64547074826757 8.1
    endloop
  endfacet
  facet normal 0.3971478906347782 -0.9177546256839823 0
    outer loop
      vertex 54.40274632145306 21.81944502004272 6.1
      vertex 54.754440228623466 21.971636563918334 8.1
      vertex 54.40274632145306 21.81944502004272 8.1
    endloop
  endfacet
  facet normal 0.3387379202452882 -0.9408807689542266 0
    outer loop
      vertex 54.754440228623466 21.971636563918334 6.1
      vertex 55.11499633431282 22.101444749400436 8.1
      vertex 54.754440228623466 21.971636563918334 8.1
    endloop
  endfacet
  facet normal 0.27899110603923 -0.9602936856769428 0
    outer loop
      vertex 55.11499633431282 22.101444749400436 6.1
      vertex 55.48299168829438 22.20835728288465 8.1
      vertex 55.11499633431282 22.101444749400436 8.1
    endloop
  endfacet
  facet normal 0.2181432413965457 -0.9759167619387467 0
    outer loop
      vertex 55.48299168829438 22.20835728288465 6.1
      vertex 55.85697398102708 22.291952229445002 8.1
      vertex 55.48299168829438 22.20835728288465 8.1
    endloop
  endfacet
  facet normal 0.1564344650402327 -0.9876883405951374 0
    outer loop
      vertex 55.85697398102708 22.291952229445002 6.1
      vertex 56.23546727525775 22.351899678018317 8.1
      vertex 55.85697398102708 22.291952229445002 8.1
    endloop
  endfacet
  facet normal 0.09410831331850723 -0.9955619646030807 0
    outer loop
      vertex 56.23546727525775 22.351899678018317 6.1
      vertex 56.616977830871186 22.387963043412455 8.1
      vertex 56.23546727525775 22.351899678018317 8.1
    endloop
  endfacet
  facet normal 0.03141075907812828 -0.9995065603657315 0
    outer loop
      vertex 56.616977830871186 22.387963043412455 6.1
      vertex 57 22.4 8.1
      vertex 56.616977830871186 22.387963043412455 8.1
    endloop
  endfacet
  facet normal -0.5620833778521296 -0.8270805742745625 0
    outer loop
      vertex 60.268543449371876 21.450400345562294 6.1
      vertex 60.585490038984084 21.23500366568718 8.1
      vertex 60.268543449371876 21.450400345562294 8.1
    endloop
  endfacet
  facet normal -0.6129070536529768 -0.79015501237569 0
    outer loop
      vertex 60.585490038984084 21.23500366568718 6.1
      vertex 60.88828633746701 21.000130780932313 8.1
      vertex 60.585490038984084 21.23500366568718 8.1
    endloop
  endfacet
  facet normal -0.6613118653236512 -0.75011106963046 0
    outer loop
      vertex 60.88828633746701 21.000130780932313 6.1
      vertex 61.175737346165 20.74670862727061 8.1
      vertex 60.88828633746701 21.000130780932313 8.1
    endloop
  endfacet
  facet normal -0.03141075907812828 -0.9995065603657315 0
    outer loop
      vertex 57 22.4 6.1
      vertex 57.383022169128814 22.387963043412455 8.1
      vertex 57 22.4 8.1
    endloop
  endfacet
  facet normal -0.09410831331850723 -0.9955619646030807 0
    outer loop
      vertex 57.383022169128814 22.387963043412455 6.1
      vertex 57.76453272474225 22.351899678018317 8.1
      vertex 57.383022169128814 22.387963043412455 8.1
    endloop
  endfacet
  facet normal -0.1564344650402327 -0.9876883405951374 0
    outer loop
      vertex 57.76453272474225 22.351899678018317 6.1
      vertex 58.14302601897292 22.291952229445002 8.1
      vertex 57.76453272474225 22.351899678018317 8.1
    endloop
  endfacet
  facet normal -0.2181432413965457 -0.9759167619387467 0
    outer loop
      vertex 58.14302601897292 22.291952229445002 6.1
      vertex 58.51700831170562 22.20835728288465 8.1
      vertex 58.14302601897292 22.291952229445002 8.1
    endloop
  endfacet
  facet normal -0.27899110603923 -0.9602936856769428 0
    outer loop
      vertex 58.51700831170562 22.20835728288465 6.1
      vertex 58.88500366568718 22.101444749400436 8.1
      vertex 58.51700831170562 22.20835728288465 8.1
    endloop
  endfacet
  facet normal -0.3387379202452882 -0.9408807689542266 0
    outer loop
      vertex 58.88500366568718 22.101444749400436 6.1
      vertex 59.245559771376534 21.971636563918334 8.1
      vertex 58.88500366568718 22.101444749400436 8.1
    endloop
  endfacet
  facet normal -0.3971478906347782 -0.9177546256839823 0
    outer loop
      vertex 59.245559771376534 21.971636563918334 6.1
      vertex 59.59725367854694 21.81944502004272 8.1
      vertex 59.245559771376534 21.971636563918334 8.1
    endloop
  endfacet
  facet normal -0.4539904997395483 -0.891006524188367 0
    outer loop
      vertex 59.59725367854694 21.81944502004272 6.1
      vertex 59.93869741202046 21.64547074826757 8.1
      vertex 59.59725367854694 21.81944502004272 8.1
    endloop
  endfacet
  facet normal -0.5090414157503726 -0.8607420270039428 0
    outer loop
      vertex 59.93869741202046 21.64547074826757 6.1
      vertex 60.268543449371876 21.450400345562294 8.1
      vertex 59.93869741202046 21.64547074826757 8.1
    endloop
  endfacet
  facet normal -0.7071067811865476 0.7071067811865476 0
    outer loop
      vertex 61.175737346165 11.853291372729391 6.1
      vertex 61.175737346165 11.853291372729391 8.1
      vertex 61.44670862727061 12.124262653835 6.1
    endloop
  endfacet
  facet normal -0.75011106963046 0.6613118653236512 0
    outer loop
      vertex 61.44670862727061 12.124262653835 6.1
      vertex 61.44670862727061 12.124262653835 8.1
      vertex 61.70013078093231 12.411713662532993 6.1
    endloop
  endfacet
  facet normal -0.7901550123756929 0.6129070536529734 0
    outer loop
      vertex 61.70013078093231 12.411713662532993 6.1
      vertex 61.70013078093231 12.411713662532993 8.1
      vertex 61.93500366568718 12.714509961015915 6.1
    endloop
  endfacet
  facet normal -0.827080574274564 0.5620833778521275 0
    outer loop
      vertex 61.93500366568718 12.714509961015915 6.1
      vertex 61.93500366568718 12.714509961015915 8.1
      vertex 62.15040034556229 13.031456550628125 6.1
    endloop
  endfacet
  facet normal -0.8607420270039404 0.5090414157503768 0
    outer loop
      vertex 62.15040034556229 13.031456550628125 6.1
      vertex 62.15040034556229 13.031456550628125 8.1
      vertex 62.345470748267566 13.361302587979537 6.1
    endloop
  endfacet
  facet normal -0.891006524188369 0.45399049973954464 0
    outer loop
      vertex 62.345470748267566 13.361302587979537 6.1
      vertex 62.345470748267566 13.361302587979537 8.1
      vertex 62.51944502004272 13.70274632145306 6.1
    endloop
  endfacet
  facet normal -0.9177546256839774 0.39714789063478934 0
    outer loop
      vertex 62.51944502004272 13.70274632145306 6.1
      vertex 62.51944502004272 13.70274632145306 8.1
      vertex 62.671636563918334 14.054440228623463 6.1
    endloop
  endfacet
  facet normal -0.9408807689542247 0.3387379202452935 0
    outer loop
      vertex 62.671636563918334 14.054440228623463 6.1
      vertex 62.671636563918334 14.054440228623463 8.1
      vertex 62.80144474940044 14.414996334312821 6.1
    endloop
  endfacet
  facet normal -0.7071067811865476 0.7071067811865476 0
    outer loop
      vertex 61.44670862727061 12.124262653835 6.1
      vertex 61.175737346165 11.853291372729391 8.1
      vertex 61.44670862727061 12.124262653835 8.1
    endloop
  endfacet
  facet normal -0.75011106963046 0.6613118653236512 0
    outer loop
      vertex 61.70013078093231 12.411713662532993 6.1
      vertex 61.44670862727061 12.124262653835 8.1
      vertex 61.70013078093231 12.411713662532993 8.1
    endloop
  endfacet
  facet normal -0.7901550123756929 0.6129070536529734 0
    outer loop
      vertex 61.93500366568718 12.714509961015915 6.1
      vertex 61.70013078093231 12.411713662532993 8.1
      vertex 61.93500366568718 12.714509961015915 8.1
    endloop
  endfacet
  facet normal -0.827080574274564 0.5620833778521275 0
    outer loop
      vertex 62.15040034556229 13.031456550628125 6.1
      vertex 61.93500366568718 12.714509961015915 8.1
      vertex 62.15040034556229 13.031456550628125 8.1
    endloop
  endfacet
  facet normal -0.8607420270039404 0.5090414157503768 0
    outer loop
      vertex 62.345470748267566 13.361302587979537 6.1
      vertex 62.15040034556229 13.031456550628125 8.1
      vertex 62.345470748267566 13.361302587979537 8.1
    endloop
  endfacet
  facet normal -0.891006524188369 0.45399049973954464 0
    outer loop
      vertex 62.51944502004272 13.70274632145306 6.1
      vertex 62.345470748267566 13.361302587979537 8.1
      vertex 62.51944502004272 13.70274632145306 8.1
    endloop
  endfacet
  facet normal -0.9177546256839774 0.39714789063478934 0
    outer loop
      vertex 62.671636563918334 14.054440228623463 6.1
      vertex 62.51944502004272 13.70274632145306 8.1
      vertex 62.671636563918334 14.054440228623463 8.1
    endloop
  endfacet
  facet normal -0.9408807689542247 0.3387379202452935 0
    outer loop
      vertex 62.80144474940044 14.414996334312821 6.1
      vertex 62.671636563918334 14.054440228623463 8.1
      vertex 62.80144474940044 14.414996334312821 8.1
    endloop
  endfacet
  facet normal -0.960293685676944 0.2789911060392263 0
    outer loop
      vertex 62.80144474940044 14.414996334312821 6.1
      vertex 62.80144474940044 14.414996334312821 8.1
      vertex 62.90835728288465 14.78299168829439 6.1
    endloop
  endfacet
  facet normal -0.9759167619387494 0.218143241396533 0
    outer loop
      vertex 62.90835728288465 14.78299168829439 6.1
      vertex 62.90835728288465 14.78299168829439 8.1
      vertex 62.991952229445 15.156973981027079 6.1
    endloop
  endfacet
  facet normal -0.9876883405951361 0.156434465040241 0
    outer loop
      vertex 62.991952229445 15.156973981027079 6.1
      vertex 62.991952229445 15.156973981027079 8.1
      vertex 63.051899678018316 15.535467275257746 6.1
    endloop
  endfacet
  facet normal -0.9955619646030797 0.09410831331851596 0
    outer loop
      vertex 63.051899678018316 15.535467275257746 6.1
      vertex 63.051899678018316 15.535467275257746 8.1
      vertex 63.08796304341246 15.916977830871186 6.1
    endloop
  endfacet
  facet normal -0.9995065603657315 0.03141075907812828 0
    outer loop
      vertex 63.08796304341246 15.916977830871186 6.1
      vertex 63.08796304341246 15.916977830871186 8.1
      vertex 63.1 16.3 6.1
    endloop
  endfacet
  facet normal -0.9995065603657315 -0.03141075907812857 0
    outer loop
      vertex 63.1 16.3 6.1
      vertex 63.1 16.3 8.1
      vertex 63.08796304341246 16.68302216912881 6.1
    endloop
  endfacet
  facet normal -0.9955619646030799 -0.09410831331851467 0
    outer loop
      vertex 63.08796304341246 16.68302216912881 6.1
      vertex 63.08796304341246 16.68302216912881 8.1
      vertex 63.051899678018316 17.064532724742257 6.1
    endloop
  endfacet
  facet normal -0.9876883405951389 -0.15643446504022365 0
    outer loop
      vertex 62.991952229445005 17.443026018972922 6.1
      vertex 63.051899678018316 17.064532724742257 6.1
      vertex 63.051899678018316 17.064532724742257 8.1
    endloop
  endfacet
  facet normal -0.9759167619387458 -0.21814324139654967 0
    outer loop
      vertex 62.991952229445005 17.443026018972922 6.1
      vertex 62.991952229445005 17.443026018972922 8.1
      vertex 62.90835728288465 17.817008311705614 6.1
    endloop
  endfacet
  facet normal -0.8270805742745625 -0.5620833778521296 0
    outer loop
      vertex 61.93500366568718 19.885490038984088 6.1
      vertex 62.15040034556229 19.56854344937188 6.1
      vertex 62.15040034556229 19.56854344937188 8.1
    endloop
  endfacet
  facet normal -0.8607420270039428 -0.5090414157503726 0
    outer loop
      vertex 62.345470748267566 19.238697412020464 6.1
      vertex 62.345470748267566 19.238697412020464 8.1
      vertex 62.15040034556229 19.56854344937188 6.1
    endloop
  endfacet
  facet normal -0.7071067811865476 -0.7071067811865476 0
    outer loop
      vertex 61.44670862727061 20.475737346165 6.1
      vertex 61.44670862727061 20.475737346165 8.1
      vertex 61.175737346165 20.74670862727061 6.1
    endloop
  endfacet
  facet normal -0.75011106963046 -0.6613118653236512 0
    outer loop
      vertex 61.44670862727061 20.475737346165 6.1
      vertex 61.70013078093231 20.18828633746701 6.1
      vertex 61.70013078093231 20.18828633746701 8.1
    endloop
  endfacet
  facet normal -0.7901550123756911 -0.6129070536529756 0
    outer loop
      vertex 61.70013078093231 20.18828633746701 6.1
      vertex 61.93500366568718 19.885490038984088 6.1
      vertex 61.93500366568718 19.885490038984088 8.1
    endloop
  endfacet
  facet normal -0.9602936856769436 -0.27899110603922755 0
    outer loop
      vertex 62.90835728288465 17.817008311705614 6.1
      vertex 62.90835728288465 17.817008311705614 8.1
      vertex 62.80144474940044 18.18500366568718 6.1
    endloop
  endfacet
  facet normal -0.9408807689542237 -0.3387379202452965 0
    outer loop
      vertex 62.671636563918334 18.545559771376535 6.1
      vertex 62.80144474940044 18.18500366568718 6.1
      vertex 62.80144474940044 18.18500366568718 8.1
    endloop
  endfacet
  facet normal -0.9177546256839788 -0.39714789063478595 0
    outer loop
      vertex 62.671636563918334 18.545559771376535 6.1
      vertex 62.671636563918334 18.545559771376535 8.1
      vertex 62.51944502004272 18.897253678546942 6.1
    endloop
  endfacet
  facet normal -0.891006524188369 -0.45399049973954464 0
    outer loop
      vertex 62.345470748267566 19.238697412020464 6.1
      vertex 62.51944502004272 18.897253678546942 6.1
      vertex 62.51944502004272 18.897253678546942 8.1
    endloop
  endfacet
  facet normal -0.960293685676944 0.2789911060392263 0
    outer loop
      vertex 62.90835728288465 14.78299168829439 6.1
      vertex 62.80144474940044 14.414996334312821 8.1
      vertex 62.90835728288465 14.78299168829439 8.1
    endloop
  endfacet
  facet normal -0.9759167619387494 0.218143241396533 0
    outer loop
      vertex 62.991952229445 15.156973981027079 6.1
      vertex 62.90835728288465 14.78299168829439 8.1
      vertex 62.991952229445 15.156973981027079 8.1
    endloop
  endfacet
  facet normal -0.9876883405951361 0.156434465040241 0
    outer loop
      vertex 63.051899678018316 15.535467275257746 6.1
      vertex 62.991952229445 15.156973981027079 8.1
      vertex 63.051899678018316 15.535467275257746 8.1
    endloop
  endfacet
  facet normal -0.9955619646030797 0.09410831331851596 0
    outer loop
      vertex 63.08796304341246 15.916977830871186 6.1
      vertex 63.051899678018316 15.535467275257746 8.1
      vertex 63.08796304341246 15.916977830871186 8.1
    endloop
  endfacet
  facet normal -0.9995065603657315 0.03141075907812828 0
    outer loop
      vertex 63.1 16.3 6.1
      vertex 63.08796304341246 15.916977830871186 8.1
      vertex 63.1 16.3 8.1
    endloop
  endfacet
  facet normal -0.9995065603657315 -0.03141075907812857 0
    outer loop
      vertex 63.08796304341246 16.68302216912881 6.1
      vertex 63.1 16.3 8.1
      vertex 63.08796304341246 16.68302216912881 8.1
    endloop
  endfacet
  facet normal -0.9955619646030799 -0.09410831331851467 0
    outer loop
      vertex 63.051899678018316 17.064532724742257 6.1
      vertex 63.08796304341246 16.68302216912881 8.1
      vertex 63.051899678018316 17.064532724742257 8.1
    endloop
  endfacet
  facet normal -0.9876883405951389 -0.15643446504022365 0
    outer loop
      vertex 62.991952229445005 17.443026018972922 6.1
      vertex 63.051899678018316 17.064532724742257 8.1
      vertex 62.991952229445005 17.443026018972922 8.1
    endloop
  endfacet
  facet normal -0.9759167619387458 -0.21814324139654967 0
    outer loop
      vertex 62.90835728288465 17.817008311705614 6.1
      vertex 62.991952229445005 17.443026018972922 8.1
      vertex 62.90835728288465 17.817008311705614 8.1
    endloop
  endfacet
  facet normal -0.8607420270039428 -0.5090414157503726 0
    outer loop
      vertex 62.15040034556229 19.56854344937188 6.1
      vertex 62.345470748267566 19.238697412020464 8.1
      vertex 62.15040034556229 19.56854344937188 8.1
    endloop
  endfacet
  facet normal -0.7901550123756911 -0.6129070536529756 0
    outer loop
      vertex 61.70013078093231 20.18828633746701 6.1
      vertex 61.93500366568718 19.885490038984088 8.1
      vertex 61.70013078093231 20.18828633746701 8.1
    endloop
  endfacet
  facet normal -0.75011106963046 -0.6613118653236512 0
    outer loop
      vertex 61.44670862727061 20.475737346165 6.1
      vertex 61.70013078093231 20.18828633746701 8.1
      vertex 61.44670862727061 20.475737346165 8.1
    endloop
  endfacet
  facet normal -0.7071067811865476 -0.7071067811865476 0
    outer loop
      vertex 61.175737346165 20.74670862727061 6.1
      vertex 61.44670862727061 20.475737346165 8.1
      vertex 61.175737346165 20.74670862727061 8.1
    endloop
  endfacet
  facet normal -0.8270805742745625 -0.5620833778521296 0
    outer loop
      vertex 61.93500366568718 19.885490038984088 6.1
      vertex 62.15040034556229 19.56854344937188 8.1
      vertex 61.93500366568718 19.885490038984088 8.1
    endloop
  endfacet
  facet normal -0.9177546256839788 -0.39714789063478595 0
    outer loop
      vertex 62.51944502004272 18.897253678546942 6.1
      vertex 62.671636563918334 18.545559771376535 8.1
      vertex 62.51944502004272 18.897253678546942 8.1
    endloop
  endfacet
  facet normal -0.9602936856769436 -0.27899110603922755 0
    outer loop
      vertex 62.80144474940044 18.18500366568718 6.1
      vertex 62.90835728288465 17.817008311705614 8.1
      vertex 62.80144474940044 18.18500366568718 8.1
    endloop
  endfacet
  facet normal -0.9408807689542237 -0.3387379202452965 0
    outer loop
      vertex 62.671636563918334 18.545559771376535 6.1
      vertex 62.80144474940044 18.18500366568718 8.1
      vertex 62.671636563918334 18.545559771376535 8.1
    endloop
  endfacet
  facet normal -0.891006524188369 -0.45399049973954464 0
    outer loop
      vertex 62.345470748267566 19.238697412020464 6.1
      vertex 62.51944502004272 18.897253678546942 8.1
      vertex 62.345470748267566 19.238697412020464 8.1
    endloop
  endfacet
  facet normal 0.9177546256839788 0.39714789063478595 0
    outer loop
      vertex 51.48055497995728 34.10274632145306 6.1
      vertex 51.328363436081666 34.45444022862347 6.1
      vertex 51.328363436081666 34.45444022862347 8.1
    endloop
  endfacet
  facet normal 0.9408807689542237 0.3387379202452965 0
    outer loop
      vertex 51.19855525059956 34.81499633431282 6.1
      vertex 51.19855525059956 34.81499633431282 8.1
      vertex 51.328363436081666 34.45444022862347 6.1
    endloop
  endfacet
  facet normal 0.9602936856769428 0.27899110603923 0
    outer loop
      vertex 51.19855525059956 34.81499633431282 6.1
      vertex 51.09164271711535 35.182991688294386 6.1
      vertex 51.09164271711535 35.182991688294386 8.1
    endloop
  endfacet
  facet normal 0.987688340595136 0.15643446504024172 0
    outer loop
      vertex 51.008047770555 35.556973981027085 6.1
      vertex 50.948100321981684 35.93546727525775 6.1
      vertex 50.948100321981684 35.93546727525775 8.1
    endloop
  endfacet
  facet normal 0.9759167619387507 0.21814324139652805 0
    outer loop
      vertex 51.09164271711535 35.182991688294386 6.1
      vertex 51.008047770555 35.556973981027085 6.1
      vertex 51.008047770555 35.556973981027085 8.1
    endloop
  endfacet
  facet normal 0.8910065241883708 0.4539904997395408 0
    outer loop
      vertex 51.654529251732434 33.761302587979536 6.1
      vertex 51.48055497995728 34.10274632145306 6.1
      vertex 51.48055497995728 34.10274632145306 8.1
    endloop
  endfacet
  facet normal 0.8270805742745684 0.562083377852121 0
    outer loop
      vertex 52.06499633431282 33.11450996101591 6.1
      vertex 51.84959965443771 33.43145655062813 6.1
      vertex 51.84959965443771 33.43145655062813 8.1
    endloop
  endfacet
  facet normal 0.860742027003938 0.5090414157503809 0
    outer loop
      vertex 51.654529251732434 33.761302587979536 6.1
      vertex 51.654529251732434 33.761302587979536 8.1
      vertex 51.84959965443771 33.43145655062813 6.1
    endloop
  endfacet
  facet normal 0.7901550123756876 0.6129070536529801 0
    outer loop
      vertex 52.29986921906769 32.811713662532995 6.1
      vertex 52.06499633431282 33.11450996101591 6.1
      vertex 52.06499633431282 33.11450996101591 8.1
    endloop
  endfacet
  facet normal 0.75011106963046 0.6613118653236512 0
    outer loop
      vertex 52.29986921906769 32.811713662532995 6.1
      vertex 52.29986921906769 32.811713662532995 8.1
      vertex 52.55329137272939 32.524262653835 6.1
    endloop
  endfacet
  facet normal 0.9955619646030797 0.0941083133185164 0
    outer loop
      vertex 50.948100321981684 35.93546727525775 6.1
      vertex 50.91203695658754 36.31697783087119 6.1
      vertex 50.91203695658754 36.31697783087119 8.1
    endloop
  endfacet
  facet normal 0.9995065603657315 0.03141075907812828 0
    outer loop
      vertex 50.91203695658754 36.31697783087119 6.1
      vertex 50.9 36.7 6.1
      vertex 50.9 36.7 8.1
    endloop
  endfacet
  facet normal 0.9995065603657315 -0.03141075907812828 0
    outer loop
      vertex 50.9 36.7 6.1
      vertex 50.91203695658754 37.08302216912882 6.1
      vertex 50.91203695658754 37.08302216912882 8.1
    endloop
  endfacet
  facet normal 0.9955619646030797 -0.0941083133185164 0
    outer loop
      vertex 50.91203695658754 37.08302216912882 6.1
      vertex 50.948100321981684 37.464532724742256 6.1
      vertex 50.948100321981684 37.464532724742256 8.1
    endloop
  endfacet
  facet normal 0.987688340595136 -0.15643446504024172 0
    outer loop
      vertex 50.948100321981684 37.464532724742256 6.1
      vertex 51.008047770555 37.84302601897292 6.1
      vertex 51.008047770555 37.84302601897292 8.1
    endloop
  endfacet
  facet normal 0.9759167619387507 -0.21814324139652805 0
    outer loop
      vertex 51.008047770555 37.84302601897292 6.1
      vertex 51.09164271711535 38.21700831170562 6.1
      vertex 51.09164271711535 38.21700831170562 8.1
    endloop
  endfacet
  facet normal 0.9602936856769428 -0.27899110603923 0
    outer loop
      vertex 51.09164271711535 38.21700831170562 6.1
      vertex 51.19855525059956 38.58500366568718 6.1
      vertex 51.19855525059956 38.58500366568718 8.1
    endloop
  endfacet
  facet normal 0.9408807689542237 -0.3387379202452965 0
    outer loop
      vertex 51.19855525059956 38.58500366568718 6.1
      vertex 51.328363436081666 38.94555977137654 6.1
      vertex 51.328363436081666 38.94555977137654 8.1
    endloop
  endfacet
  facet normal 0.9177546256839788 -0.39714789063478595 0
    outer loop
      vertex 51.328363436081666 38.94555977137654 6.1
      vertex 51.48055497995728 39.297253678546944 6.1
      vertex 51.48055497995728 39.297253678546944 8.1
    endloop
  endfacet
  facet normal 0.8910065241883708 -0.4539904997395408 0
    outer loop
      vertex 51.48055497995728 39.297253678546944 6.1
      vertex 51.654529251732434 39.63869741202047 6.1
      vertex 51.654529251732434 39.63869741202047 8.1
    endloop
  endfacet
  facet normal 0.8607420270039428 -0.5090414157503726 0
    outer loop
      vertex 51.654529251732434 39.63869741202047 6.1
      vertex 51.84959965443771 39.968543449371886 6.1
      vertex 51.84959965443771 39.968543449371886 8.1
    endloop
  endfacet
  facet normal 0.8270805742745566 -0.5620833778521382 0
    outer loop
      vertex 51.84959965443771 39.968543449371886 6.1
      vertex 52.06499633431282 40.285490038984086 6.1
      vertex 52.06499633431282 40.285490038984086 8.1
    endloop
  endfacet
  facet normal 0.7901550123756945 -0.612907053652971 0
    outer loop
      vertex 52.06499633431282 40.285490038984086 6.1
      vertex 52.29986921906769 40.58828633746701 6.1
      vertex 52.29986921906769 40.58828633746701 8.1
    endloop
  endfacet
  facet normal 0.75011106963046 -0.6613118653236512 0
    outer loop
      vertex 52.29986921906769 40.58828633746701 6.1
      vertex 52.55329137272939 40.875737346165 6.1
      vertex 52.55329137272939 40.875737346165 8.1
    endloop
  endfacet
  facet normal 0.9602936856769428 0.27899110603923 0
    outer loop
      vertex 51.19855525059956 34.81499633431282 6.1
      vertex 51.09164271711535 35.182991688294386 8.1
      vertex 51.19855525059956 34.81499633431282 8.1
    endloop
  endfacet
  facet normal 0.9408807689542237 0.3387379202452965 0
    outer loop
      vertex 51.328363436081666 34.45444022862347 6.1
      vertex 51.19855525059956 34.81499633431282 8.1
      vertex 51.328363436081666 34.45444022862347 8.1
    endloop
  endfacet
  facet normal 0.9759167619387507 0.21814324139652805 0
    outer loop
      vertex 51.09164271711535 35.182991688294386 6.1
      vertex 51.008047770555 35.556973981027085 8.1
      vertex 51.09164271711535 35.182991688294386 8.1
    endloop
  endfacet
  facet normal 0.987688340595136 0.15643446504024172 0
    outer loop
      vertex 51.008047770555 35.556973981027085 6.1
      vertex 50.948100321981684 35.93546727525775 8.1
      vertex 51.008047770555 35.556973981027085 8.1
    endloop
  endfacet
  facet normal 0.8910065241883708 0.4539904997395408 0
    outer loop
      vertex 51.654529251732434 33.761302587979536 6.1
      vertex 51.48055497995728 34.10274632145306 8.1
      vertex 51.654529251732434 33.761302587979536 8.1
    endloop
  endfacet
  facet normal 0.860742027003938 0.5090414157503809 0
    outer loop
      vertex 51.84959965443771 33.43145655062813 6.1
      vertex 51.654529251732434 33.761302587979536 8.1
      vertex 51.84959965443771 33.43145655062813 8.1
    endloop
  endfacet
  facet normal 0.7901550123756876 0.6129070536529801 0
    outer loop
      vertex 52.29986921906769 32.811713662532995 6.1
      vertex 52.06499633431282 33.11450996101591 8.1
      vertex 52.29986921906769 32.811713662532995 8.1
    endloop
  endfacet
  facet normal 0.75011106963046 0.6613118653236512 0
    outer loop
      vertex 52.55329137272939 32.524262653835 6.1
      vertex 52.29986921906769 32.811713662532995 8.1
      vertex 52.55329137272939 32.524262653835 8.1
    endloop
  endfacet
  facet normal 0.8270805742745684 0.562083377852121 0
    outer loop
      vertex 52.06499633431282 33.11450996101591 6.1
      vertex 51.84959965443771 33.43145655062813 8.1
      vertex 52.06499633431282 33.11450996101591 8.1
    endloop
  endfacet
  facet normal 0.9177546256839788 0.39714789063478595 0
    outer loop
      vertex 51.48055497995728 34.10274632145306 6.1
      vertex 51.328363436081666 34.45444022862347 8.1
      vertex 51.48055497995728 34.10274632145306 8.1
    endloop
  endfacet
  facet normal 0.9955619646030797 0.0941083133185164 0
    outer loop
      vertex 50.948100321981684 35.93546727525775 6.1
      vertex 50.91203695658754 36.31697783087119 8.1
      vertex 50.948100321981684 35.93546727525775 8.1
    endloop
  endfacet
  facet normal 0.9995065603657315 0.03141075907812828 0
    outer loop
      vertex 50.91203695658754 36.31697783087119 6.1
      vertex 50.9 36.7 8.1
      vertex 50.91203695658754 36.31697783087119 8.1
    endloop
  endfacet
  facet normal 0.9995065603657315 -0.03141075907812828 0
    outer loop
      vertex 50.9 36.7 6.1
      vertex 50.91203695658754 37.08302216912882 8.1
      vertex 50.9 36.7 8.1
    endloop
  endfacet
  facet normal 0.9955619646030797 -0.0941083133185164 0
    outer loop
      vertex 50.91203695658754 37.08302216912882 6.1
      vertex 50.948100321981684 37.464532724742256 8.1
      vertex 50.91203695658754 37.08302216912882 8.1
    endloop
  endfacet
  facet normal 0.987688340595136 -0.15643446504024172 0
    outer loop
      vertex 50.948100321981684 37.464532724742256 6.1
      vertex 51.008047770555 37.84302601897292 8.1
      vertex 50.948100321981684 37.464532724742256 8.1
    endloop
  endfacet
  facet normal 0.9759167619387507 -0.21814324139652805 0
    outer loop
      vertex 51.008047770555 37.84302601897292 6.1
      vertex 51.09164271711535 38.21700831170562 8.1
      vertex 51.008047770555 37.84302601897292 8.1
    endloop
  endfacet
  facet normal 0.9602936856769428 -0.27899110603923 0
    outer loop
      vertex 51.09164271711535 38.21700831170562 6.1
      vertex 51.19855525059956 38.58500366568718 8.1
      vertex 51.09164271711535 38.21700831170562 8.1
    endloop
  endfacet
  facet normal 0.9408807689542237 -0.3387379202452965 0
    outer loop
      vertex 51.19855525059956 38.58500366568718 6.1
      vertex 51.328363436081666 38.94555977137654 8.1
      vertex 51.19855525059956 38.58500366568718 8.1
    endloop
  endfacet
  facet normal 0.9177546256839788 -0.39714789063478595 0
    outer loop
      vertex 51.328363436081666 38.94555977137654 6.1
      vertex 51.48055497995728 39.297253678546944 8.1
      vertex 51.328363436081666 38.94555977137654 8.1
    endloop
  endfacet
  facet normal 0.8910065241883708 -0.4539904997395408 0
    outer loop
      vertex 51.48055497995728 39.297253678546944 6.1
      vertex 51.654529251732434 39.63869741202047 8.1
      vertex 51.48055497995728 39.297253678546944 8.1
    endloop
  endfacet
  facet normal 0.8607420270039428 -0.5090414157503726 0
    outer loop
      vertex 51.654529251732434 39.63869741202047 6.1
      vertex 51.84959965443771 39.968543449371886 8.1
      vertex 51.654529251732434 39.63869741202047 8.1
    endloop
  endfacet
  facet normal 0.8270805742745566 -0.5620833778521382 0
    outer loop
      vertex 51.84959965443771 39.968543449371886 6.1
      vertex 52.06499633431282 40.285490038984086 8.1
      vertex 51.84959965443771 39.968543449371886 8.1
    endloop
  endfacet
  facet normal 0.7901550123756945 -0.612907053652971 0
    outer loop
      vertex 52.06499633431282 40.285490038984086 6.1
      vertex 52.29986921906769 40.58828633746701 8.1
      vertex 52.06499633431282 40.285490038984086 8.1
    endloop
  endfacet
  facet normal 0.75011106963046 -0.6613118653236512 0
    outer loop
      vertex 52.29986921906769 40.58828633746701 6.1
      vertex 52.55329137272939 40.875737346165 8.1
      vertex 52.29986921906769 40.58828633746701 8.1
    endloop
  endfacet
  facet normal 0.6613118653236565 0.7501110696304556 0
    outer loop
      vertex 52.824262653835 32.25329137272939 6.1
      vertex 52.824262653835 32.25329137272939 8.1
      vertex 53.11171366253299 31.999869219067687 6.1
    endloop
  endfacet
  facet normal 0.612907053652971 0.7901550123756945 0
    outer loop
      vertex 53.414509961015916 31.764996334312823 6.1
      vertex 53.11171366253299 31.999869219067687 6.1
      vertex 53.11171366253299 31.999869219067687 8.1
    endloop
  endfacet
  facet normal 0.5620833778521319 0.8270805742745609 0
    outer loop
      vertex 53.414509961015916 31.764996334312823 6.1
      vertex 53.414509961015916 31.764996334312823 8.1
      vertex 53.73145655062812 31.549599654437714 6.1
    endloop
  endfacet
  facet normal 0.5090414157503726 0.8607420270039428 0
    outer loop
      vertex 53.73145655062812 31.549599654437714 6.1
      vertex 53.73145655062812 31.549599654437714 8.1
      vertex 54.06130258797953 31.354529251732437 6.1
    endloop
  endfacet
  facet normal 0.4539904997395408 0.8910065241883708 0
    outer loop
      vertex 54.06130258797953 31.354529251732437 6.1
      vertex 54.06130258797953 31.354529251732437 8.1
      vertex 54.40274632145306 31.180554979957286 6.1
    endloop
  endfacet
  facet normal 0.39714789063478595 0.9177546256839788 0
    outer loop
      vertex 54.40274632145306 31.180554979957286 6.1
      vertex 54.40274632145306 31.180554979957286 8.1
      vertex 54.754440228623466 31.02836343608167 6.1
    endloop
  endfacet
  facet normal 0.7071067811865476 0.7071067811865476 0
    outer loop
      vertex 52.55329137272939 32.524262653835 6.1
      vertex 52.55329137272939 32.524262653835 8.1
      vertex 52.824262653835 32.25329137272939 6.1
    endloop
  endfacet
  facet normal 0.3387379202452882 0.9408807689542266 0
    outer loop
      vertex 54.754440228623466 31.02836343608167 6.1
      vertex 54.754440228623466 31.02836343608167 8.1
      vertex 55.11499633431282 30.898555250599568 6.1
    endloop
  endfacet
  facet normal 0.2789911060392386 0.9602936856769404 0
    outer loop
      vertex 55.11499633431282 30.898555250599568 6.1
      vertex 55.11499633431282 30.898555250599568 8.1
      vertex 55.48299168829438 30.79164271711535 6.1
    endloop
  endfacet
  facet normal 0.2181432413965369 0.9759167619387488 0
    outer loop
      vertex 55.48299168829438 30.79164271711535 6.1
      vertex 55.48299168829438 30.79164271711535 8.1
      vertex 55.85697398102708 30.708047770555 6.1
    endloop
  endfacet
  facet normal 0.1564344650402327 0.9876883405951374 0
    outer loop
      vertex 55.85697398102708 30.708047770555 6.1
      vertex 55.85697398102708 30.708047770555 8.1
      vertex 56.23546727525775 30.648100321981687 6.1
    endloop
  endfacet
  facet normal 0.0941083133185164 0.9955619646030797 0
    outer loop
      vertex 56.23546727525775 30.648100321981687 6.1
      vertex 56.23546727525775 30.648100321981687 8.1
      vertex 56.616977830871186 30.612036956587545 6.1
    endloop
  endfacet
  facet normal 0.03141075907812828 0.9995065603657315 0
    outer loop
      vertex 56.616977830871186 30.612036956587545 6.1
      vertex 56.616977830871186 30.612036956587545 8.1
      vertex 57 30.6 6.1
    endloop
  endfacet
  facet normal 0.7071067811865476 -0.7071067811865476 0
    outer loop
      vertex 52.55329137272939 40.875737346165 6.1
      vertex 52.824262653835 41.14670862727061 6.1
      vertex 52.824262653835 41.14670862727061 8.1
    endloop
  endfacet
  facet normal 0.6613118653236512 -0.75011106963046 0
    outer loop
      vertex 52.824262653835 41.14670862727061 6.1
      vertex 53.11171366253299 41.400130780932315 6.1
      vertex 53.11171366253299 41.400130780932315 8.1
    endloop
  endfacet
  facet normal 0.612907053652971 -0.7901550123756945 0
    outer loop
      vertex 53.11171366253299 41.400130780932315 6.1
      vertex 53.414509961015916 41.63500366568718 6.1
      vertex 53.414509961015916 41.63500366568718 8.1
    endloop
  endfacet
  facet normal 0.5620833778521382 -0.8270805742745566 0
    outer loop
      vertex 53.414509961015916 41.63500366568718 6.1
      vertex 53.73145655062812 41.85040034556229 6.1
      vertex 53.73145655062812 41.85040034556229 8.1
    endloop
  endfacet
  facet normal 0.5090414157503647 -0.8607420270039476 0
    outer loop
      vertex 53.73145655062812 41.85040034556229 6.1
      vertex 54.06130258797954 42.04547074826757 6.1
      vertex 54.06130258797954 42.04547074826757 8.1
    endloop
  endfacet
  facet normal 0.4539904997395483 -0.891006524188367 0
    outer loop
      vertex 54.06130258797954 42.04547074826757 6.1
      vertex 54.40274632145306 42.21944502004272 6.1
      vertex 54.40274632145306 42.21944502004272 8.1
    endloop
  endfacet
  facet normal 0.39714789063478595 -0.9177546256839788 0
    outer loop
      vertex 54.40274632145306 42.21944502004272 6.1
      vertex 54.754440228623466 42.37163656391834 6.1
      vertex 54.754440228623466 42.37163656391834 8.1
    endloop
  endfacet
  facet normal 0.3387379202452965 -0.9408807689542237 0
    outer loop
      vertex 54.754440228623466 42.37163656391834 6.1
      vertex 55.11499633431282 42.50144474940044 6.1
      vertex 55.11499633431282 42.50144474940044 8.1
    endloop
  endfacet
  facet normal 0.27899110603923 -0.9602936856769428 0
    outer loop
      vertex 55.11499633431282 42.50144474940044 6.1
      vertex 55.48299168829438 42.608357282884654 6.1
      vertex 55.48299168829438 42.608357282884654 8.1
    endloop
  endfacet
  facet normal 0.2181432413965457 -0.9759167619387467 0
    outer loop
      vertex 55.48299168829438 42.608357282884654 6.1
      vertex 55.85697398102708 42.69195222944501 6.1
      vertex 55.85697398102708 42.69195222944501 8.1
    endloop
  endfacet
  facet normal 0.15643446504022365 -0.9876883405951389 0
    outer loop
      vertex 55.85697398102708 42.69195222944501 6.1
      vertex 56.23546727525775 42.75189967801832 6.1
      vertex 56.23546727525775 42.75189967801832 8.1
    endloop
  endfacet
  facet normal 0.0941083133185164 -0.9955619646030797 0
    outer loop
      vertex 56.23546727525775 42.75189967801832 6.1
      vertex 56.616977830871186 42.78796304341246 6.1
      vertex 56.616977830871186 42.78796304341246 8.1
    endloop
  endfacet
  facet normal 0.03141075907812828 -0.9995065603657315 0
    outer loop
      vertex 56.616977830871186 42.78796304341246 6.1
      vertex 57 42.800000000000004 6.1
      vertex 57 42.800000000000004 8.1
    endloop
  endfacet
  facet normal -0.03141075907812828 0.9995065603657315 0
    outer loop
      vertex 57 30.6 6.1
      vertex 57 30.6 8.1
      vertex 57.383022169128814 30.612036956587545 6.1
    endloop
  endfacet
  facet normal -0.0941083133185164 0.9955619646030797 0
    outer loop
      vertex 57.383022169128814 30.612036956587545 6.1
      vertex 57.383022169128814 30.612036956587545 8.1
      vertex 57.76453272474225 30.648100321981687 6.1
    endloop
  endfacet
  facet normal -0.1564344650402327 0.9876883405951374 0
    outer loop
      vertex 57.76453272474225 30.648100321981687 6.1
      vertex 57.76453272474225 30.648100321981687 8.1
      vertex 58.14302601897292 30.708047770555 6.1
    endloop
  endfacet
  facet normal -0.21814324139654082 0.9759167619387478 0
    outer loop
      vertex 58.14302601897292 30.708047770555 6.1
      vertex 58.14302601897292 30.708047770555 8.1
      vertex 58.51700831170561 30.79164271711535 6.1
    endloop
  endfacet
  facet normal -0.27899110603923366 0.9602936856769418 0
    outer loop
      vertex 58.51700831170561 30.79164271711535 6.1
      vertex 58.51700831170561 30.79164271711535 8.1
      vertex 58.88500366568718 30.898555250599568 6.1
    endloop
  endfacet
  facet normal -0.3387379202452882 0.9408807689542266 0
    outer loop
      vertex 58.88500366568718 30.898555250599568 6.1
      vertex 58.88500366568718 30.898555250599568 8.1
      vertex 59.245559771376534 31.02836343608167 6.1
    endloop
  endfacet
  facet normal -0.39714789063478595 0.9177546256839788 0
    outer loop
      vertex 59.245559771376534 31.02836343608167 6.1
      vertex 59.245559771376534 31.02836343608167 8.1
      vertex 59.59725367854694 31.180554979957286 6.1
    endloop
  endfacet
  facet normal -0.4539904997395408 0.8910065241883708 0
    outer loop
      vertex 59.59725367854694 31.180554979957286 6.1
      vertex 59.59725367854694 31.180554979957286 8.1
      vertex 59.93869741202047 31.354529251732437 6.1
    endloop
  endfacet
  facet normal -0.509041415750374 0.8607420270039421 0
    outer loop
      vertex 59.93869741202047 31.354529251732437 6.1
      vertex 59.93869741202047 31.354529251732437 8.1
      vertex 60.268543449371876 31.54959965443771 6.1
    endloop
  endfacet
  facet normal -0.5620833778521296 0.8270805742745625 0
    outer loop
      vertex 60.268543449371876 31.54959965443771 6.1
      vertex 60.268543449371876 31.54959965443771 8.1
      vertex 60.585490038984084 31.764996334312823 6.1
    endloop
  endfacet
  facet normal -0.6129070536529768 0.79015501237569 0
    outer loop
      vertex 60.585490038984084 31.764996334312823 6.1
      vertex 60.585490038984084 31.764996334312823 8.1
      vertex 60.88828633746701 31.99986921906769 6.1
    endloop
  endfacet
  facet normal -0.6613118653236512 0.75011106963046 0
    outer loop
      vertex 60.88828633746701 31.99986921906769 6.1
      vertex 60.88828633746701 31.99986921906769 8.1
      vertex 61.175737346165 32.25329137272939 6.1
    endloop
  endfacet
  facet normal -0.03141075907812828 -0.9995065603657315 0
    outer loop
      vertex 57 42.800000000000004 6.1
      vertex 57.383022169128814 42.78796304341246 6.1
      vertex 57.383022169128814 42.78796304341246 8.1
    endloop
  endfacet
  facet normal -0.0941083133185164 -0.9955619646030797 0
    outer loop
      vertex 57.383022169128814 42.78796304341246 6.1
      vertex 57.76453272474225 42.75189967801832 6.1
      vertex 57.76453272474225 42.75189967801832 8.1
    endloop
  endfacet
  facet normal -0.15643446504022365 -0.9876883405951389 0
    outer loop
      vertex 57.76453272474225 42.75189967801832 6.1
      vertex 58.14302601897292 42.69195222944501 6.1
      vertex 58.14302601897292 42.69195222944501 8.1
    endloop
  endfacet
  facet normal -0.2181432413965457 -0.9759167619387467 0
    outer loop
      vertex 58.14302601897292 42.69195222944501 6.1
      vertex 58.51700831170562 42.608357282884654 6.1
      vertex 58.51700831170562 42.608357282884654 8.1
    endloop
  endfacet
  facet normal -0.27899110603923 -0.9602936856769428 0
    outer loop
      vertex 58.51700831170562 42.608357282884654 6.1
      vertex 58.88500366568718 42.50144474940044 6.1
      vertex 58.88500366568718 42.50144474940044 8.1
    endloop
  endfacet
  facet normal -0.3387379202452965 -0.9408807689542237 0
    outer loop
      vertex 59.245559771376534 42.37163656391834 6.1
      vertex 59.245559771376534 42.37163656391834 8.1
      vertex 58.88500366568718 42.50144474940044 6.1
    endloop
  endfacet
  facet normal -0.39714789063478595 -0.9177546256839788 0
    outer loop
      vertex 59.245559771376534 42.37163656391834 6.1
      vertex 59.59725367854694 42.21944502004272 6.1
      vertex 59.59725367854694 42.21944502004272 8.1
    endloop
  endfacet
  facet normal -0.4539904997395483 -0.891006524188367 0
    outer loop
      vertex 59.59725367854694 42.21944502004272 6.1
      vertex 59.93869741202046 42.04547074826757 6.1
      vertex 59.93869741202046 42.04547074826757 8.1
    endloop
  endfacet
  facet normal -0.6613118653236512 -0.75011106963046 0
    outer loop
      vertex 60.88828633746701 41.400130780932315 6.1
      vertex 61.175737346165 41.14670862727061 6.1
      vertex 61.175737346165 41.14670862727061 8.1
    endloop
  endfacet
  facet normal -0.5090414157503726 -0.8607420270039428 0
    outer loop
      vertex 59.93869741202046 42.04547074826757 6.1
      vertex 60.268543449371876 41.85040034556229 6.1
      vertex 60.268543449371876 41.85040034556229 8.1
    endloop
  endfacet
  facet normal -0.5620833778521296 -0.8270805742745625 0
    outer loop
      vertex 60.268543449371876 41.85040034556229 6.1
      vertex 60.585490038984084 41.63500366568718 6.1
      vertex 60.585490038984084 41.63500366568718 8.1
    endloop
  endfacet
  facet normal -0.612907053652971 -0.7901550123756945 0
    outer loop
      vertex 60.88828633746701 41.400130780932315 6.1
      vertex 60.88828633746701 41.400130780932315 8.1
      vertex 60.585490038984084 41.63500366568718 6.1
    endloop
  endfacet
  facet normal 0.6613118653236565 0.7501110696304556 0
    outer loop
      vertex 53.11171366253299 31.999869219067687 6.1
      vertex 52.824262653835 32.25329137272939 8.1
      vertex 53.11171366253299 31.999869219067687 8.1
    endloop
  endfacet
  facet normal 0.612907053652971 0.7901550123756945 0
    outer loop
      vertex 53.414509961015916 31.764996334312823 6.1
      vertex 53.11171366253299 31.999869219067687 8.1
      vertex 53.414509961015916 31.764996334312823 8.1
    endloop
  endfacet
  facet normal 0.5620833778521319 0.8270805742745609 0
    outer loop
      vertex 53.73145655062812 31.549599654437714 6.1
      vertex 53.414509961015916 31.764996334312823 8.1
      vertex 53.73145655062812 31.549599654437714 8.1
    endloop
  endfacet
  facet normal 0.5090414157503726 0.8607420270039428 0
    outer loop
      vertex 54.06130258797953 31.354529251732437 6.1
      vertex 53.73145655062812 31.549599654437714 8.1
      vertex 54.06130258797953 31.354529251732437 8.1
    endloop
  endfacet
  facet normal 0.4539904997395408 0.8910065241883708 0
    outer loop
      vertex 54.40274632145306 31.180554979957286 6.1
      vertex 54.06130258797953 31.354529251732437 8.1
      vertex 54.40274632145306 31.180554979957286 8.1
    endloop
  endfacet
  facet normal 0.39714789063478595 0.9177546256839788 0
    outer loop
      vertex 54.754440228623466 31.02836343608167 6.1
      vertex 54.40274632145306 31.180554979957286 8.1
      vertex 54.754440228623466 31.02836343608167 8.1
    endloop
  endfacet
  facet normal 0.7071067811865476 0.7071067811865476 0
    outer loop
      vertex 52.824262653835 32.25329137272939 6.1
      vertex 52.55329137272939 32.524262653835 8.1
      vertex 52.824262653835 32.25329137272939 8.1
    endloop
  endfacet
  facet normal 0.3387379202452882 0.9408807689542266 0
    outer loop
      vertex 55.11499633431282 30.898555250599568 6.1
      vertex 54.754440228623466 31.02836343608167 8.1
      vertex 55.11499633431282 30.898555250599568 8.1
    endloop
  endfacet
  facet normal 0.2789911060392386 0.9602936856769404 0
    outer loop
      vertex 55.48299168829438 30.79164271711535 6.1
      vertex 55.11499633431282 30.898555250599568 8.1
      vertex 55.48299168829438 30.79164271711535 8.1
    endloop
  endfacet
  facet normal 0.2181432413965369 0.9759167619387488 0
    outer loop
      vertex 55.85697398102708 30.708047770555 6.1
      vertex 55.48299168829438 30.79164271711535 8.1
      vertex 55.85697398102708 30.708047770555 8.1
    endloop
  endfacet
  facet normal 0.1564344650402327 0.9876883405951374 0
    outer loop
      vertex 56.23546727525775 30.648100321981687 6.1
      vertex 55.85697398102708 30.708047770555 8.1
      vertex 56.23546727525775 30.648100321981687 8.1
    endloop
  endfacet
  facet normal 0.0941083133185164 0.9955619646030797 0
    outer loop
      vertex 56.616977830871186 30.612036956587545 6.1
      vertex 56.23546727525775 30.648100321981687 8.1
      vertex 56.616977830871186 30.612036956587545 8.1
    endloop
  endfacet
  facet normal 0.03141075907812828 0.9995065603657315 0
    outer loop
      vertex 57 30.6 6.1
      vertex 56.616977830871186 30.612036956587545 8.1
      vertex 57 30.6 8.1
    endloop
  endfacet
  facet normal 0.7071067811865476 -0.7071067811865476 0
    outer loop
      vertex 52.55329137272939 40.875737346165 6.1
      vertex 52.824262653835 41.14670862727061 8.1
      vertex 52.55329137272939 40.875737346165 8.1
    endloop
  endfacet
  facet normal 0.6613118653236512 -0.75011106963046 0
    outer loop
      vertex 52.824262653835 41.14670862727061 6.1
      vertex 53.11171366253299 41.400130780932315 8.1
      vertex 52.824262653835 41.14670862727061 8.1
    endloop
  endfacet
  facet normal 0.612907053652971 -0.7901550123756945 0
    outer loop
      vertex 53.11171366253299 41.400130780932315 6.1
      vertex 53.414509961015916 41.63500366568718 8.1
      vertex 53.11171366253299 41.400130780932315 8.1
    endloop
  endfacet
  facet normal 0.5620833778521382 -0.8270805742745566 0
    outer loop
      vertex 53.414509961015916 41.63500366568718 6.1
      vertex 53.73145655062812 41.85040034556229 8.1
      vertex 53.414509961015916 41.63500366568718 8.1
    endloop
  endfacet
  facet normal 0.5090414157503647 -0.8607420270039476 0
    outer loop
      vertex 53.73145655062812 41.85040034556229 6.1
      vertex 54.06130258797954 42.04547074826757 8.1
      vertex 53.73145655062812 41.85040034556229 8.1
    endloop
  endfacet
  facet normal 0.4539904997395483 -0.891006524188367 0
    outer loop
      vertex 54.06130258797954 42.04547074826757 6.1
      vertex 54.40274632145306 42.21944502004272 8.1
      vertex 54.06130258797954 42.04547074826757 8.1
    endloop
  endfacet
  facet normal 0.39714789063478595 -0.9177546256839788 0
    outer loop
      vertex 54.40274632145306 42.21944502004272 6.1
      vertex 54.754440228623466 42.37163656391834 8.1
      vertex 54.40274632145306 42.21944502004272 8.1
    endloop
  endfacet
  facet normal 0.3387379202452965 -0.9408807689542237 0
    outer loop
      vertex 54.754440228623466 42.37163656391834 6.1
      vertex 55.11499633431282 42.50144474940044 8.1
      vertex 54.754440228623466 42.37163656391834 8.1
    endloop
  endfacet
  facet normal 0.27899110603923 -0.9602936856769428 0
    outer loop
      vertex 55.11499633431282 42.50144474940044 6.1
      vertex 55.48299168829438 42.608357282884654 8.1
      vertex 55.11499633431282 42.50144474940044 8.1
    endloop
  endfacet
  facet normal 0.2181432413965457 -0.9759167619387467 0
    outer loop
      vertex 55.48299168829438 42.608357282884654 6.1
      vertex 55.85697398102708 42.69195222944501 8.1
      vertex 55.48299168829438 42.608357282884654 8.1
    endloop
  endfacet
  facet normal 0.15643446504022365 -0.9876883405951389 0
    outer loop
      vertex 55.85697398102708 42.69195222944501 6.1
      vertex 56.23546727525775 42.75189967801832 8.1
      vertex 55.85697398102708 42.69195222944501 8.1
    endloop
  endfacet
  facet normal 0.0941083133185164 -0.9955619646030797 0
    outer loop
      vertex 56.23546727525775 42.75189967801832 6.1
      vertex 56.616977830871186 42.78796304341246 8.1
      vertex 56.23546727525775 42.75189967801832 8.1
    endloop
  endfacet
  facet normal 0.03141075907812828 -0.9995065603657315 0
    outer loop
      vertex 56.616977830871186 42.78796304341246 6.1
      vertex 57 42.800000000000004 8.1
      vertex 56.616977830871186 42.78796304341246 8.1
    endloop
  endfacet
  facet normal -0.03141075907812828 0.9995065603657315 0
    outer loop
      vertex 57.383022169128814 30.612036956587545 6.1
      vertex 57 30.6 8.1
      vertex 57.383022169128814 30.612036956587545 8.1
    endloop
  endfacet
  facet normal -0.0941083133185164 0.9955619646030797 0
    outer loop
      vertex 57.76453272474225 30.648100321981687 6.1
      vertex 57.383022169128814 30.612036956587545 8.1
      vertex 57.76453272474225 30.648100321981687 8.1
    endloop
  endfacet
  facet normal -0.1564344650402327 0.9876883405951374 0
    outer loop
      vertex 58.14302601897292 30.708047770555 6.1
      vertex 57.76453272474225 30.648100321981687 8.1
      vertex 58.14302601897292 30.708047770555 8.1
    endloop
  endfacet
  facet normal -0.21814324139654082 0.9759167619387478 0
    outer loop
      vertex 58.51700831170561 30.79164271711535 6.1
      vertex 58.14302601897292 30.708047770555 8.1
      vertex 58.51700831170561 30.79164271711535 8.1
    endloop
  endfacet
  facet normal -0.27899110603923366 0.9602936856769418 0
    outer loop
      vertex 58.88500366568718 30.898555250599568 6.1
      vertex 58.51700831170561 30.79164271711535 8.1
      vertex 58.88500366568718 30.898555250599568 8.1
    endloop
  endfacet
  facet normal -0.3387379202452882 0.9408807689542266 0
    outer loop
      vertex 59.245559771376534 31.02836343608167 6.1
      vertex 58.88500366568718 30.898555250599568 8.1
      vertex 59.245559771376534 31.02836343608167 8.1
    endloop
  endfacet
  facet normal -0.39714789063478595 0.9177546256839788 0
    outer loop
      vertex 59.59725367854694 31.180554979957286 6.1
      vertex 59.245559771376534 31.02836343608167 8.1
      vertex 59.59725367854694 31.180554979957286 8.1
    endloop
  endfacet
  facet normal -0.4539904997395408 0.8910065241883708 0
    outer loop
      vertex 59.93869741202047 31.354529251732437 6.1
      vertex 59.59725367854694 31.180554979957286 8.1
      vertex 59.93869741202047 31.354529251732437 8.1
    endloop
  endfacet
  facet normal -0.509041415750374 0.8607420270039421 0
    outer loop
      vertex 60.268543449371876 31.54959965443771 6.1
      vertex 59.93869741202047 31.354529251732437 8.1
      vertex 60.268543449371876 31.54959965443771 8.1
    endloop
  endfacet
  facet normal -0.5620833778521296 0.8270805742745625 0
    outer loop
      vertex 60.585490038984084 31.764996334312823 6.1
      vertex 60.268543449371876 31.54959965443771 8.1
      vertex 60.585490038984084 31.764996334312823 8.1
    endloop
  endfacet
  facet normal -0.6129070536529768 0.79015501237569 0
    outer loop
      vertex 60.88828633746701 31.99986921906769 6.1
      vertex 60.585490038984084 31.764996334312823 8.1
      vertex 60.88828633746701 31.99986921906769 8.1
    endloop
  endfacet
  facet normal -0.6613118653236512 0.75011106963046 0
    outer loop
      vertex 61.175737346165 32.25329137272939 6.1
      vertex 60.88828633746701 31.99986921906769 8.1
      vertex 61.175737346165 32.25329137272939 8.1
    endloop
  endfacet
  facet normal -0.03141075907812828 -0.9995065603657315 0
    outer loop
      vertex 57 42.800000000000004 6.1
      vertex 57.383022169128814 42.78796304341246 8.1
      vertex 57 42.800000000000004 8.1
    endloop
  endfacet
  facet normal -0.0941083133185164 -0.9955619646030797 0
    outer loop
      vertex 57.383022169128814 42.78796304341246 6.1
      vertex 57.76453272474225 42.75189967801832 8.1
      vertex 57.383022169128814 42.78796304341246 8.1
    endloop
  endfacet
  facet normal -0.15643446504022365 -0.9876883405951389 0
    outer loop
      vertex 57.76453272474225 42.75189967801832 6.1
      vertex 58.14302601897292 42.69195222944501 8.1
      vertex 57.76453272474225 42.75189967801832 8.1
    endloop
  endfacet
  facet normal -0.2181432413965457 -0.9759167619387467 0
    outer loop
      vertex 58.14302601897292 42.69195222944501 6.1
      vertex 58.51700831170562 42.608357282884654 8.1
      vertex 58.14302601897292 42.69195222944501 8.1
    endloop
  endfacet
  facet normal -0.27899110603923 -0.9602936856769428 0
    outer loop
      vertex 58.51700831170562 42.608357282884654 6.1
      vertex 58.88500366568718 42.50144474940044 8.1
      vertex 58.51700831170562 42.608357282884654 8.1
    endloop
  endfacet
  facet normal -0.3387379202452965 -0.9408807689542237 0
    outer loop
      vertex 58.88500366568718 42.50144474940044 6.1
      vertex 59.245559771376534 42.37163656391834 8.1
      vertex 58.88500366568718 42.50144474940044 8.1
    endloop
  endfacet
  facet normal -0.39714789063478595 -0.9177546256839788 0
    outer loop
      vertex 59.245559771376534 42.37163656391834 6.1
      vertex 59.59725367854694 42.21944502004272 8.1
      vertex 59.245559771376534 42.37163656391834 8.1
    endloop
  endfacet
  facet normal -0.5090414157503726 -0.8607420270039428 0
    outer loop
      vertex 59.93869741202046 42.04547074826757 6.1
      vertex 60.268543449371876 41.85040034556229 8.1
      vertex 59.93869741202046 42.04547074826757 8.1
    endloop
  endfacet
  facet normal -0.4539904997395483 -0.891006524188367 0
    outer loop
      vertex 59.59725367854694 42.21944502004272 6.1
      vertex 59.93869741202046 42.04547074826757 8.1
      vertex 59.59725367854694 42.21944502004272 8.1
    endloop
  endfacet
  facet normal -0.5620833778521296 -0.8270805742745625 0
    outer loop
      vertex 60.268543449371876 41.85040034556229 6.1
      vertex 60.585490038984084 41.63500366568718 8.1
      vertex 60.268543449371876 41.85040034556229 8.1
    endloop
  endfacet
  facet normal -0.612907053652971 -0.7901550123756945 0
    outer loop
      vertex 60.585490038984084 41.63500366568718 6.1
      vertex 60.88828633746701 41.400130780932315 8.1
      vertex 60.585490038984084 41.63500366568718 8.1
    endloop
  endfacet
  facet normal -0.6613118653236512 -0.75011106963046 0
    outer loop
      vertex 60.88828633746701 41.400130780932315 6.1
      vertex 61.175737346165 41.14670862727061 8.1
      vertex 60.88828633746701 41.400130780932315 8.1
    endloop
  endfacet
  facet normal -0.7071067811865476 0.7071067811865476 0
    outer loop
      vertex 61.175737346165 32.25329137272939 6.1
      vertex 61.175737346165 32.25329137272939 8.1
      vertex 61.44670862727061 32.524262653835 6.1
    endloop
  endfacet
  facet normal -0.75011106963046 0.6613118653236512 0
    outer loop
      vertex 61.44670862727061 32.524262653835 6.1
      vertex 61.44670862727061 32.524262653835 8.1
      vertex 61.70013078093231 32.811713662532995 6.1
    endloop
  endfacet
  facet normal -0.7901550123756876 0.6129070536529801 0
    outer loop
      vertex 61.70013078093231 32.811713662532995 6.1
      vertex 61.70013078093231 32.811713662532995 8.1
      vertex 61.93500366568718 33.11450996101591 6.1
    endloop
  endfacet
  facet normal -0.8270805742745684 0.562083377852121 0
    outer loop
      vertex 61.93500366568718 33.11450996101591 6.1
      vertex 61.93500366568718 33.11450996101591 8.1
      vertex 62.15040034556229 33.43145655062813 6.1
    endloop
  endfacet
  facet normal -0.860742027003938 0.5090414157503809 0
    outer loop
      vertex 62.15040034556229 33.43145655062813 6.1
      vertex 62.15040034556229 33.43145655062813 8.1
      vertex 62.345470748267566 33.761302587979536 6.1
    endloop
  endfacet
  facet normal -0.8910065241883708 0.4539904997395408 0
    outer loop
      vertex 62.345470748267566 33.761302587979536 6.1
      vertex 62.345470748267566 33.761302587979536 8.1
      vertex 62.51944502004272 34.10274632145306 6.1
    endloop
  endfacet
  facet normal -0.9177546256839788 0.39714789063478595 0
    outer loop
      vertex 62.51944502004272 34.10274632145306 6.1
      vertex 62.51944502004272 34.10274632145306 8.1
      vertex 62.671636563918334 34.45444022862347 6.1
    endloop
  endfacet
  facet normal -0.9408807689542237 0.3387379202452965 0
    outer loop
      vertex 62.671636563918334 34.45444022862347 6.1
      vertex 62.671636563918334 34.45444022862347 8.1
      vertex 62.80144474940044 34.81499633431282 6.1
    endloop
  endfacet
  facet normal -0.9602936856769443 0.27899110603922506 0
    outer loop
      vertex 62.80144474940044 34.81499633431282 6.1
      vertex 62.80144474940044 34.81499633431282 8.1
      vertex 62.90835728288465 35.18299168829439 6.1
    endloop
  endfacet
  facet normal -0.9759167619387498 0.218143241396532 0
    outer loop
      vertex 62.90835728288465 35.18299168829439 6.1
      vertex 62.90835728288465 35.18299168829439 8.1
      vertex 62.991952229445 35.556973981027085 6.1
    endloop
  endfacet
  facet normal -0.987688340595136 0.15643446504024172 0
    outer loop
      vertex 62.991952229445 35.556973981027085 6.1
      vertex 62.991952229445 35.556973981027085 8.1
      vertex 63.051899678018316 35.93546727525775 6.1
    endloop
  endfacet
  facet normal -0.9955619646030797 0.0941083133185164 0
    outer loop
      vertex 63.051899678018316 35.93546727525775 6.1
      vertex 63.051899678018316 35.93546727525775 8.1
      vertex 63.08796304341246 36.31697783087119 6.1
    endloop
  endfacet
  facet normal -0.9995065603657315 0.03141075907812828 0
    outer loop
      vertex 63.08796304341246 36.31697783087119 6.1
      vertex 63.08796304341246 36.31697783087119 8.1
      vertex 63.1 36.7 6.1
    endloop
  endfacet
  facet normal -0.9995065603657315 -0.03141075907812828 0
    outer loop
      vertex 63.1 36.7 6.1
      vertex 63.1 36.7 8.1
      vertex 63.08796304341246 37.08302216912882 6.1
    endloop
  endfacet
  facet normal -0.9955619646030797 -0.0941083133185164 0
    outer loop
      vertex 63.08796304341246 37.08302216912882 6.1
      vertex 63.08796304341246 37.08302216912882 8.1
      vertex 63.051899678018316 37.464532724742256 6.1
    endloop
  endfacet
  facet normal -0.9876883405951389 -0.15643446504022365 0
    outer loop
      vertex 62.991952229445005 37.84302601897292 6.1
      vertex 63.051899678018316 37.464532724742256 6.1
      vertex 63.051899678018316 37.464532724742256 8.1
    endloop
  endfacet
  facet normal -0.9602936856769428 -0.27899110603923 0
    outer loop
      vertex 62.90835728288465 38.21700831170562 6.1
      vertex 62.90835728288465 38.21700831170562 8.1
      vertex 62.80144474940044 38.58500366568718 6.1
    endloop
  endfacet
  facet normal -0.891006524188367 -0.4539904997395483 0
    outer loop
      vertex 62.51944502004272 39.297253678546944 6.1
      vertex 62.51944502004272 39.297253678546944 8.1
      vertex 62.345470748267566 39.63869741202046 6.1
    endloop
  endfacet
  facet normal -0.9408807689542237 -0.3387379202452965 0
    outer loop
      vertex 62.671636563918334 38.94555977137654 6.1
      vertex 62.80144474940044 38.58500366568718 6.1
      vertex 62.80144474940044 38.58500366568718 8.1
    endloop
  endfacet
  facet normal -0.9177546256839788 -0.39714789063478595 0
    outer loop
      vertex 62.671636563918334 38.94555977137654 6.1
      vertex 62.671636563918334 38.94555977137654 8.1
      vertex 62.51944502004272 39.297253678546944 6.1
    endloop
  endfacet
  facet normal -0.9759167619387467 -0.2181432413965457 0
    outer loop
      vertex 62.991952229445005 37.84302601897292 6.1
      vertex 62.991952229445005 37.84302601897292 8.1
      vertex 62.90835728288465 38.21700831170562 6.1
    endloop
  endfacet
  facet normal -0.7071067811865476 -0.7071067811865476 0
    outer loop
      vertex 61.44670862727061 40.875737346165 6.1
      vertex 61.44670862727061 40.875737346165 8.1
      vertex 61.175737346165 41.14670862727061 6.1
    endloop
  endfacet
  facet normal -0.75011106963046 -0.6613118653236512 0
    outer loop
      vertex 61.44670862727061 40.875737346165 6.1
      vertex 61.70013078093231 40.58828633746701 6.1
      vertex 61.70013078093231 40.58828633746701 8.1
    endloop
  endfacet
  facet normal -0.8607420270039428 -0.5090414157503726 0
    outer loop
      vertex 62.15040034556229 39.96854344937188 6.1
      vertex 62.345470748267566 39.63869741202046 6.1
      vertex 62.345470748267566 39.63869741202046 8.1
    endloop
  endfacet
  facet normal -0.8270805742745625 -0.5620833778521296 0
    outer loop
      vertex 61.93500366568718 40.285490038984086 6.1
      vertex 62.15040034556229 39.96854344937188 6.1
      vertex 62.15040034556229 39.96854344937188 8.1
    endloop
  endfacet
  facet normal -0.7901550123756945 -0.612907053652971 0
    outer loop
      vertex 61.70013078093231 40.58828633746701 6.1
      vertex 61.93500366568718 40.285490038984086 6.1
      vertex 61.93500366568718 40.285490038984086 8.1
    endloop
  endfacet
  facet normal -0.7071067811865476 0.7071067811865476 0
    outer loop
      vertex 61.44670862727061 32.524262653835 6.1
      vertex 61.175737346165 32.25329137272939 8.1
      vertex 61.44670862727061 32.524262653835 8.1
    endloop
  endfacet
  facet normal -0.75011106963046 0.6613118653236512 0
    outer loop
      vertex 61.70013078093231 32.811713662532995 6.1
      vertex 61.44670862727061 32.524262653835 8.1
      vertex 61.70013078093231 32.811713662532995 8.1
    endloop
  endfacet
  facet normal -0.7901550123756876 0.6129070536529801 0
    outer loop
      vertex 61.93500366568718 33.11450996101591 6.1
      vertex 61.70013078093231 32.811713662532995 8.1
      vertex 61.93500366568718 33.11450996101591 8.1
    endloop
  endfacet
  facet normal -0.8270805742745684 0.562083377852121 0
    outer loop
      vertex 62.15040034556229 33.43145655062813 6.1
      vertex 61.93500366568718 33.11450996101591 8.1
      vertex 62.15040034556229 33.43145655062813 8.1
    endloop
  endfacet
  facet normal -0.860742027003938 0.5090414157503809 0
    outer loop
      vertex 62.345470748267566 33.761302587979536 6.1
      vertex 62.15040034556229 33.43145655062813 8.1
      vertex 62.345470748267566 33.761302587979536 8.1
    endloop
  endfacet
  facet normal -0.8910065241883708 0.4539904997395408 0
    outer loop
      vertex 62.51944502004272 34.10274632145306 6.1
      vertex 62.345470748267566 33.761302587979536 8.1
      vertex 62.51944502004272 34.10274632145306 8.1
    endloop
  endfacet
  facet normal -0.9177546256839788 0.39714789063478595 0
    outer loop
      vertex 62.671636563918334 34.45444022862347 6.1
      vertex 62.51944502004272 34.10274632145306 8.1
      vertex 62.671636563918334 34.45444022862347 8.1
    endloop
  endfacet
  facet normal -0.9408807689542237 0.3387379202452965 0
    outer loop
      vertex 62.80144474940044 34.81499633431282 6.1
      vertex 62.671636563918334 34.45444022862347 8.1
      vertex 62.80144474940044 34.81499633431282 8.1
    endloop
  endfacet
  facet normal -0.9602936856769443 0.27899110603922506 0
    outer loop
      vertex 62.90835728288465 35.18299168829439 6.1
      vertex 62.80144474940044 34.81499633431282 8.1
      vertex 62.90835728288465 35.18299168829439 8.1
    endloop
  endfacet
  facet normal -0.9759167619387498 0.218143241396532 0
    outer loop
      vertex 62.991952229445 35.556973981027085 6.1
      vertex 62.90835728288465 35.18299168829439 8.1
      vertex 62.991952229445 35.556973981027085 8.1
    endloop
  endfacet
  facet normal -0.987688340595136 0.15643446504024172 0
    outer loop
      vertex 63.051899678018316 35.93546727525775 6.1
      vertex 62.991952229445 35.556973981027085 8.1
      vertex 63.051899678018316 35.93546727525775 8.1
    endloop
  endfacet
  facet normal -0.9955619646030797 0.0941083133185164 0
    outer loop
      vertex 63.08796304341246 36.31697783087119 6.1
      vertex 63.051899678018316 35.93546727525775 8.1
      vertex 63.08796304341246 36.31697783087119 8.1
    endloop
  endfacet
  facet normal -0.9995065603657315 0.03141075907812828 0
    outer loop
      vertex 63.1 36.7 6.1
      vertex 63.08796304341246 36.31697783087119 8.1
      vertex 63.1 36.7 8.1
    endloop
  endfacet
  facet normal -0.9995065603657315 -0.03141075907812828 0
    outer loop
      vertex 63.08796304341246 37.08302216912882 6.1
      vertex 63.1 36.7 8.1
      vertex 63.08796304341246 37.08302216912882 8.1
    endloop
  endfacet
  facet normal -0.9955619646030797 -0.0941083133185164 0
    outer loop
      vertex 63.051899678018316 37.464532724742256 6.1
      vertex 63.08796304341246 37.08302216912882 8.1
      vertex 63.051899678018316 37.464532724742256 8.1
    endloop
  endfacet
  facet normal -0.9602936856769428 -0.27899110603923 0
    outer loop
      vertex 62.80144474940044 38.58500366568718 6.1
      vertex 62.90835728288465 38.21700831170562 8.1
      vertex 62.80144474940044 38.58500366568718 8.1
    endloop
  endfacet
  facet normal -0.9177546256839788 -0.39714789063478595 0
    outer loop
      vertex 62.51944502004272 39.297253678546944 6.1
      vertex 62.671636563918334 38.94555977137654 8.1
      vertex 62.51944502004272 39.297253678546944 8.1
    endloop
  endfacet
  facet normal -0.9408807689542237 -0.3387379202452965 0
    outer loop
      vertex 62.671636563918334 38.94555977137654 6.1
      vertex 62.80144474940044 38.58500366568718 8.1
      vertex 62.671636563918334 38.94555977137654 8.1
    endloop
  endfacet
  facet normal -0.9876883405951389 -0.15643446504022365 0
    outer loop
      vertex 62.991952229445005 37.84302601897292 6.1
      vertex 63.051899678018316 37.464532724742256 8.1
      vertex 62.991952229445005 37.84302601897292 8.1
    endloop
  endfacet
  facet normal -0.9759167619387467 -0.2181432413965457 0
    outer loop
      vertex 62.90835728288465 38.21700831170562 6.1
      vertex 62.991952229445005 37.84302601897292 8.1
      vertex 62.90835728288465 38.21700831170562 8.1
    endloop
  endfacet
  facet normal -0.7071067811865476 -0.7071067811865476 0
    outer loop
      vertex 61.175737346165 41.14670862727061 6.1
      vertex 61.44670862727061 40.875737346165 8.1
      vertex 61.175737346165 41.14670862727061 8.1
    endloop
  endfacet
  facet normal -0.75011106963046 -0.6613118653236512 0
    outer loop
      vertex 61.44670862727061 40.875737346165 6.1
      vertex 61.70013078093231 40.58828633746701 8.1
      vertex 61.44670862727061 40.875737346165 8.1
    endloop
  endfacet
  facet normal -0.7901550123756945 -0.612907053652971 0
    outer loop
      vertex 61.70013078093231 40.58828633746701 6.1
      vertex 61.93500366568718 40.285490038984086 8.1
      vertex 61.70013078093231 40.58828633746701 8.1
    endloop
  endfacet
  facet normal -0.8270805742745625 -0.5620833778521296 0
    outer loop
      vertex 61.93500366568718 40.285490038984086 6.1
      vertex 62.15040034556229 39.96854344937188 8.1
      vertex 61.93500366568718 40.285490038984086 8.1
    endloop
  endfacet
  facet normal -0.8607420270039428 -0.5090414157503726 0
    outer loop
      vertex 62.15040034556229 39.96854344937188 6.1
      vertex 62.345470748267566 39.63869741202046 8.1
      vertex 62.15040034556229 39.96854344937188 8.1
    endloop
  endfacet
  facet normal -0.891006524188367 -0.4539904997395483 0
    outer loop
      vertex 62.345470748267566 39.63869741202046 6.1
      vertex 62.51944502004272 39.297253678546944 8.1
      vertex 62.345470748267566 39.63869741202046 8.1
    endloop
  endfacet
  facet normal 0.8270805742745566 0.5620833778521382 0
    outer loop
      vertex 52.06499633431282 53.51450996101591 6.1
      vertex 51.84959965443771 53.83145655062811 6.1
      vertex 51.84959965443771 53.83145655062811 8.1
    endloop
  endfacet
  facet normal 0.7901550123756945 0.612907053652971 0
    outer loop
      vertex 52.06499633431282 53.51450996101591 6.1
      vertex 52.06499633431282 53.51450996101591 8.1
      vertex 52.29986921906769 53.211713662532986 6.1
    endloop
  endfacet
  facet normal 0.75011106963046 0.6613118653236512 0
    outer loop
      vertex 52.29986921906769 53.211713662532986 6.1
      vertex 52.29986921906769 53.211713662532986 8.1
      vertex 52.55329137272939 52.924262653834994 6.1
    endloop
  endfacet
  facet normal 0.9602936856769428 0.27899110603923 0
    outer loop
      vertex 51.19855525059956 55.214996334312815 6.1
      vertex 51.09164271711535 55.58299168829438 6.1
      vertex 51.09164271711535 55.58299168829438 8.1
    endloop
  endfacet
  facet normal 0.9408807689542237 0.3387379202452965 0
    outer loop
      vertex 51.19855525059956 55.214996334312815 6.1
      vertex 51.19855525059956 55.214996334312815 8.1
      vertex 51.328363436081666 54.85444022862346 6.1
    endloop
  endfacet
  facet normal 0.9177546256839788 0.39714789063478595 0
    outer loop
      vertex 51.48055497995728 54.50274632145305 6.1
      vertex 51.328363436081666 54.85444022862346 6.1
      vertex 51.328363436081666 54.85444022862346 8.1
    endloop
  endfacet
  facet normal 0.9759167619387507 0.21814324139652805 0
    outer loop
      vertex 51.09164271711535 55.58299168829438 6.1
      vertex 51.008047770555 55.956973981027076 6.1
      vertex 51.008047770555 55.956973981027076 8.1
    endloop
  endfacet
  facet normal 0.987688340595136 0.15643446504024172 0
    outer loop
      vertex 51.008047770555 55.956973981027076 6.1
      vertex 50.948100321981684 56.33546727525774 6.1
      vertex 50.948100321981684 56.33546727525774 8.1
    endloop
  endfacet
  facet normal 0.9955619646030797 0.0941083133185164 0
    outer loop
      vertex 50.948100321981684 56.33546727525774 6.1
      vertex 50.91203695658754 56.71697783087118 6.1
      vertex 50.91203695658754 56.71697783087118 8.1
    endloop
  endfacet
  facet normal 0.9995065603657315 0.03141075907812828 0
    outer loop
      vertex 50.91203695658754 56.71697783087118 6.1
      vertex 50.9 57.099999999999994 6.1
      vertex 50.9 57.099999999999994 8.1
    endloop
  endfacet
  facet normal 0.9995065603657315 -0.03141075907812828 0
    outer loop
      vertex 50.9 57.099999999999994 6.1
      vertex 50.91203695658754 57.48302216912881 6.1
      vertex 50.91203695658754 57.48302216912881 8.1
    endloop
  endfacet
  facet normal 0.8910065241883708 0.4539904997395408 0
    outer loop
      vertex 51.48055497995728 54.50274632145305 6.1
      vertex 51.48055497995728 54.50274632145305 8.1
      vertex 51.654529251732434 54.16130258797953 6.1
    endloop
  endfacet
  facet normal 0.8607420270039428 0.5090414157503726 0
    outer loop
      vertex 51.654529251732434 54.16130258797953 6.1
      vertex 51.654529251732434 54.16130258797953 8.1
      vertex 51.84959965443771 53.83145655062811 6.1
    endloop
  endfacet
  facet normal 0.7901550123756945 0.612907053652971 0
    outer loop
      vertex 52.29986921906769 53.211713662532986 6.1
      vertex 52.06499633431282 53.51450996101591 8.1
      vertex 52.29986921906769 53.211713662532986 8.1
    endloop
  endfacet
  facet normal 0.8270805742745566 0.5620833778521382 0
    outer loop
      vertex 52.06499633431282 53.51450996101591 6.1
      vertex 51.84959965443771 53.83145655062811 8.1
      vertex 52.06499633431282 53.51450996101591 8.1
    endloop
  endfacet
  facet normal 0.75011106963046 0.6613118653236512 0
    outer loop
      vertex 52.55329137272939 52.924262653834994 6.1
      vertex 52.29986921906769 53.211713662532986 8.1
      vertex 52.55329137272939 52.924262653834994 8.1
    endloop
  endfacet
  facet normal 0.9408807689542237 0.3387379202452965 0
    outer loop
      vertex 51.328363436081666 54.85444022862346 6.1
      vertex 51.19855525059956 55.214996334312815 8.1
      vertex 51.328363436081666 54.85444022862346 8.1
    endloop
  endfacet
  facet normal 0.9602936856769428 0.27899110603923 0
    outer loop
      vertex 51.19855525059956 55.214996334312815 6.1
      vertex 51.09164271711535 55.58299168829438 8.1
      vertex 51.19855525059956 55.214996334312815 8.1
    endloop
  endfacet
  facet normal 0.9759167619387507 0.21814324139652805 0
    outer loop
      vertex 51.09164271711535 55.58299168829438 6.1
      vertex 51.008047770555 55.956973981027076 8.1
      vertex 51.09164271711535 55.58299168829438 8.1
    endloop
  endfacet
  facet normal 0.987688340595136 0.15643446504024172 0
    outer loop
      vertex 51.008047770555 55.956973981027076 6.1
      vertex 50.948100321981684 56.33546727525774 8.1
      vertex 51.008047770555 55.956973981027076 8.1
    endloop
  endfacet
  facet normal 0.9955619646030797 0.0941083133185164 0
    outer loop
      vertex 50.948100321981684 56.33546727525774 6.1
      vertex 50.91203695658754 56.71697783087118 8.1
      vertex 50.948100321981684 56.33546727525774 8.1
    endloop
  endfacet
  facet normal 0.9995065603657315 0.03141075907812828 0
    outer loop
      vertex 50.91203695658754 56.71697783087118 6.1
      vertex 50.9 57.099999999999994 8.1
      vertex 50.91203695658754 56.71697783087118 8.1
    endloop
  endfacet
  facet normal 0.9995065603657315 -0.03141075907812828 0
    outer loop
      vertex 50.9 57.099999999999994 6.1
      vertex 50.91203695658754 57.48302216912881 8.1
      vertex 50.9 57.099999999999994 8.1
    endloop
  endfacet
  facet normal 0.9177546256839788 0.39714789063478595 0
    outer loop
      vertex 51.48055497995728 54.50274632145305 6.1
      vertex 51.328363436081666 54.85444022862346 8.1
      vertex 51.48055497995728 54.50274632145305 8.1
    endloop
  endfacet
  facet normal 0.8910065241883708 0.4539904997395408 0
    outer loop
      vertex 51.654529251732434 54.16130258797953 6.1
      vertex 51.48055497995728 54.50274632145305 8.1
      vertex 51.654529251732434 54.16130258797953 8.1
    endloop
  endfacet
  facet normal 0.8607420270039428 0.5090414157503726 0
    outer loop
      vertex 51.84959965443771 53.83145655062811 6.1
      vertex 51.654529251732434 54.16130258797953 8.1
      vertex 51.84959965443771 53.83145655062811 8.1
    endloop
  endfacet
  facet normal 0.7071067811865476 0.7071067811865476 0
    outer loop
      vertex 52.824262653835 52.653291372729385 6.1
      vertex 52.55329137272939 52.924262653834994 6.1
      vertex 52.55329137272939 52.924262653834994 8.1
    endloop
  endfacet
  facet normal 0.6613118653236512 0.75011106963046 0
    outer loop
      vertex 52.824262653835 52.653291372729385 6.1
      vertex 52.824262653835 52.653291372729385 8.1
      vertex 53.11171366253299 52.39986921906768 6.1
    endloop
  endfacet
  facet normal 0.612907053652971 0.7901550123756945 0
    outer loop
      vertex 53.11171366253299 52.39986921906768 6.1
      vertex 53.11171366253299 52.39986921906768 8.1
      vertex 53.414509961015916 52.16499633431282 6.1
    endloop
  endfacet
  facet normal 0.5620833778521382 0.8270805742745566 0
    outer loop
      vertex 53.414509961015916 52.16499633431282 6.1
      vertex 53.414509961015916 52.16499633431282 8.1
      vertex 53.73145655062812 51.949599654437705 6.1
    endloop
  endfacet
  facet normal 0.5090414157503726 0.8607420270039428 0
    outer loop
      vertex 54.06130258797953 51.75452925173243 6.1
      vertex 53.73145655062812 51.949599654437705 6.1
      vertex 53.73145655062812 51.949599654437705 8.1
    endloop
  endfacet
  facet normal 0.4539904997395408 0.8910065241883708 0
    outer loop
      vertex 54.06130258797953 51.75452925173243 6.1
      vertex 54.06130258797953 51.75452925173243 8.1
      vertex 54.40274632145306 51.58055497995728 6.1
    endloop
  endfacet
  facet normal 0.39714789063478595 0.9177546256839788 0
    outer loop
      vertex 54.40274632145306 51.58055497995728 6.1
      vertex 54.40274632145306 51.58055497995728 8.1
      vertex 54.754440228623466 51.42836343608166 6.1
    endloop
  endfacet
  facet normal 0.3387379202452965 0.9408807689542237 0
    outer loop
      vertex 54.754440228623466 51.42836343608166 6.1
      vertex 54.754440228623466 51.42836343608166 8.1
      vertex 55.11499633431282 51.298555250599556 6.1
    endloop
  endfacet
  facet normal 0.27899110603923 0.9602936856769428 0
    outer loop
      vertex 55.11499633431282 51.298555250599556 6.1
      vertex 55.11499633431282 51.298555250599556 8.1
      vertex 55.48299168829438 51.19164271711534 6.1
    endloop
  endfacet
  facet normal 0.21814324139652805 0.9759167619387507 0
    outer loop
      vertex 55.48299168829438 51.19164271711534 6.1
      vertex 55.48299168829438 51.19164271711534 8.1
      vertex 55.85697398102708 51.108047770555 6.1
    endloop
  endfacet
  facet normal 0.15643446504024172 0.987688340595136 0
    outer loop
      vertex 55.85697398102708 51.108047770555 6.1
      vertex 55.85697398102708 51.108047770555 8.1
      vertex 56.23546727525775 51.04810032198168 6.1
    endloop
  endfacet
  facet normal 0.0941083133185164 0.9955619646030797 0
    outer loop
      vertex 56.23546727525775 51.04810032198168 6.1
      vertex 56.23546727525775 51.04810032198168 8.1
      vertex 56.616977830871186 51.01203695658754 6.1
    endloop
  endfacet
  facet normal 0.03141075907812828 0.9995065603657315 0
    outer loop
      vertex 56.616977830871186 51.01203695658754 6.1
      vertex 56.616977830871186 51.01203695658754 8.1
      vertex 57 50.99999999999999 6.1
    endloop
  endfacet
  facet normal -0.03141075907812828 0.9995065603657315 0
    outer loop
      vertex 57 50.99999999999999 6.1
      vertex 57 50.99999999999999 8.1
      vertex 57.383022169128814 51.01203695658754 6.1
    endloop
  endfacet
  facet normal -0.0941083133185164 0.9955619646030797 0
    outer loop
      vertex 57.383022169128814 51.01203695658754 6.1
      vertex 57.383022169128814 51.01203695658754 8.1
      vertex 57.76453272474225 51.04810032198168 6.1
    endloop
  endfacet
  facet normal -0.15643446504024172 0.987688340595136 0
    outer loop
      vertex 57.76453272474225 51.04810032198168 6.1
      vertex 57.76453272474225 51.04810032198168 8.1
      vertex 58.14302601897292 51.108047770555 6.1
    endloop
  endfacet
  facet normal -0.218143241396532 0.9759167619387498 0
    outer loop
      vertex 58.14302601897292 51.108047770555 6.1
      vertex 58.14302601897292 51.108047770555 8.1
      vertex 58.51700831170561 51.19164271711534 6.1
    endloop
  endfacet
  facet normal -0.27899110603922506 0.9602936856769443 0
    outer loop
      vertex 58.51700831170561 51.19164271711534 6.1
      vertex 58.51700831170561 51.19164271711534 8.1
      vertex 58.88500366568718 51.298555250599556 6.1
    endloop
  endfacet
  facet normal -0.3387379202452965 0.9408807689542237 0
    outer loop
      vertex 58.88500366568718 51.298555250599556 6.1
      vertex 58.88500366568718 51.298555250599556 8.1
      vertex 59.245559771376534 51.42836343608166 6.1
    endloop
  endfacet
  facet normal -0.39714789063478595 0.9177546256839788 0
    outer loop
      vertex 59.245559771376534 51.42836343608166 6.1
      vertex 59.245559771376534 51.42836343608166 8.1
      vertex 59.59725367854694 51.58055497995728 6.1
    endloop
  endfacet
  facet normal -0.4539904997395408 0.8910065241883708 0
    outer loop
      vertex 59.59725367854694 51.58055497995728 6.1
      vertex 59.59725367854694 51.58055497995728 8.1
      vertex 59.93869741202047 51.75452925173243 6.1
    endloop
  endfacet
  facet normal -0.5090414157503809 0.860742027003938 0
    outer loop
      vertex 59.93869741202047 51.75452925173243 6.1
      vertex 59.93869741202047 51.75452925173243 8.1
      vertex 60.268543449371876 51.949599654437705 6.1
    endloop
  endfacet
  facet normal -0.5620833778521296 0.8270805742745625 0
    outer loop
      vertex 60.268543449371876 51.949599654437705 6.1
      vertex 60.268543449371876 51.949599654437705 8.1
      vertex 60.585490038984084 52.16499633431282 6.1
    endloop
  endfacet
  facet normal -0.612907053652971 0.7901550123756945 0
    outer loop
      vertex 60.585490038984084 52.16499633431282 6.1
      vertex 60.585490038984084 52.16499633431282 8.1
      vertex 60.88828633746701 52.39986921906768 6.1
    endloop
  endfacet
  facet normal -0.6613118653236512 0.75011106963046 0
    outer loop
      vertex 60.88828633746701 52.39986921906768 6.1
      vertex 60.88828633746701 52.39986921906768 8.1
      vertex 61.175737346165 52.653291372729385 6.1
    endloop
  endfacet
  facet normal 0.7071067811865476 0.7071067811865476 0
    outer loop
      vertex 52.824262653835 52.653291372729385 6.1
      vertex 52.55329137272939 52.924262653834994 8.1
      vertex 52.824262653835 52.653291372729385 8.1
    endloop
  endfacet
  facet normal 0.6613118653236512 0.75011106963046 0
    outer loop
      vertex 53.11171366253299 52.39986921906768 6.1
      vertex 52.824262653835 52.653291372729385 8.1
      vertex 53.11171366253299 52.39986921906768 8.1
    endloop
  endfacet
  facet normal 0.612907053652971 0.7901550123756945 0
    outer loop
      vertex 53.414509961015916 52.16499633431282 6.1
      vertex 53.11171366253299 52.39986921906768 8.1
      vertex 53.414509961015916 52.16499633431282 8.1
    endloop
  endfacet
  facet normal 0.5090414157503726 0.8607420270039428 0
    outer loop
      vertex 54.06130258797953 51.75452925173243 6.1
      vertex 53.73145655062812 51.949599654437705 8.1
      vertex 54.06130258797953 51.75452925173243 8.1
    endloop
  endfacet
  facet normal 0.4539904997395408 0.8910065241883708 0
    outer loop
      vertex 54.40274632145306 51.58055497995728 6.1
      vertex 54.06130258797953 51.75452925173243 8.1
      vertex 54.40274632145306 51.58055497995728 8.1
    endloop
  endfacet
  facet normal 0.39714789063478595 0.9177546256839788 0
    outer loop
      vertex 54.754440228623466 51.42836343608166 6.1
      vertex 54.40274632145306 51.58055497995728 8.1
      vertex 54.754440228623466 51.42836343608166 8.1
    endloop
  endfacet
  facet normal 0.5620833778521382 0.8270805742745566 0
    outer loop
      vertex 53.73145655062812 51.949599654437705 6.1
      vertex 53.414509961015916 52.16499633431282 8.1
      vertex 53.73145655062812 51.949599654437705 8.1
    endloop
  endfacet
  facet normal 0.3387379202452965 0.9408807689542237 0
    outer loop
      vertex 55.11499633431282 51.298555250599556 6.1
      vertex 54.754440228623466 51.42836343608166 8.1
      vertex 55.11499633431282 51.298555250599556 8.1
    endloop
  endfacet
  facet normal 0.27899110603923 0.9602936856769428 0
    outer loop
      vertex 55.48299168829438 51.19164271711534 6.1
      vertex 55.11499633431282 51.298555250599556 8.1
      vertex 55.48299168829438 51.19164271711534 8.1
    endloop
  endfacet
  facet normal 0.21814324139652805 0.9759167619387507 0
    outer loop
      vertex 55.85697398102708 51.108047770555 6.1
      vertex 55.48299168829438 51.19164271711534 8.1
      vertex 55.85697398102708 51.108047770555 8.1
    endloop
  endfacet
  facet normal 0.15643446504024172 0.987688340595136 0
    outer loop
      vertex 56.23546727525775 51.04810032198168 6.1
      vertex 55.85697398102708 51.108047770555 8.1
      vertex 56.23546727525775 51.04810032198168 8.1
    endloop
  endfacet
  facet normal 0.0941083133185164 0.9955619646030797 0
    outer loop
      vertex 56.616977830871186 51.01203695658754 6.1
      vertex 56.23546727525775 51.04810032198168 8.1
      vertex 56.616977830871186 51.01203695658754 8.1
    endloop
  endfacet
  facet normal 0.03141075907812828 0.9995065603657315 0
    outer loop
      vertex 57 50.99999999999999 6.1
      vertex 56.616977830871186 51.01203695658754 8.1
      vertex 57 50.99999999999999 8.1
    endloop
  endfacet
  facet normal -0.03141075907812828 0.9995065603657315 0
    outer loop
      vertex 57.383022169128814 51.01203695658754 6.1
      vertex 57 50.99999999999999 8.1
      vertex 57.383022169128814 51.01203695658754 8.1
    endloop
  endfacet
  facet normal -0.0941083133185164 0.9955619646030797 0
    outer loop
      vertex 57.76453272474225 51.04810032198168 6.1
      vertex 57.383022169128814 51.01203695658754 8.1
      vertex 57.76453272474225 51.04810032198168 8.1
    endloop
  endfacet
  facet normal -0.15643446504024172 0.987688340595136 0
    outer loop
      vertex 58.14302601897292 51.108047770555 6.1
      vertex 57.76453272474225 51.04810032198168 8.1
      vertex 58.14302601897292 51.108047770555 8.1
    endloop
  endfacet
  facet normal -0.218143241396532 0.9759167619387498 0
    outer loop
      vertex 58.51700831170561 51.19164271711534 6.1
      vertex 58.14302601897292 51.108047770555 8.1
      vertex 58.51700831170561 51.19164271711534 8.1
    endloop
  endfacet
  facet normal -0.27899110603922506 0.9602936856769443 0
    outer loop
      vertex 58.88500366568718 51.298555250599556 6.1
      vertex 58.51700831170561 51.19164271711534 8.1
      vertex 58.88500366568718 51.298555250599556 8.1
    endloop
  endfacet
  facet normal -0.3387379202452965 0.9408807689542237 0
    outer loop
      vertex 59.245559771376534 51.42836343608166 6.1
      vertex 58.88500366568718 51.298555250599556 8.1
      vertex 59.245559771376534 51.42836343608166 8.1
    endloop
  endfacet
  facet normal -0.39714789063478595 0.9177546256839788 0
    outer loop
      vertex 59.59725367854694 51.58055497995728 6.1
      vertex 59.245559771376534 51.42836343608166 8.1
      vertex 59.59725367854694 51.58055497995728 8.1
    endloop
  endfacet
  facet normal -0.4539904997395408 0.8910065241883708 0
    outer loop
      vertex 59.93869741202047 51.75452925173243 6.1
      vertex 59.59725367854694 51.58055497995728 8.1
      vertex 59.93869741202047 51.75452925173243 8.1
    endloop
  endfacet
  facet normal -0.5090414157503809 0.860742027003938 0
    outer loop
      vertex 60.268543449371876 51.949599654437705 6.1
      vertex 59.93869741202047 51.75452925173243 8.1
      vertex 60.268543449371876 51.949599654437705 8.1
    endloop
  endfacet
  facet normal -0.5620833778521296 0.8270805742745625 0
    outer loop
      vertex 60.585490038984084 52.16499633431282 6.1
      vertex 60.268543449371876 51.949599654437705 8.1
      vertex 60.585490038984084 52.16499633431282 8.1
    endloop
  endfacet
  facet normal -0.612907053652971 0.7901550123756945 0
    outer loop
      vertex 60.88828633746701 52.39986921906768 6.1
      vertex 60.585490038984084 52.16499633431282 8.1
      vertex 60.88828633746701 52.39986921906768 8.1
    endloop
  endfacet
  facet normal -0.6613118653236512 0.75011106963046 0
    outer loop
      vertex 61.175737346165 52.653291372729385 6.1
      vertex 60.88828633746701 52.39986921906768 8.1
      vertex 61.175737346165 52.653291372729385 8.1
    endloop
  endfacet
  facet normal -0.7071067811865476 0.7071067811865476 0
    outer loop
      vertex 61.175737346165 52.653291372729385 6.1
      vertex 61.175737346165 52.653291372729385 8.1
      vertex 61.44670862727061 52.924262653834994 6.1
    endloop
  endfacet
  facet normal -0.75011106963046 0.6613118653236512 0
    outer loop
      vertex 61.44670862727061 52.924262653834994 6.1
      vertex 61.44670862727061 52.924262653834994 8.1
      vertex 61.70013078093231 53.211713662532986 6.1
    endloop
  endfacet
  facet normal -0.7901550123756945 0.612907053652971 0
    outer loop
      vertex 61.70013078093231 53.211713662532986 6.1
      vertex 61.70013078093231 53.211713662532986 8.1
      vertex 61.93500366568718 53.51450996101591 6.1
    endloop
  endfacet
  facet normal -0.8270805742745625 0.5620833778521296 0
    outer loop
      vertex 61.93500366568718 53.51450996101591 6.1
      vertex 61.93500366568718 53.51450996101591 8.1
      vertex 62.15040034556229 53.83145655062812 6.1
    endloop
  endfacet
  facet normal -0.860742027003938 0.5090414157503809 0
    outer loop
      vertex 62.15040034556229 53.83145655062812 6.1
      vertex 62.15040034556229 53.83145655062812 8.1
      vertex 62.345470748267566 54.16130258797953 6.1
    endloop
  endfacet
  facet normal -0.8910065241883708 0.4539904997395408 0
    outer loop
      vertex 62.345470748267566 54.16130258797953 6.1
      vertex 62.345470748267566 54.16130258797953 8.1
      vertex 62.51944502004272 54.50274632145305 6.1
    endloop
  endfacet
  facet normal -0.9177546256839788 0.39714789063478595 0
    outer loop
      vertex 62.51944502004272 54.50274632145305 6.1
      vertex 62.51944502004272 54.50274632145305 8.1
      vertex 62.671636563918334 54.85444022862346 6.1
    endloop
  endfacet
  facet normal -0.9408807689542237 0.3387379202452965 0
    outer loop
      vertex 62.671636563918334 54.85444022862346 6.1
      vertex 62.671636563918334 54.85444022862346 8.1
      vertex 62.80144474940044 55.214996334312815 6.1
    endloop
  endfacet
  facet normal -0.9602936856769443 0.27899110603922506 0
    outer loop
      vertex 62.80144474940044 55.214996334312815 6.1
      vertex 62.80144474940044 55.214996334312815 8.1
      vertex 62.90835728288465 55.582991688294385 6.1
    endloop
  endfacet
  facet normal -0.9759167619387498 0.218143241396532 0
    outer loop
      vertex 62.90835728288465 55.582991688294385 6.1
      vertex 62.90835728288465 55.582991688294385 8.1
      vertex 62.991952229445 55.956973981027076 6.1
    endloop
  endfacet
  facet normal -0.987688340595136 0.15643446504024172 0
    outer loop
      vertex 62.991952229445 55.956973981027076 6.1
      vertex 62.991952229445 55.956973981027076 8.1
      vertex 63.051899678018316 56.33546727525774 6.1
    endloop
  endfacet
  facet normal -0.9955619646030797 0.0941083133185164 0
    outer loop
      vertex 63.051899678018316 56.33546727525774 6.1
      vertex 63.051899678018316 56.33546727525774 8.1
      vertex 63.08796304341246 56.71697783087118 6.1
    endloop
  endfacet
  facet normal -0.9995065603657315 0.03141075907812828 0
    outer loop
      vertex 63.08796304341246 56.71697783087118 6.1
      vertex 63.08796304341246 56.71697783087118 8.1
      vertex 63.1 57.099999999999994 6.1
    endloop
  endfacet
  facet normal -0.9995065603657315 -0.03141075907812828 0
    outer loop
      vertex 63.1 57.099999999999994 6.1
      vertex 63.1 57.099999999999994 8.1
      vertex 63.08796304341246 57.48302216912881 6.1
    endloop
  endfacet
  facet normal -0.7071067811865476 0.7071067811865476 0
    outer loop
      vertex 61.44670862727061 52.924262653834994 6.1
      vertex 61.175737346165 52.653291372729385 8.1
      vertex 61.44670862727061 52.924262653834994 8.1
    endloop
  endfacet
  facet normal -0.75011106963046 0.6613118653236512 0
    outer loop
      vertex 61.70013078093231 53.211713662532986 6.1
      vertex 61.44670862727061 52.924262653834994 8.1
      vertex 61.70013078093231 53.211713662532986 8.1
    endloop
  endfacet
  facet normal -0.7901550123756945 0.612907053652971 0
    outer loop
      vertex 61.93500366568718 53.51450996101591 6.1
      vertex 61.70013078093231 53.211713662532986 8.1
      vertex 61.93500366568718 53.51450996101591 8.1
    endloop
  endfacet
  facet normal -0.8270805742745625 0.5620833778521296 0
    outer loop
      vertex 62.15040034556229 53.83145655062812 6.1
      vertex 61.93500366568718 53.51450996101591 8.1
      vertex 62.15040034556229 53.83145655062812 8.1
    endloop
  endfacet
  facet normal -0.860742027003938 0.5090414157503809 0
    outer loop
      vertex 62.345470748267566 54.16130258797953 6.1
      vertex 62.15040034556229 53.83145655062812 8.1
      vertex 62.345470748267566 54.16130258797953 8.1
    endloop
  endfacet
  facet normal -0.8910065241883708 0.4539904997395408 0
    outer loop
      vertex 62.51944502004272 54.50274632145305 6.1
      vertex 62.345470748267566 54.16130258797953 8.1
      vertex 62.51944502004272 54.50274632145305 8.1
    endloop
  endfacet
  facet normal -0.9177546256839788 0.39714789063478595 0
    outer loop
      vertex 62.671636563918334 54.85444022862346 6.1
      vertex 62.51944502004272 54.50274632145305 8.1
      vertex 62.671636563918334 54.85444022862346 8.1
    endloop
  endfacet
  facet normal -0.9408807689542237 0.3387379202452965 0
    outer loop
      vertex 62.80144474940044 55.214996334312815 6.1
      vertex 62.671636563918334 54.85444022862346 8.1
      vertex 62.80144474940044 55.214996334312815 8.1
    endloop
  endfacet
  facet normal -0.9602936856769443 0.27899110603922506 0
    outer loop
      vertex 62.90835728288465 55.582991688294385 6.1
      vertex 62.80144474940044 55.214996334312815 8.1
      vertex 62.90835728288465 55.582991688294385 8.1
    endloop
  endfacet
  facet normal -0.9759167619387498 0.218143241396532 0
    outer loop
      vertex 62.991952229445 55.956973981027076 6.1
      vertex 62.90835728288465 55.582991688294385 8.1
      vertex 62.991952229445 55.956973981027076 8.1
    endloop
  endfacet
  facet normal -0.987688340595136 0.15643446504024172 0
    outer loop
      vertex 63.051899678018316 56.33546727525774 6.1
      vertex 62.991952229445 55.956973981027076 8.1
      vertex 63.051899678018316 56.33546727525774 8.1
    endloop
  endfacet
  facet normal -0.9955619646030797 0.0941083133185164 0
    outer loop
      vertex 63.08796304341246 56.71697783087118 6.1
      vertex 63.051899678018316 56.33546727525774 8.1
      vertex 63.08796304341246 56.71697783087118 8.1
    endloop
  endfacet
  facet normal -0.9995065603657315 0.03141075907812828 0
    outer loop
      vertex 63.1 57.099999999999994 6.1
      vertex 63.08796304341246 56.71697783087118 8.1
      vertex 63.1 57.099999999999994 8.1
    endloop
  endfacet
  facet normal -0.9995065603657315 -0.03141075907812828 0
    outer loop
      vertex 63.08796304341246 57.48302216912881 6.1
      vertex 63.1 57.099999999999994 8.1
      vertex 63.08796304341246 57.48302216912881 8.1
    endloop
  endfacet
  facet normal 0.9955619646030797 -0.0941083133185164 0
    outer loop
      vertex 50.91203695658754 57.48302216912881 6.1
      vertex 50.948100321981684 57.86453272474225 6.1
      vertex 50.948100321981684 57.86453272474225 8.1
    endloop
  endfacet
  facet normal 0.987688340595136 -0.15643446504024172 0
    outer loop
      vertex 50.948100321981684 57.86453272474225 6.1
      vertex 51.008047770555 58.24302601897291 6.1
      vertex 51.008047770555 58.24302601897291 8.1
    endloop
  endfacet
  facet normal 0.9759167619387507 -0.21814324139652805 0
    outer loop
      vertex 51.008047770555 58.24302601897291 6.1
      vertex 51.09164271711535 58.61700831170561 6.1
      vertex 51.09164271711535 58.61700831170561 8.1
    endloop
  endfacet
  facet normal 0.9602936856769428 -0.27899110603923 0
    outer loop
      vertex 51.09164271711535 58.61700831170561 6.1
      vertex 51.19855525059956 58.985003665687174 6.1
      vertex 51.19855525059956 58.985003665687174 8.1
    endloop
  endfacet
  facet normal 0.9408807689542237 -0.3387379202452965 0
    outer loop
      vertex 51.19855525059956 58.985003665687174 6.1
      vertex 51.328363436081666 59.34555977137653 6.1
      vertex 51.328363436081666 59.34555977137653 8.1
    endloop
  endfacet
  facet normal 0.9177546256839788 -0.39714789063478595 0
    outer loop
      vertex 51.328363436081666 59.34555977137653 6.1
      vertex 51.48055497995728 59.697253678546936 6.1
      vertex 51.48055497995728 59.697253678546936 8.1
    endloop
  endfacet
  facet normal 0.8910065241883708 -0.4539904997395408 0
    outer loop
      vertex 51.48055497995728 59.697253678546936 6.1
      vertex 51.654529251732434 60.03869741202046 6.1
      vertex 51.654529251732434 60.03869741202046 8.1
    endloop
  endfacet
  facet normal 0.8607420270039428 -0.5090414157503726 0
    outer loop
      vertex 51.654529251732434 60.03869741202046 6.1
      vertex 51.84959965443771 60.36854344937188 6.1
      vertex 51.84959965443771 60.36854344937188 8.1
    endloop
  endfacet
  facet normal 0.8270805742745566 -0.5620833778521382 0
    outer loop
      vertex 51.84959965443771 60.36854344937188 6.1
      vertex 52.06499633431282 60.68549003898408 6.1
      vertex 52.06499633431282 60.68549003898408 8.1
    endloop
  endfacet
  facet normal 0.7901550123756945 -0.612907053652971 0
    outer loop
      vertex 52.06499633431282 60.68549003898408 6.1
      vertex 52.29986921906769 60.988286337467 6.1
      vertex 52.29986921906769 60.988286337467 8.1
    endloop
  endfacet
  facet normal 0.75011106963046 -0.6613118653236512 0
    outer loop
      vertex 52.29986921906769 60.988286337467 6.1
      vertex 52.55329137272939 61.275737346164995 6.1
      vertex 52.55329137272939 61.275737346164995 8.1
    endloop
  endfacet
  facet normal 0.9955619646030797 -0.0941083133185164 0
    outer loop
      vertex 50.91203695658754 57.48302216912881 6.1
      vertex 50.948100321981684 57.86453272474225 8.1
      vertex 50.91203695658754 57.48302216912881 8.1
    endloop
  endfacet
  facet normal 0.987688340595136 -0.15643446504024172 0
    outer loop
      vertex 50.948100321981684 57.86453272474225 6.1
      vertex 51.008047770555 58.24302601897291 8.1
      vertex 50.948100321981684 57.86453272474225 8.1
    endloop
  endfacet
  facet normal 0.9759167619387507 -0.21814324139652805 0
    outer loop
      vertex 51.008047770555 58.24302601897291 6.1
      vertex 51.09164271711535 58.61700831170561 8.1
      vertex 51.008047770555 58.24302601897291 8.1
    endloop
  endfacet
  facet normal 0.9602936856769428 -0.27899110603923 0
    outer loop
      vertex 51.09164271711535 58.61700831170561 6.1
      vertex 51.19855525059956 58.985003665687174 8.1
      vertex 51.09164271711535 58.61700831170561 8.1
    endloop
  endfacet
  facet normal 0.9408807689542237 -0.3387379202452965 0
    outer loop
      vertex 51.19855525059956 58.985003665687174 6.1
      vertex 51.328363436081666 59.34555977137653 8.1
      vertex 51.19855525059956 58.985003665687174 8.1
    endloop
  endfacet
  facet normal 0.9177546256839788 -0.39714789063478595 0
    outer loop
      vertex 51.328363436081666 59.34555977137653 6.1
      vertex 51.48055497995728 59.697253678546936 8.1
      vertex 51.328363436081666 59.34555977137653 8.1
    endloop
  endfacet
  facet normal 0.8910065241883708 -0.4539904997395408 0
    outer loop
      vertex 51.48055497995728 59.697253678546936 6.1
      vertex 51.654529251732434 60.03869741202046 8.1
      vertex 51.48055497995728 59.697253678546936 8.1
    endloop
  endfacet
  facet normal 0.8607420270039428 -0.5090414157503726 0
    outer loop
      vertex 51.654529251732434 60.03869741202046 6.1
      vertex 51.84959965443771 60.36854344937188 8.1
      vertex 51.654529251732434 60.03869741202046 8.1
    endloop
  endfacet
  facet normal 0.8270805742745566 -0.5620833778521382 0
    outer loop
      vertex 51.84959965443771 60.36854344937188 6.1
      vertex 52.06499633431282 60.68549003898408 8.1
      vertex 51.84959965443771 60.36854344937188 8.1
    endloop
  endfacet
  facet normal 0.7901550123756945 -0.612907053652971 0
    outer loop
      vertex 52.06499633431282 60.68549003898408 6.1
      vertex 52.29986921906769 60.988286337467 8.1
      vertex 52.06499633431282 60.68549003898408 8.1
    endloop
  endfacet
  facet normal 0.75011106963046 -0.6613118653236512 0
    outer loop
      vertex 52.29986921906769 60.988286337467 6.1
      vertex 52.55329137272939 61.275737346164995 8.1
      vertex 52.29986921906769 60.988286337467 8.1
    endloop
  endfacet
  facet normal 0.7071067811865476 -0.7071067811865476 0
    outer loop
      vertex 52.55329137272939 61.275737346164995 6.1
      vertex 52.824262653835 61.546708627270604 6.1
      vertex 52.824262653835 61.546708627270604 8.1
    endloop
  endfacet
  facet normal 0.6613118653236512 -0.75011106963046 0
    outer loop
      vertex 52.824262653835 61.546708627270604 6.1
      vertex 53.11171366253299 61.80013078093231 6.1
      vertex 53.11171366253299 61.80013078093231 8.1
    endloop
  endfacet
  facet normal 0.612907053652971 -0.7901550123756945 0
    outer loop
      vertex 53.11171366253299 61.80013078093231 6.1
      vertex 53.414509961015916 62.03500366568717 6.1
      vertex 53.414509961015916 62.03500366568717 8.1
    endloop
  endfacet
  facet normal 0.5620833778521382 -0.8270805742745566 0
    outer loop
      vertex 53.414509961015916 62.03500366568717 6.1
      vertex 53.73145655062812 62.250400345562284 6.1
      vertex 53.73145655062812 62.250400345562284 8.1
    endloop
  endfacet
  facet normal 0.5090414157503647 -0.8607420270039476 0
    outer loop
      vertex 53.73145655062812 62.250400345562284 6.1
      vertex 54.06130258797954 62.44547074826756 6.1
      vertex 54.06130258797954 62.44547074826756 8.1
    endloop
  endfacet
  facet normal 0.4539904997395483 -0.891006524188367 0
    outer loop
      vertex 54.06130258797954 62.44547074826756 6.1
      vertex 54.40274632145306 62.61944502004271 6.1
      vertex 54.40274632145306 62.61944502004271 8.1
    endloop
  endfacet
  facet normal 0.39714789063478595 -0.9177546256839788 0
    outer loop
      vertex 54.40274632145306 62.61944502004271 6.1
      vertex 54.754440228623466 62.77163656391833 6.1
      vertex 54.754440228623466 62.77163656391833 8.1
    endloop
  endfacet
  facet normal 0.3387379202452965 -0.9408807689542237 0
    outer loop
      vertex 54.754440228623466 62.77163656391833 6.1
      vertex 55.11499633431282 62.90144474940043 6.1
      vertex 55.11499633431282 62.90144474940043 8.1
    endloop
  endfacet
  facet normal 0.27899110603923 -0.9602936856769428 0
    outer loop
      vertex 55.11499633431282 62.90144474940043 6.1
      vertex 55.48299168829438 63.008357282884646 6.1
      vertex 55.48299168829438 63.008357282884646 8.1
    endloop
  endfacet
  facet normal 0.2181432413965457 -0.9759167619387467 0
    outer loop
      vertex 55.48299168829438 63.008357282884646 6.1
      vertex 55.85697398102708 63.091952229445 6.1
      vertex 55.85697398102708 63.091952229445 8.1
    endloop
  endfacet
  facet normal 0.15643446504022365 -0.9876883405951389 0
    outer loop
      vertex 55.85697398102708 63.091952229445 6.1
      vertex 56.23546727525775 63.15189967801831 6.1
      vertex 56.23546727525775 63.15189967801831 8.1
    endloop
  endfacet
  facet normal 0.0941083133185164 -0.9955619646030797 0
    outer loop
      vertex 56.23546727525775 63.15189967801831 6.1
      vertex 56.616977830871186 63.18796304341245 6.1
      vertex 56.616977830871186 63.18796304341245 8.1
    endloop
  endfacet
  facet normal 0.03141075907812828 -0.9995065603657315 0
    outer loop
      vertex 56.616977830871186 63.18796304341245 6.1
      vertex 57 63.199999999999996 6.1
      vertex 57 63.199999999999996 8.1
    endloop
  endfacet
  facet normal -0.03141075907812828 -0.9995065603657315 0
    outer loop
      vertex 57 63.199999999999996 6.1
      vertex 57.383022169128814 63.18796304341245 6.1
      vertex 57.383022169128814 63.18796304341245 8.1
    endloop
  endfacet
  facet normal -0.0941083133185164 -0.9955619646030797 0
    outer loop
      vertex 57.383022169128814 63.18796304341245 6.1
      vertex 57.76453272474225 63.15189967801831 6.1
      vertex 57.76453272474225 63.15189967801831 8.1
    endloop
  endfacet
  facet normal -0.15643446504022365 -0.9876883405951389 0
    outer loop
      vertex 57.76453272474225 63.15189967801831 6.1
      vertex 58.14302601897292 63.091952229445 6.1
      vertex 58.14302601897292 63.091952229445 8.1
    endloop
  endfacet
  facet normal -0.2181432413965457 -0.9759167619387467 0
    outer loop
      vertex 58.14302601897292 63.091952229445 6.1
      vertex 58.51700831170562 63.008357282884646 6.1
      vertex 58.51700831170562 63.008357282884646 8.1
    endloop
  endfacet
  facet normal -0.27899110603923 -0.9602936856769428 0
    outer loop
      vertex 58.51700831170562 63.008357282884646 6.1
      vertex 58.88500366568718 62.90144474940043 6.1
      vertex 58.88500366568718 62.90144474940043 8.1
    endloop
  endfacet
  facet normal -0.39714789063478595 -0.9177546256839788 0
    outer loop
      vertex 59.245559771376534 62.77163656391833 6.1
      vertex 59.59725367854694 62.61944502004271 6.1
      vertex 59.59725367854694 62.61944502004271 8.1
    endloop
  endfacet
  facet normal -0.4539904997395483 -0.891006524188367 0
    outer loop
      vertex 59.59725367854694 62.61944502004271 6.1
      vertex 59.93869741202046 62.44547074826756 6.1
      vertex 59.93869741202046 62.44547074826756 8.1
    endloop
  endfacet
  facet normal -0.3387379202452965 -0.9408807689542237 0
    outer loop
      vertex 58.88500366568718 62.90144474940043 6.1
      vertex 59.245559771376534 62.77163656391833 6.1
      vertex 59.245559771376534 62.77163656391833 8.1
    endloop
  endfacet
  facet normal -0.5090414157503726 -0.8607420270039428 0
    outer loop
      vertex 60.268543449371876 62.250400345562284 6.1
      vertex 60.268543449371876 62.250400345562284 8.1
      vertex 59.93869741202046 62.44547074826756 6.1
    endloop
  endfacet
  facet normal -0.5620833778521296 -0.8270805742745625 0
    outer loop
      vertex 60.268543449371876 62.250400345562284 6.1
      vertex 60.585490038984084 62.03500366568717 6.1
      vertex 60.585490038984084 62.03500366568717 8.1
    endloop
  endfacet
  facet normal -0.612907053652971 -0.7901550123756945 0
    outer loop
      vertex 60.585490038984084 62.03500366568717 6.1
      vertex 60.88828633746701 61.80013078093231 6.1
      vertex 60.88828633746701 61.80013078093231 8.1
    endloop
  endfacet
  facet normal -0.6613118653236512 -0.75011106963046 0
    outer loop
      vertex 60.88828633746701 61.80013078093231 6.1
      vertex 61.175737346165 61.546708627270604 6.1
      vertex 61.175737346165 61.546708627270604 8.1
    endloop
  endfacet
  facet normal 0.7071067811865476 -0.7071067811865476 0
    outer loop
      vertex 52.55329137272939 61.275737346164995 6.1
      vertex 52.824262653835 61.546708627270604 8.1
      vertex 52.55329137272939 61.275737346164995 8.1
    endloop
  endfacet
  facet normal 0.6613118653236512 -0.75011106963046 0
    outer loop
      vertex 52.824262653835 61.546708627270604 6.1
      vertex 53.11171366253299 61.80013078093231 8.1
      vertex 52.824262653835 61.546708627270604 8.1
    endloop
  endfacet
  facet normal 0.612907053652971 -0.7901550123756945 0
    outer loop
      vertex 53.11171366253299 61.80013078093231 6.1
      vertex 53.414509961015916 62.03500366568717 8.1
      vertex 53.11171366253299 61.80013078093231 8.1
    endloop
  endfacet
  facet normal 0.5620833778521382 -0.8270805742745566 0
    outer loop
      vertex 53.414509961015916 62.03500366568717 6.1
      vertex 53.73145655062812 62.250400345562284 8.1
      vertex 53.414509961015916 62.03500366568717 8.1
    endloop
  endfacet
  facet normal 0.5090414157503647 -0.8607420270039476 0
    outer loop
      vertex 53.73145655062812 62.250400345562284 6.1
      vertex 54.06130258797954 62.44547074826756 8.1
      vertex 53.73145655062812 62.250400345562284 8.1
    endloop
  endfacet
  facet normal 0.4539904997395483 -0.891006524188367 0
    outer loop
      vertex 54.06130258797954 62.44547074826756 6.1
      vertex 54.40274632145306 62.61944502004271 8.1
      vertex 54.06130258797954 62.44547074826756 8.1
    endloop
  endfacet
  facet normal 0.39714789063478595 -0.9177546256839788 0
    outer loop
      vertex 54.40274632145306 62.61944502004271 6.1
      vertex 54.754440228623466 62.77163656391833 8.1
      vertex 54.40274632145306 62.61944502004271 8.1
    endloop
  endfacet
  facet normal 0.3387379202452965 -0.9408807689542237 0
    outer loop
      vertex 54.754440228623466 62.77163656391833 6.1
      vertex 55.11499633431282 62.90144474940043 8.1
      vertex 54.754440228623466 62.77163656391833 8.1
    endloop
  endfacet
  facet normal 0.27899110603923 -0.9602936856769428 0
    outer loop
      vertex 55.11499633431282 62.90144474940043 6.1
      vertex 55.48299168829438 63.008357282884646 8.1
      vertex 55.11499633431282 62.90144474940043 8.1
    endloop
  endfacet
  facet normal 0.2181432413965457 -0.9759167619387467 0
    outer loop
      vertex 55.48299168829438 63.008357282884646 6.1
      vertex 55.85697398102708 63.091952229445 8.1
      vertex 55.48299168829438 63.008357282884646 8.1
    endloop
  endfacet
  facet normal 0.15643446504022365 -0.9876883405951389 0
    outer loop
      vertex 55.85697398102708 63.091952229445 6.1
      vertex 56.23546727525775 63.15189967801831 8.1
      vertex 55.85697398102708 63.091952229445 8.1
    endloop
  endfacet
  facet normal 0.0941083133185164 -0.9955619646030797 0
    outer loop
      vertex 56.23546727525775 63.15189967801831 6.1
      vertex 56.616977830871186 63.18796304341245 8.1
      vertex 56.23546727525775 63.15189967801831 8.1
    endloop
  endfacet
  facet normal 0.03141075907812828 -0.9995065603657315 0
    outer loop
      vertex 56.616977830871186 63.18796304341245 6.1
      vertex 57 63.199999999999996 8.1
      vertex 56.616977830871186 63.18796304341245 8.1
    endloop
  endfacet
  facet normal -0.03141075907812828 -0.9995065603657315 0
    outer loop
      vertex 57 63.199999999999996 6.1
      vertex 57.383022169128814 63.18796304341245 8.1
      vertex 57 63.199999999999996 8.1
    endloop
  endfacet
  facet normal -0.0941083133185164 -0.9955619646030797 0
    outer loop
      vertex 57.383022169128814 63.18796304341245 6.1
      vertex 57.76453272474225 63.15189967801831 8.1
      vertex 57.383022169128814 63.18796304341245 8.1
    endloop
  endfacet
  facet normal -0.15643446504022365 -0.9876883405951389 0
    outer loop
      vertex 57.76453272474225 63.15189967801831 6.1
      vertex 58.14302601897292 63.091952229445 8.1
      vertex 57.76453272474225 63.15189967801831 8.1
    endloop
  endfacet
  facet normal -0.2181432413965457 -0.9759167619387467 0
    outer loop
      vertex 58.14302601897292 63.091952229445 6.1
      vertex 58.51700831170562 63.008357282884646 8.1
      vertex 58.14302601897292 63.091952229445 8.1
    endloop
  endfacet
  facet normal -0.27899110603923 -0.9602936856769428 0
    outer loop
      vertex 58.51700831170562 63.008357282884646 6.1
      vertex 58.88500366568718 62.90144474940043 8.1
      vertex 58.51700831170562 63.008357282884646 8.1
    endloop
  endfacet
  facet normal -0.3387379202452965 -0.9408807689542237 0
    outer loop
      vertex 58.88500366568718 62.90144474940043 6.1
      vertex 59.245559771376534 62.77163656391833 8.1
      vertex 58.88500366568718 62.90144474940043 8.1
    endloop
  endfacet
  facet normal -0.39714789063478595 -0.9177546256839788 0
    outer loop
      vertex 59.245559771376534 62.77163656391833 6.1
      vertex 59.59725367854694 62.61944502004271 8.1
      vertex 59.245559771376534 62.77163656391833 8.1
    endloop
  endfacet
  facet normal -0.4539904997395483 -0.891006524188367 0
    outer loop
      vertex 59.59725367854694 62.61944502004271 6.1
      vertex 59.93869741202046 62.44547074826756 8.1
      vertex 59.59725367854694 62.61944502004271 8.1
    endloop
  endfacet
  facet normal -0.5090414157503726 -0.8607420270039428 0
    outer loop
      vertex 59.93869741202046 62.44547074826756 6.1
      vertex 60.268543449371876 62.250400345562284 8.1
      vertex 59.93869741202046 62.44547074826756 8.1
    endloop
  endfacet
  facet normal -0.5620833778521296 -0.8270805742745625 0
    outer loop
      vertex 60.268543449371876 62.250400345562284 6.1
      vertex 60.585490038984084 62.03500366568717 8.1
      vertex 60.268543449371876 62.250400345562284 8.1
    endloop
  endfacet
  facet normal -0.612907053652971 -0.7901550123756945 0
    outer loop
      vertex 60.585490038984084 62.03500366568717 6.1
      vertex 60.88828633746701 61.80013078093231 8.1
      vertex 60.585490038984084 62.03500366568717 8.1
    endloop
  endfacet
  facet normal -0.6613118653236512 -0.75011106963046 0
    outer loop
      vertex 60.88828633746701 61.80013078093231 6.1
      vertex 61.175737346165 61.546708627270604 8.1
      vertex 60.88828633746701 61.80013078093231 8.1
    endloop
  endfacet
  facet normal -0.7901550123756945 -0.612907053652971 0
    outer loop
      vertex 61.70013078093231 60.988286337467 6.1
      vertex 61.93500366568718 60.68549003898408 6.1
      vertex 61.93500366568718 60.68549003898408 8.1
    endloop
  endfacet
  facet normal -0.8270805742745625 -0.5620833778521296 0
    outer loop
      vertex 62.15040034556229 60.36854344937187 6.1
      vertex 62.15040034556229 60.36854344937187 8.1
      vertex 61.93500366568718 60.68549003898408 6.1
    endloop
  endfacet
  facet normal -0.8607420270039428 -0.5090414157503726 0
    outer loop
      vertex 62.15040034556229 60.36854344937187 6.1
      vertex 62.345470748267566 60.038697412020454 6.1
      vertex 62.345470748267566 60.038697412020454 8.1
    endloop
  endfacet
  facet normal -0.9602936856769428 -0.27899110603923 0
    outer loop
      vertex 62.80144474940044 58.985003665687174 6.1
      vertex 62.90835728288465 58.61700831170561 6.1
      vertex 62.90835728288465 58.61700831170561 8.1
    endloop
  endfacet
  facet normal -0.9408807689542237 -0.3387379202452965 0
    outer loop
      vertex 62.671636563918334 59.34555977137653 6.1
      vertex 62.80144474940044 58.985003665687174 6.1
      vertex 62.80144474940044 58.985003665687174 8.1
    endloop
  endfacet
  facet normal -0.9955619646030797 -0.0941083133185164 0
    outer loop
      vertex 63.08796304341246 57.48302216912881 6.1
      vertex 63.08796304341246 57.48302216912881 8.1
      vertex 63.051899678018316 57.86453272474225 6.1
    endloop
  endfacet
  facet normal -0.9876883405951389 -0.15643446504022365 0
    outer loop
      vertex 62.991952229445005 58.24302601897291 6.1
      vertex 63.051899678018316 57.86453272474225 6.1
      vertex 63.051899678018316 57.86453272474225 8.1
    endloop
  endfacet
  facet normal -0.9759167619387467 -0.2181432413965457 0
    outer loop
      vertex 62.991952229445005 58.24302601897291 6.1
      vertex 62.991952229445005 58.24302601897291 8.1
      vertex 62.90835728288465 58.61700831170561 6.1
    endloop
  endfacet
  facet normal -0.891006524188367 -0.4539904997395483 0
    outer loop
      vertex 62.345470748267566 60.038697412020454 6.1
      vertex 62.51944502004272 59.697253678546936 6.1
      vertex 62.51944502004272 59.697253678546936 8.1
    endloop
  endfacet
  facet normal -0.9177546256839788 -0.39714789063478595 0
    outer loop
      vertex 62.671636563918334 59.34555977137653 6.1
      vertex 62.671636563918334 59.34555977137653 8.1
      vertex 62.51944502004272 59.697253678546936 6.1
    endloop
  endfacet
  facet normal -0.7071067811865476 -0.7071067811865476 0
    outer loop
      vertex 61.44670862727061 61.275737346164995 6.1
      vertex 61.44670862727061 61.275737346164995 8.1
      vertex 61.175737346165 61.546708627270604 6.1
    endloop
  endfacet
  facet normal -0.75011106963046 -0.6613118653236512 0
    outer loop
      vertex 61.44670862727061 61.275737346164995 6.1
      vertex 61.70013078093231 60.988286337467 6.1
      vertex 61.70013078093231 60.988286337467 8.1
    endloop
  endfacet
  facet normal -0.7901550123756945 -0.612907053652971 0
    outer loop
      vertex 61.70013078093231 60.988286337467 6.1
      vertex 61.93500366568718 60.68549003898408 8.1
      vertex 61.70013078093231 60.988286337467 8.1
    endloop
  endfacet
  facet normal -0.8270805742745625 -0.5620833778521296 0
    outer loop
      vertex 61.93500366568718 60.68549003898408 6.1
      vertex 62.15040034556229 60.36854344937187 8.1
      vertex 61.93500366568718 60.68549003898408 8.1
    endloop
  endfacet
  facet normal -0.8607420270039428 -0.5090414157503726 0
    outer loop
      vertex 62.15040034556229 60.36854344937187 6.1
      vertex 62.345470748267566 60.038697412020454 8.1
      vertex 62.15040034556229 60.36854344937187 8.1
    endloop
  endfacet
  facet normal -0.9602936856769428 -0.27899110603923 0
    outer loop
      vertex 62.80144474940044 58.985003665687174 6.1
      vertex 62.90835728288465 58.61700831170561 8.1
      vertex 62.80144474940044 58.985003665687174 8.1
    endloop
  endfacet
  facet normal -0.9955619646030797 -0.0941083133185164 0
    outer loop
      vertex 63.051899678018316 57.86453272474225 6.1
      vertex 63.08796304341246 57.48302216912881 8.1
      vertex 63.051899678018316 57.86453272474225 8.1
    endloop
  endfacet
  facet normal -0.9876883405951389 -0.15643446504022365 0
    outer loop
      vertex 62.991952229445005 58.24302601897291 6.1
      vertex 63.051899678018316 57.86453272474225 8.1
      vertex 62.991952229445005 58.24302601897291 8.1
    endloop
  endfacet
  facet normal -0.9759167619387467 -0.2181432413965457 0
    outer loop
      vertex 62.90835728288465 58.61700831170561 6.1
      vertex 62.991952229445005 58.24302601897291 8.1
      vertex 62.90835728288465 58.61700831170561 8.1
    endloop
  endfacet
  facet normal -0.9177546256839788 -0.39714789063478595 0
    outer loop
      vertex 62.51944502004272 59.697253678546936 6.1
      vertex 62.671636563918334 59.34555977137653 8.1
      vertex 62.51944502004272 59.697253678546936 8.1
    endloop
  endfacet
  facet normal -0.891006524188367 -0.4539904997395483 0
    outer loop
      vertex 62.345470748267566 60.038697412020454 6.1
      vertex 62.51944502004272 59.697253678546936 8.1
      vertex 62.345470748267566 60.038697412020454 8.1
    endloop
  endfacet
  facet normal -0.9408807689542237 -0.3387379202452965 0
    outer loop
      vertex 62.671636563918334 59.34555977137653 6.1
      vertex 62.80144474940044 58.985003665687174 8.1
      vertex 62.671636563918334 59.34555977137653 8.1
    endloop
  endfacet
  facet normal -0.7071067811865476 -0.7071067811865476 0
    outer loop
      vertex 61.175737346165 61.546708627270604 6.1
      vertex 61.44670862727061 61.275737346164995 8.1
      vertex 61.175737346165 61.546708627270604 8.1
    endloop
  endfacet
  facet normal -0.75011106963046 -0.6613118653236512 0
    outer loop
      vertex 61.44670862727061 61.275737346164995 6.1
      vertex 61.70013078093231 60.988286337467 8.1
      vertex 61.44670862727061 61.275737346164995 8.1
    endloop
  endfacet
  facet normal 0 1 0
    outer loop
      vertex 3.5 3.5 6.1
      vertex 66.5 3.5 0
      vertex 3.5 3.5 0
    endloop
  endfacet
  facet normal 0 0 -1
    outer loop
      vertex 3.5 3.5 6.1
      vertex 7.980554979957281 13.70274632145306 6.1
      vertex 8.154529251732434 13.361302587979537 6.1
    endloop
  endfacet
  facet normal 0 0 -1
    outer loop
      vertex 3.5 3.5 6.1
      vertex 7.698555250599564 14.414996334312821 6.1
      vertex 7.828363436081666 14.054440228623466 6.1
    endloop
  endfacet
  facet normal 0 0 -1
    outer loop
      vertex 3.5 3.5 6.1
      vertex 7.828363436081666 14.054440228623466 6.1
      vertex 7.980554979957281 13.70274632145306 6.1
    endloop
  endfacet
  facet normal 0 0 -1
    outer loop
      vertex 3.5 3.5 6.1
      vertex 7.59164271711535 14.782991688294386 6.1
      vertex 7.698555250599564 14.414996334312821 6.1
    endloop
  endfacet
  facet normal 0 0 -1
    outer loop
      vertex 3.5 3.5 6.1
      vertex 7.508047770555 15.156973981027079 6.1
      vertex 7.59164271711535 14.782991688294386 6.1
    endloop
  endfacet
  facet normal 0 0 -1
    outer loop
      vertex 3.5 3.5 6.1
      vertex 7.448100321981685 15.535467275257746 6.1
      vertex 7.508047770555 15.156973981027079 6.1
    endloop
  endfacet
  facet normal 0 0 -1
    outer loop
      vertex 3.5 3.5 6.1
      vertex 7.412036956587544 15.91697783087119 6.1
      vertex 7.448100321981685 15.535467275257746 6.1
    endloop
  endfacet
  facet normal 0 0 -1
    outer loop
      vertex 3.5 3.5 6.1
      vertex 7.4 16.3 6.1
      vertex 7.412036956587544 15.91697783087119 6.1
    endloop
  endfacet
  facet normal 0 0 -1
    outer loop
      vertex 3.5 3.5 6.1
      vertex 7.412036956587544 16.68302216912881 6.1
      vertex 7.4 16.3 6.1
    endloop
  endfacet
  facet normal 0 0 -1
    outer loop
      vertex 3.5 3.5 6.1
      vertex 7.448100321981685 17.064532724742257 6.1
      vertex 7.412036956587544 16.68302216912881 6.1
    endloop
  endfacet
  facet normal 0 0 -1
    outer loop
      vertex 3.5 3.5 6.1
      vertex 8.349599654437709 13.031456550628121 6.1
      vertex 8.56499633431282 12.714509961015915 6.1
    endloop
  endfacet
  facet normal 0 0 -1
    outer loop
      vertex 3.5 3.5 6.1
      vertex 8.56499633431282 12.714509961015915 6.1
      vertex 8.799869219067684 12.411713662532994 6.1
    endloop
  endfacet
  facet normal 0 0 -1
    outer loop
      vertex 3.5 3.5 6.1
      vertex 8.154529251732434 13.361302587979537 6.1
      vertex 8.349599654437709 13.031456550628121 6.1
    endloop
  endfacet
  facet normal 0 0 -1
    outer loop
      vertex 3.5 3.5 6.1
      vertex 8.799869219067684 12.411713662532994 6.1
      vertex 9.05329137272939 12.124262653835 6.1
    endloop
  endfacet
  facet normal 0 0 -1
    outer loop
      vertex 3.5 3.5 6.1
      vertex 9.05329137272939 12.124262653835 6.1
      vertex 9.324262653835 11.853291372729391 6.1
    endloop
  endfacet
  facet normal 0 0 -1
    outer loop
      vertex 3.5 3.5 6.1
      vertex 9.324262653835 11.853291372729391 6.1
      vertex 9.611713662532994 11.599869219067685 6.1
    endloop
  endfacet
  facet normal 0 0 -1
    outer loop
      vertex 3.5 3.5 6.1
      vertex 9.611713662532994 11.599869219067685 6.1
      vertex 9.914509961015915 11.36499633431282 6.1
    endloop
  endfacet
  facet normal 0 0 -1
    outer loop
      vertex 3.5 3.5 6.1
      vertex 9.914509961015915 11.36499633431282 6.1
      vertex 10.23145655062812 11.14959965443771 6.1
    endloop
  endfacet
  facet normal 0 0 -1
    outer loop
      vertex 3.5 3.5 6.1
      vertex 10.23145655062812 11.14959965443771 6.1
      vertex 10.561302587979537 10.954529251732435 6.1
    endloop
  endfacet
  facet normal 0 0 -1
    outer loop
      vertex 3.5 3.5 6.1
      vertex 10.561302587979537 10.954529251732435 6.1
      vertex 10.902746321453058 10.780554979957282 6.1
    endloop
  endfacet
  facet normal 0 0 -1
    outer loop
      vertex 3.5 3.5 6.1
      vertex 10.902746321453058 10.780554979957282 6.1
      vertex 11.254440228623466 10.628363436081667 6.1
    endloop
  endfacet
  facet normal 0 0 -1
    outer loop
      vertex 3.5 3.5 6.1
      vertex 7.508047770555 35.556973981027085 6.1
      vertex 7.448100321981685 17.064532724742257 6.1
    endloop
  endfacet
  facet normal 0 0 -1
    outer loop
      vertex 3.5 3.5 6.1
      vertex 7.448100321981685 35.93546727525775 6.1
      vertex 7.508047770555 35.556973981027085 6.1
    endloop
  endfacet
  facet normal 0 0 -1
    outer loop
      vertex 3.5 3.5 6.1
      vertex 7.412036956587544 36.31697783087119 6.1
      vertex 7.448100321981685 35.93546727525775 6.1
    endloop
  endfacet
  facet normal 0 0 -1
    outer loop
      vertex 3.5 3.5 6.1
      vertex 7.4 36.7 6.1
      vertex 7.412036956587544 36.31697783087119 6.1
    endloop
  endfacet
  facet normal 0 0 -1
    outer loop
      vertex 7.448100321981685 17.064532724742257 6.1
      vertex 7.508047770555 35.556973981027085 6.1
      vertex 7.508047770555 17.443026018972922 6.1
    endloop
  endfacet
  facet normal 0 0 -1
    outer loop
      vertex 7.508047770555 17.443026018972922 6.1
      vertex 7.59164271711535 35.182991688294386 6.1
      vertex 7.59164271711535 17.817008311705614 6.1
    endloop
  endfacet
  facet normal 0 0 -1
    outer loop
      vertex 7.59164271711535 17.817008311705614 6.1
      vertex 7.698555250599564 34.81499633431282 6.1
      vertex 7.698555250599564 18.18500366568718 6.1
    endloop
  endfacet
  facet normal 0 0 -1
    outer loop
      vertex 7.698555250599564 18.18500366568718 6.1
      vertex 7.828363436081666 34.45444022862347 6.1
      vertex 7.828363436081666 18.545559771376535 6.1
    endloop
  endfacet
  facet normal 0 0 -1
    outer loop
      vertex 7.828363436081666 18.545559771376535 6.1
      vertex 7.980554979957281 34.10274632145306 6.1
      vertex 7.980554979957281 18.897253678546942 6.1
    endloop
  endfacet
  facet normal 0 0 -1
    outer loop
      vertex 7.980554979957281 18.897253678546942 6.1
      vertex 8.154529251732434 33.761302587979536 6.1
      vertex 8.154529251732434 19.238697412020464 6.1
    endloop
  endfacet
  facet normal 0 0 -1
    outer loop
      vertex 8.154529251732434 19.238697412020464 6.1
      vertex 8.349599654437709 33.43145655062813 6.1
      vertex 8.349599654437709 19.56854344937188 6.1
    endloop
  endfacet
  facet normal 0 0 -1
    outer loop
      vertex 8.349599654437709 19.56854344937188 6.1
      vertex 8.56499633431282 33.11450996101591 6.1
      vertex 8.56499633431282 19.885490038984088 6.1
    endloop
  endfacet
  facet normal 0 0 -1
    outer loop
      vertex 8.56499633431282 19.885490038984088 6.1
      vertex 8.799869219067684 32.811713662532995 6.1
      vertex 8.799869219067684 20.18828633746701 6.1
    endloop
  endfacet
  facet normal 0 0 -1
    outer loop
      vertex 8.56499633431282 19.885490038984088 6.1
      vertex 8.56499633431282 33.11450996101591 6.1
      vertex 8.799869219067684 32.811713662532995 6.1
    endloop
  endfacet
  facet normal 0 0 -1
    outer loop
      vertex 3.5 3.5 6.1
      vertex 11.982991688294385 10.391642717115351 6.1
      vertex 12.356973981027078 10.308047770555 6.1
    endloop
  endfacet
  facet normal 0 0 -1
    outer loop
      vertex 3.5 3.5 6.1
      vertex 11.254440228623466 10.628363436081667 6.1
      vertex 11.61499633431282 10.498555250599566 6.1
    endloop
  endfacet
  facet normal 0 0 -1
    outer loop
      vertex 3.5 3.5 6.1
      vertex 11.61499633431282 10.498555250599566 6.1
      vertex 11.982991688294385 10.391642717115351 6.1
    endloop
  endfacet
  facet normal 0 0 -1
    outer loop
      vertex 3.5 3.5 6.1
      vertex 12.356973981027078 10.308047770555 6.1
      vertex 12.735467275257745 10.248100321981685 6.1
    endloop
  endfacet
  facet normal 0 0 -1
    outer loop
      vertex 3.5 3.5 6.1
      vertex 12.735467275257745 10.248100321981685 6.1
      vertex 13.116977830871186 10.212036956587545 6.1
    endloop
  endfacet
  facet normal 0 0 -1
    outer loop
      vertex 3.5 3.5 6.1
      vertex 13.116977830871186 10.212036956587545 6.1
      vertex 13.5 10.200000000000001 6.1
    endloop
  endfacet
  facet normal 0 0 -1
    outer loop
      vertex 3.5 3.5 6.1
      vertex 13.5 10.200000000000001 6.1
      vertex 13.883022169128814 10.212036956587545 6.1
    endloop
  endfacet
  facet normal 0 0 -1
    outer loop
      vertex 3.5 3.5 6.1
      vertex 13.883022169128814 10.212036956587545 6.1
      vertex 14.264532724742255 10.248100321981685 6.1
    endloop
  endfacet
  facet normal 0 0 -1
    outer loop
      vertex 3.5 3.5 6.1
      vertex 14.264532724742255 10.248100321981685 6.1
      vertex 14.643026018972922 10.308047770555 6.1
    endloop
  endfacet
  facet normal 0 0 -1
    outer loop
      vertex 3.5 3.5 6.1
      vertex 14.643026018972922 10.308047770555 6.1
      vertex 15.017008311705611 10.391642717115351 6.1
    endloop
  endfacet
  facet normal 0 0 -1
    outer loop
      vertex 3.5 3.5 6.1
      vertex 15.017008311705611 10.391642717115351 6.1
      vertex 15.38500366568718 10.498555250599566 6.1
    endloop
  endfacet
  facet normal 0 0 -1
    outer loop
      vertex 3.5 3.5 6.1
      vertex 15.38500366568718 10.498555250599566 6.1
      vertex 33.36499633431282 10.498555250599566 6.1
    endloop
  endfacet
  facet normal 0 0 -1
    outer loop
      vertex 8.799869219067684 20.18828633746701 6.1
      vertex 9.05329137272939 32.524262653835 6.1
      vertex 9.05329137272939 20.475737346165 6.1
    endloop
  endfacet
  facet normal 0 0 -1
    outer loop
      vertex 9.05329137272939 20.475737346165 6.1
      vertex 9.324262653835 32.25329137272939 6.1
      vertex 9.324262653835 20.74670862727061 6.1
    endloop
  endfacet
  facet normal 0 0 -1
    outer loop
      vertex 9.324262653835 20.74670862727061 6.1
      vertex 9.611713662532994 31.999869219067687 6.1
      vertex 9.611713662532994 21.000130780932317 6.1
    endloop
  endfacet
  facet normal 0 0 -1
    outer loop
      vertex 9.611713662532994 21.000130780932317 6.1
      vertex 9.914509961015915 31.764996334312823 6.1
      vertex 9.914509961015915 21.23500366568718 6.1
    endloop
  endfacet
  facet normal 0 0 -1
    outer loop
      vertex 9.914509961015915 21.23500366568718 6.1
      vertex 10.23145655062812 31.549599654437714 6.1
      vertex 10.23145655062812 21.450400345562294 6.1
    endloop
  endfacet
  facet normal 0 0 -1
    outer loop
      vertex 10.23145655062812 21.450400345562294 6.1
      vertex 10.561302587979537 31.354529251732437 6.1
      vertex 10.561302587979537 21.64547074826757 6.1
    endloop
  endfacet
  facet normal 0 0 -1
    outer loop
      vertex 10.561302587979537 21.64547074826757 6.1
      vertex 10.902746321453058 31.180554979957286 6.1
      vertex 10.902746321453057 21.81944502004272 6.1
    endloop
  endfacet
  facet normal 0 0 -1
    outer loop
      vertex 8.799869219067684 20.18828633746701 6.1
      vertex 8.799869219067684 32.811713662532995 6.1
      vertex 9.05329137272939 32.524262653835 6.1
    endloop
  endfacet
  facet normal 0 0 -1
    outer loop
      vertex 9.05329137272939 20.475737346165 6.1
      vertex 9.05329137272939 32.524262653835 6.1
      vertex 9.324262653835 32.25329137272939 6.1
    endloop
  endfacet
  facet normal 0 0 -1
    outer loop
      vertex 9.324262653835 20.74670862727061 6.1
      vertex 9.324262653835 32.25329137272939 6.1
      vertex 9.611713662532994 31.999869219067687 6.1
    endloop
  endfacet
  facet normal 0 0 -1
    outer loop
      vertex 9.611713662532994 21.000130780932317 6.1
      vertex 9.611713662532994 31.999869219067687 6.1
      vertex 9.914509961015915 31.764996334312823 6.1
    endloop
  endfacet
  facet normal 0 0 -1
    outer loop
      vertex 9.914509961015915 21.23500366568718 6.1
      vertex 9.914509961015915 31.764996334312823 6.1
      vertex 10.23145655062812 31.549599654437714 6.1
    endloop
  endfacet
  facet normal 0 0 -1
    outer loop
      vertex 10.23145655062812 21.450400345562294 6.1
      vertex 10.23145655062812 31.549599654437714 6.1
      vertex 10.561302587979537 31.354529251732437 6.1
    endloop
  endfacet
  facet normal 0 0 -1
    outer loop
      vertex 10.561302587979537 21.64547074826757 6.1
      vertex 10.561302587979537 31.354529251732437 6.1
      vertex 10.902746321453058 31.180554979957286 6.1
    endloop
  endfacet
  facet normal 0 0 -1
    outer loop
      vertex 10.902746321453057 21.81944502004272 6.1
      vertex 11.254440228623466 31.02836343608167 6.1
      vertex 11.254440228623466 21.971636563918334 6.1
    endloop
  endfacet
  facet normal 0 0 -1
    outer loop
      vertex 11.254440228623466 21.971636563918334 6.1
      vertex 11.61499633431282 30.898555250599568 6.1
      vertex 11.61499633431282 22.101444749400436 6.1
    endloop
  endfacet
  facet normal 0 0 -1
    outer loop
      vertex 11.61499633431282 22.101444749400436 6.1
      vertex 11.982991688294385 30.79164271711535 6.1
      vertex 11.982991688294385 22.20835728288465 6.1
    endloop
  endfacet
  facet normal 0 0 -1
    outer loop
      vertex 11.982991688294385 22.20835728288465 6.1
      vertex 12.356973981027078 30.708047770555 6.1
      vertex 12.35697398102708 22.291952229445002 6.1
    endloop
  endfacet
  facet normal 0 0 -1
    outer loop
      vertex 12.35697398102708 22.291952229445002 6.1
      vertex 12.735467275257745 30.648100321981687 6.1
      vertex 12.735467275257744 22.351899678018317 6.1
    endloop
  endfacet
  facet normal 0 0 -1
    outer loop
      vertex 10.902746321453057 21.81944502004272 6.1
      vertex 10.902746321453058 31.180554979957286 6.1
      vertex 11.254440228623466 31.02836343608167 6.1
    endloop
  endfacet
  facet normal 0 0 -1
    outer loop
      vertex 11.254440228623466 21.971636563918334 6.1
      vertex 11.254440228623466 31.02836343608167 6.1
      vertex 11.61499633431282 30.898555250599568 6.1
    endloop
  endfacet
  facet normal 0 0 -1
    outer loop
      vertex 11.61499633431282 22.101444749400436 6.1
      vertex 11.61499633431282 30.898555250599568 6.1
      vertex 11.982991688294385 30.79164271711535 6.1
    endloop
  endfacet
  facet normal 0 0 -1
    outer loop
      vertex 12.735467275257744 22.351899678018317 6.1
      vertex 13.116977830871186 30.612036956587545 6.1
      vertex 13.116977830871189 22.387963043412455 6.1
    endloop
  endfacet
  facet normal 0 0 -1
    outer loop
      vertex 11.982991688294385 22.20835728288465 6.1
      vertex 11.982991688294385 30.79164271711535 6.1
      vertex 12.356973981027078 30.708047770555 6.1
    endloop
  endfacet
  facet normal 0 0 -1
    outer loop
      vertex 12.35697398102708 22.291952229445002 6.1
      vertex 12.356973981027078 30.708047770555 6.1
      vertex 12.735467275257745 30.648100321981687 6.1
    endloop
  endfacet
  facet normal 0 0 -1
    outer loop
      vertex 12.735467275257744 22.351899678018317 6.1
      vertex 12.735467275257745 30.648100321981687 6.1
      vertex 13.116977830871186 30.612036956587545 6.1
    endloop
  endfacet
  facet normal 0 0 -1
    outer loop
      vertex 14.64302601897292 22.291952229445002 6.1
      vertex 15.017008311705611 30.79164271711535 6.1
      vertex 15.017008311705615 22.20835728288465 6.1
    endloop
  endfacet
  facet normal 0 0 -1
    outer loop
      vertex 15.017008311705615 22.20835728288465 6.1
      vertex 15.38500366568718 30.898555250599568 6.1
      vertex 15.38500366568718 22.101444749400436 6.1
    endloop
  endfacet
  facet normal 0 0 -1
    outer loop
      vertex 13.116977830871189 22.387963043412455 6.1
      vertex 13.5 30.6 6.1
      vertex 13.5 22.4 6.1
    endloop
  endfacet
  facet normal 0 0 -1
    outer loop
      vertex 13.883022169128811 22.387963043412455 6.1
      vertex 13.5 22.4 6.1
      vertex 13.883022169128814 30.612036956587545 6.1
    endloop
  endfacet
  facet normal 0 0 -1
    outer loop
      vertex 13.883022169128811 22.387963043412455 6.1
      vertex 14.264532724742255 30.648100321981687 6.1
      vertex 14.264532724742256 22.351899678018317 6.1
    endloop
  endfacet
  facet normal 0 0 -1
    outer loop
      vertex 13.116977830871189 22.387963043412455 6.1
      vertex 13.116977830871186 30.612036956587545 6.1
      vertex 13.5 30.6 6.1
    endloop
  endfacet
  facet normal 0 0 -1
    outer loop
      vertex 13.5 22.4 6.1
      vertex 13.5 30.6 6.1
      vertex 13.883022169128814 30.612036956587545 6.1
    endloop
  endfacet
  facet normal 0 0 -1
    outer loop
      vertex 13.883022169128811 22.387963043412455 6.1
      vertex 13.883022169128814 30.612036956587545 6.1
      vertex 14.264532724742255 30.648100321981687 6.1
    endloop
  endfacet
  facet normal 0 0 -1
    outer loop
      vertex 14.264532724742256 22.351899678018317 6.1
      vertex 14.643026018972922 30.708047770555 6.1
      vertex 14.64302601897292 22.291952229445002 6.1
    endloop
  endfacet
  facet normal 0 0 -1
    outer loop
      vertex 14.264532724742256 22.351899678018317 6.1
      vertex 14.264532724742255 30.648100321981687 6.1
      vertex 14.643026018972922 30.708047770555 6.1
    endloop
  endfacet
  facet normal 0 0 -1
    outer loop
      vertex 14.64302601897292 22.291952229445002 6.1
      vertex 14.643026018972922 30.708047770555 6.1
      vertex 15.017008311705611 30.79164271711535 6.1
    endloop
  endfacet
  facet normal 0 0 -1
    outer loop
      vertex 15.017008311705615 22.20835728288465 6.1
      vertex 15.017008311705611 30.79164271711535 6.1
      vertex 15.38500366568718 30.898555250599568 6.1
    endloop
  endfacet
  facet normal 0 0 -1
    outer loop
      vertex 15.38500366568718 22.101444749400436 6.1
      vertex 15.745559771376538 31.02836343608167 6.1
      vertex 15.745559771376534 21.971636563918334 6.1
    endloop
  endfacet
  facet normal 0 0 -1
    outer loop
      vertex 15.745559771376534 21.971636563918334 6.1
      vertex 16.09725367854694 31.180554979957286 6.1
      vertex 16.09725367854694 21.81944502004272 6.1
    endloop
  endfacet
  facet normal 0 0 -1
    outer loop
      vertex 16.09725367854694 21.81944502004272 6.1
      vertex 16.438697412020463 31.354529251732437 6.1
      vertex 16.438697412020463 21.64547074826757 6.1
    endloop
  endfacet
  facet normal 0 0 -1
    outer loop
      vertex 15.38500366568718 22.101444749400436 6.1
      vertex 15.38500366568718 30.898555250599568 6.1
      vertex 15.745559771376538 31.02836343608167 6.1
    endloop
  endfacet
  facet normal 0 0 -1
    outer loop
      vertex 15.745559771376534 21.971636563918334 6.1
      vertex 15.745559771376538 31.02836343608167 6.1
      vertex 16.09725367854694 31.180554979957286 6.1
    endloop
  endfacet
  facet normal 0 0 -1
    outer loop
      vertex 16.09725367854694 21.81944502004272 6.1
      vertex 16.09725367854694 31.180554979957286 6.1
      vertex 16.438697412020463 31.354529251732437 6.1
    endloop
  endfacet
  facet normal 0 0 -1
    outer loop
      vertex 16.438697412020463 21.64547074826757 6.1
      vertex 16.438697412020463 31.354529251732437 6.1
      vertex 16.768543449371876 31.54959965443771 6.1
    endloop
  endfacet
  facet normal 0 0 -1
    outer loop
      vertex 16.438697412020463 21.64547074826757 6.1
      vertex 16.768543449371876 31.54959965443771 6.1
      vertex 17.085490038984084 31.764996334312823 6.1
    endloop
  endfacet
  facet normal 0 0 -1
    outer loop
      vertex 16.438697412020463 21.64547074826757 6.1
      vertex 17.085490038984084 31.764996334312823 6.1
      vertex 17.388286337467008 31.99986921906769 6.1
    endloop
  endfacet
  facet normal 0 0 -1
    outer loop
      vertex 16.438697412020463 21.64547074826757 6.1
      vertex 17.388286337467008 31.99986921906769 6.1
      vertex 17.675737346165 32.25329137272939 6.1
    endloop
  endfacet
  facet normal 1 0 0
    outer loop
      vertex 3.5 3.5 6.1
      vertex 3.5 3.5 0
      vertex 3.5 111.3 6.1
    endloop
  endfacet
  facet normal 0 0 -1
    outer loop
      vertex 3.5 3.5 6.1
      vertex 7.4 57.099999999999994 6.1
      vertex 7.4 36.7 6.1
    endloop
  endfacet
  facet normal 0 0 -1
    outer loop
      vertex 7.59164271711535 17.817008311705614 6.1
      vertex 7.59164271711535 35.182991688294386 6.1
      vertex 7.698555250599564 34.81499633431282 6.1
    endloop
  endfacet
  facet normal 0 0 -1
    outer loop
      vertex 7.508047770555 17.443026018972922 6.1
      vertex 7.508047770555 35.556973981027085 6.1
      vertex 7.59164271711535 35.182991688294386 6.1
    endloop
  endfacet
  facet normal 0 0 -1
    outer loop
      vertex 7.828363436081666 18.545559771376535 6.1
      vertex 7.828363436081666 34.45444022862347 6.1
      vertex 7.980554979957281 34.10274632145306 6.1
    endloop
  endfacet
  facet normal 0 0 -1
    outer loop
      vertex 7.698555250599564 18.18500366568718 6.1
      vertex 7.698555250599564 34.81499633431282 6.1
      vertex 7.828363436081666 34.45444022862347 6.1
    endloop
  endfacet
  facet normal 0 0 -1
    outer loop
      vertex 7.980554979957281 18.897253678546942 6.1
      vertex 7.980554979957281 34.10274632145306 6.1
      vertex 8.154529251732434 33.761302587979536 6.1
    endloop
  endfacet
  facet normal 0 0 -1
    outer loop
      vertex 8.154529251732434 19.238697412020464 6.1
      vertex 8.154529251732434 33.761302587979536 6.1
      vertex 8.349599654437709 33.43145655062813 6.1
    endloop
  endfacet
  facet normal 0 0 -1
    outer loop
      vertex 8.349599654437709 19.56854344937188 6.1
      vertex 8.349599654437709 33.43145655062813 6.1
      vertex 8.56499633431282 33.11450996101591 6.1
    endloop
  endfacet
  facet normal 0 0 -1
    outer loop
      vertex 3.5 3.5 6.1
      vertex 7.412036956587544 57.48302216912881 6.1
      vertex 7.4 57.099999999999994 6.1
    endloop
  endfacet
  facet normal 0 0 -1
    outer loop
      vertex 3.5 3.5 6.1
      vertex 7.60657911002636 82.083 6.1
      vertex 7.412036956587544 57.48302216912881 6.1
    endloop
  endfacet
  facet normal 0 0 -1
    outer loop
      vertex 7.4 36.7 6.1
      vertex 7.412036956587544 56.71697783087118 6.1
      vertex 7.412036956587544 37.08302216912882 6.1
    endloop
  endfacet
  facet normal 0 0 -1
    outer loop
      vertex 7.412036956587544 37.08302216912882 6.1
      vertex 7.448100321981685 56.33546727525774 6.1
      vertex 7.448100321981685 37.464532724742256 6.1
    endloop
  endfacet
  facet normal 0 0 -1
    outer loop
      vertex 7.448100321981685 37.464532724742256 6.1
      vertex 7.508047770555 55.956973981027076 6.1
      vertex 7.508047770555 37.84302601897292 6.1
    endloop
  endfacet
  facet normal 0 0 -1
    outer loop
      vertex 7.508047770555 37.84302601897292 6.1
      vertex 7.59164271711535 55.58299168829438 6.1
      vertex 7.59164271711535 38.21700831170562 6.1
    endloop
  endfacet
  facet normal 0 0 -1
    outer loop
      vertex 7.59164271711535 38.21700831170562 6.1
      vertex 7.698555250599564 55.214996334312815 6.1
      vertex 7.698555250599564 38.58500366568718 6.1
    endloop
  endfacet
  facet normal 0 0 -1
    outer loop
      vertex 7.698555250599564 38.58500366568718 6.1
      vertex 7.828363436081666 54.85444022862346 6.1
      vertex 7.828363436081666 38.94555977137654 6.1
    endloop
  endfacet
  facet normal 0 0 -1
    outer loop
      vertex 7.828363436081666 38.94555977137654 6.1
      vertex 7.980554979957281 54.50274632145305 6.1
      vertex 7.980554979957281 39.297253678546944 6.1
    endloop
  endfacet
  facet normal 0 0 -1
    outer loop
      vertex 7.980554979957281 39.297253678546944 6.1
      vertex 8.154529251732434 54.16130258797953 6.1
      vertex 8.154529251732434 39.63869741202047 6.1
    endloop
  endfacet
  facet normal 0 0 -1
    outer loop
      vertex 8.154529251732434 39.63869741202047 6.1
      vertex 8.349599654437709 53.83145655062811 6.1
      vertex 8.349599654437709 39.968543449371886 6.1
    endloop
  endfacet
  facet normal 0 0 -1
    outer loop
      vertex 8.349599654437709 39.968543449371886 6.1
      vertex 8.56499633431282 53.51450996101591 6.1
      vertex 8.56499633431282 40.285490038984086 6.1
    endloop
  endfacet
  facet normal 0 0 -1
    outer loop
      vertex 8.56499633431282 40.285490038984086 6.1
      vertex 8.799869219067684 53.211713662532986 6.1
      vertex 8.799869219067684 40.58828633746701 6.1
    endloop
  endfacet
  facet normal 0 0 -1
    outer loop
      vertex 7.59164271711535 38.21700831170562 6.1
      vertex 7.59164271711535 55.58299168829438 6.1
      vertex 7.698555250599564 55.214996334312815 6.1
    endloop
  endfacet
  facet normal 0 0 -1
    outer loop
      vertex 7.448100321981685 37.464532724742256 6.1
      vertex 7.448100321981685 56.33546727525774 6.1
      vertex 7.508047770555 55.956973981027076 6.1
    endloop
  endfacet
  facet normal 0 0 -1
    outer loop
      vertex 7.412036956587544 37.08302216912882 6.1
      vertex 7.412036956587544 56.71697783087118 6.1
      vertex 7.448100321981685 56.33546727525774 6.1
    endloop
  endfacet
  facet normal 0 0 -1
    outer loop
      vertex 7.4 36.7 6.1
      vertex 7.4 57.099999999999994 6.1
      vertex 7.412036956587544 56.71697783087118 6.1
    endloop
  endfacet
  facet normal 0 0 -1
    outer loop
      vertex 7.508047770555 37.84302601897292 6.1
      vertex 7.508047770555 55.956973981027076 6.1
      vertex 7.59164271711535 55.58299168829438 6.1
    endloop
  endfacet
  facet normal 0 0 -1
    outer loop
      vertex 7.980554979957281 39.297253678546944 6.1
      vertex 7.980554979957281 54.50274632145305 6.1
      vertex 8.154529251732434 54.16130258797953 6.1
    endloop
  endfacet
  facet normal 0 0 -1
    outer loop
      vertex 7.698555250599564 38.58500366568718 6.1
      vertex 7.698555250599564 55.214996334312815 6.1
      vertex 7.828363436081666 54.85444022862346 6.1
    endloop
  endfacet
  facet normal 0 0 -1
    outer loop
      vertex 7.828363436081666 38.94555977137654 6.1
      vertex 7.828363436081666 54.85444022862346 6.1
      vertex 7.980554979957281 54.50274632145305 6.1
    endloop
  endfacet
  facet normal 0 0 -1
    outer loop
      vertex 8.154529251732434 39.63869741202047 6.1
      vertex 8.154529251732434 54.16130258797953 6.1
      vertex 8.349599654437709 53.83145655062811 6.1
    endloop
  endfacet
  facet normal 0 0 -1
    outer loop
      vertex 8.349599654437709 39.968543449371886 6.1
      vertex 8.349599654437709 53.83145655062811 6.1
      vertex 8.56499633431282 53.51450996101591 6.1
    endloop
  endfacet
  facet normal 0 0 -1
    outer loop
      vertex 8.56499633431282 40.285490038984086 6.1
      vertex 8.56499633431282 53.51450996101591 6.1
      vertex 8.799869219067684 53.211713662532986 6.1
    endloop
  endfacet
  facet normal 0 0 -1
    outer loop
      vertex 16.438697412020463 21.64547074826757 6.1
      vertex 17.675737346165 32.25329137272939 6.1
      vertex 17.94670862727061 32.524262653835 6.1
    endloop
  endfacet
  facet normal 0 0 -1
    outer loop
      vertex 8.799869219067684 40.58828633746701 6.1
      vertex 9.05329137272939 52.924262653834994 6.1
      vertex 9.05329137272939 40.875737346165 6.1
    endloop
  endfacet
  facet normal 0 0 -1
    outer loop
      vertex 9.05329137272939 40.875737346165 6.1
      vertex 9.324262653835 52.653291372729385 6.1
      vertex 9.324262653835 41.14670862727061 6.1
    endloop
  endfacet
  facet normal 0 0 -1
    outer loop
      vertex 9.324262653835 41.14670862727061 6.1
      vertex 9.611713662532994 52.39986921906768 6.1
      vertex 9.611713662532994 41.400130780932315 6.1
    endloop
  endfacet
  facet normal 0 0 -1
    outer loop
      vertex 9.611713662532994 41.400130780932315 6.1
      vertex 9.914509961015915 52.16499633431282 6.1
      vertex 9.914509961015915 41.63500366568718 6.1
    endloop
  endfacet
  facet normal 0 0 -1
    outer loop
      vertex 9.914509961015915 41.63500366568718 6.1
      vertex 10.23145655062812 51.949599654437705 6.1
      vertex 10.23145655062812 41.85040034556229 6.1
    endloop
  endfacet
  facet normal 0 0 -1
    outer loop
      vertex 10.23145655062812 41.85040034556229 6.1
      vertex 10.561302587979537 51.75452925173243 6.1
      vertex 10.561302587979537 42.04547074826757 6.1
    endloop
  endfacet
  facet normal 0 0 -1
    outer loop
      vertex 10.561302587979537 42.04547074826757 6.1
      vertex 10.902746321453058 51.58055497995728 6.1
      vertex 10.902746321453057 42.21944502004272 6.1
    endloop
  endfacet
  facet normal 0 0 -1
    outer loop
      vertex 8.799869219067684 40.58828633746701 6.1
      vertex 8.799869219067684 53.211713662532986 6.1
      vertex 9.05329137272939 52.924262653834994 6.1
    endloop
  endfacet
  facet normal 0 0 -1
    outer loop
      vertex 9.05329137272939 40.875737346165 6.1
      vertex 9.05329137272939 52.924262653834994 6.1
      vertex 9.324262653835 52.653291372729385 6.1
    endloop
  endfacet
  facet normal 0 0 -1
    outer loop
      vertex 9.324262653835 41.14670862727061 6.1
      vertex 9.324262653835 52.653291372729385 6.1
      vertex 9.611713662532994 52.39986921906768 6.1
    endloop
  endfacet
  facet normal 0 0 -1
    outer loop
      vertex 9.611713662532994 41.400130780932315 6.1
      vertex 9.611713662532994 52.39986921906768 6.1
      vertex 9.914509961015915 52.16499633431282 6.1
    endloop
  endfacet
  facet normal 0 0 -1
    outer loop
      vertex 9.914509961015915 41.63500366568718 6.1
      vertex 9.914509961015915 52.16499633431282 6.1
      vertex 10.23145655062812 51.949599654437705 6.1
    endloop
  endfacet
  facet normal 0 0 -1
    outer loop
      vertex 10.23145655062812 41.85040034556229 6.1
      vertex 10.23145655062812 51.949599654437705 6.1
      vertex 10.561302587979537 51.75452925173243 6.1
    endloop
  endfacet
  facet normal 0 0 -1
    outer loop
      vertex 10.561302587979537 42.04547074826757 6.1
      vertex 10.561302587979537 51.75452925173243 6.1
      vertex 10.902746321453058 51.58055497995728 6.1
    endloop
  endfacet
  facet normal 0 0 -1
    outer loop
      vertex 10.902746321453057 42.21944502004272 6.1
      vertex 11.254440228623466 51.42836343608166 6.1
      vertex 11.254440228623466 42.37163656391834 6.1
    endloop
  endfacet
  facet normal 0 0 -1
    outer loop
      vertex 11.254440228623466 42.37163656391834 6.1
      vertex 11.61499633431282 51.298555250599556 6.1
      vertex 11.61499633431282 42.50144474940044 6.1
    endloop
  endfacet
  facet normal 0 0 -1
    outer loop
      vertex 11.61499633431282 42.50144474940044 6.1
      vertex 11.982991688294385 51.19164271711534 6.1
      vertex 11.982991688294385 42.608357282884654 6.1
    endloop
  endfacet
  facet normal 0 0 -1
    outer loop
      vertex 11.982991688294385 42.608357282884654 6.1
      vertex 12.356973981027078 51.108047770555 6.1
      vertex 12.35697398102708 42.69195222944501 6.1
    endloop
  endfacet
  facet normal 0 0 -1
    outer loop
      vertex 12.35697398102708 42.69195222944501 6.1
      vertex 12.735467275257745 51.04810032198168 6.1
      vertex 12.735467275257744 42.75189967801832 6.1
    endloop
  endfacet
  facet normal 0 0 -1
    outer loop
      vertex 12.735467275257744 42.75189967801832 6.1
      vertex 13.116977830871186 51.01203695658754 6.1
      vertex 13.116977830871189 42.78796304341246 6.1
    endloop
  endfacet
  facet normal 0 0 -1
    outer loop
      vertex 10.902746321453057 42.21944502004272 6.1
      vertex 10.902746321453058 51.58055497995728 6.1
      vertex 11.254440228623466 51.42836343608166 6.1
    endloop
  endfacet
  facet normal 0 0 -1
    outer loop
      vertex 11.254440228623466 42.37163656391834 6.1
      vertex 11.254440228623466 51.42836343608166 6.1
      vertex 11.61499633431282 51.298555250599556 6.1
    endloop
  endfacet
  facet normal 0 0 -1
    outer loop
      vertex 11.61499633431282 42.50144474940044 6.1
      vertex 11.61499633431282 51.298555250599556 6.1
      vertex 11.982991688294385 51.19164271711534 6.1
    endloop
  endfacet
  facet normal 0 0 -1
    outer loop
      vertex 11.982991688294385 42.608357282884654 6.1
      vertex 11.982991688294385 51.19164271711534 6.1
      vertex 12.356973981027078 51.108047770555 6.1
    endloop
  endfacet
  facet normal 0 0 -1
    outer loop
      vertex 12.35697398102708 42.69195222944501 6.1
      vertex 12.356973981027078 51.108047770555 6.1
      vertex 12.735467275257745 51.04810032198168 6.1
    endloop
  endfacet
  facet normal 0 0 -1
    outer loop
      vertex 12.735467275257744 42.75189967801832 6.1
      vertex 12.735467275257745 51.04810032198168 6.1
      vertex 13.116977830871186 51.01203695658754 6.1
    endloop
  endfacet
  facet normal 0 0 -1
    outer loop
      vertex 13.116977830871189 42.78796304341246 6.1
      vertex 13.5 50.99999999999999 6.1
      vertex 13.5 42.800000000000004 6.1
    endloop
  endfacet
  facet normal 0 0 -1
    outer loop
      vertex 13.5 42.800000000000004 6.1
      vertex 13.883022169128814 51.01203695658754 6.1
      vertex 13.883022169128811 42.78796304341246 6.1
    endloop
  endfacet
  facet normal 0 0 -1
    outer loop
      vertex 13.883022169128811 42.78796304341246 6.1
      vertex 14.264532724742255 51.04810032198168 6.1
      vertex 14.264532724742256 42.75189967801832 6.1
    endloop
  endfacet
  facet normal 0 0 -1
    outer loop
      vertex 14.264532724742256 42.75189967801832 6.1
      vertex 14.643026018972922 51.108047770555 6.1
      vertex 14.64302601897292 42.69195222944501 6.1
    endloop
  endfacet
  facet normal 0 0 -1
    outer loop
      vertex 14.64302601897292 42.69195222944501 6.1
      vertex 15.017008311705611 51.19164271711534 6.1
      vertex 15.017008311705615 42.608357282884654 6.1
    endloop
  endfacet
  facet normal 0 0 -1
    outer loop
      vertex 15.017008311705615 42.608357282884654 6.1
      vertex 15.38500366568718 51.298555250599556 6.1
      vertex 15.38500366568718 42.50144474940044 6.1
    endloop
  endfacet
  facet normal 0 0 -1
    outer loop
      vertex 13.116977830871189 42.78796304341246 6.1
      vertex 13.116977830871186 51.01203695658754 6.1
      vertex 13.5 50.99999999999999 6.1
    endloop
  endfacet
  facet normal 0 0 -1
    outer loop
      vertex 13.5 42.800000000000004 6.1
      vertex 13.5 50.99999999999999 6.1
      vertex 13.883022169128814 51.01203695658754 6.1
    endloop
  endfacet
  facet normal 0 0 -1
    outer loop
      vertex 13.883022169128811 42.78796304341246 6.1
      vertex 13.883022169128814 51.01203695658754 6.1
      vertex 14.264532724742255 51.04810032198168 6.1
    endloop
  endfacet
  facet normal 0 0 -1
    outer loop
      vertex 14.264532724742256 42.75189967801832 6.1
      vertex 14.264532724742255 51.04810032198168 6.1
      vertex 14.643026018972922 51.108047770555 6.1
    endloop
  endfacet
  facet normal 0 0 -1
    outer loop
      vertex 14.64302601897292 42.69195222944501 6.1
      vertex 14.643026018972922 51.108047770555 6.1
      vertex 15.017008311705611 51.19164271711534 6.1
    endloop
  endfacet
  facet normal 0 0 -1
    outer loop
      vertex 15.017008311705615 42.608357282884654 6.1
      vertex 15.017008311705611 51.19164271711534 6.1
      vertex 15.38500366568718 51.298555250599556 6.1
    endloop
  endfacet
  facet normal 0 0 -1
    outer loop
      vertex 15.38500366568718 42.50144474940044 6.1
      vertex 15.745559771376538 51.42836343608166 6.1
      vertex 15.745559771376534 42.37163656391834 6.1
    endloop
  endfacet
  facet normal 0 0 -1
    outer loop
      vertex 15.745559771376534 42.37163656391834 6.1
      vertex 16.09725367854694 51.58055497995728 6.1
      vertex 16.09725367854694 42.21944502004272 6.1
    endloop
  endfacet
  facet normal 0 0 -1
    outer loop
      vertex 16.09725367854694 42.21944502004272 6.1
      vertex 16.438697412020463 51.75452925173243 6.1
      vertex 16.438697412020463 42.04547074826757 6.1
    endloop
  endfacet
  facet normal 0 0 -1
    outer loop
      vertex 16.438697412020463 42.04547074826757 6.1
      vertex 16.768543449371876 51.949599654437705 6.1
      vertex 16.76854344937188 41.85040034556229 6.1
    endloop
  endfacet
  facet normal 0 0 -1
    outer loop
      vertex 15.38500366568718 42.50144474940044 6.1
      vertex 15.38500366568718 51.298555250599556 6.1
      vertex 15.745559771376538 51.42836343608166 6.1
    endloop
  endfacet
  facet normal 0 0 -1
    outer loop
      vertex 15.745559771376534 42.37163656391834 6.1
      vertex 15.745559771376538 51.42836343608166 6.1
      vertex 16.09725367854694 51.58055497995728 6.1
    endloop
  endfacet
  facet normal 0 0 -1
    outer loop
      vertex 16.09725367854694 42.21944502004272 6.1
      vertex 16.09725367854694 51.58055497995728 6.1
      vertex 16.438697412020463 51.75452925173243 6.1
    endloop
  endfacet
  facet normal 0 0 -1
    outer loop
      vertex 16.438697412020463 42.04547074826757 6.1
      vertex 16.438697412020463 51.75452925173243 6.1
      vertex 16.768543449371876 51.949599654437705 6.1
    endloop
  endfacet
  facet normal 0 0 -1
    outer loop
      vertex 15.38500366568718 10.498555250599566 6.1
      vertex 15.745559771376538 10.628363436081669 6.1
      vertex 33.36499633431282 10.498555250599566 6.1
    endloop
  endfacet
  facet normal 0 0 -1
    outer loop
      vertex 15.745559771376538 10.628363436081669 6.1
      vertex 16.09725367854694 10.780554979957282 6.1
      vertex 33.004440228623466 10.628363436081667 6.1
    endloop
  endfacet
  facet normal 0 0 -1
    outer loop
      vertex 16.09725367854694 10.780554979957282 6.1
      vertex 16.438697412020463 10.954529251732435 6.1
      vertex 32.65274632145306 10.780554979957282 6.1
    endloop
  endfacet
  facet normal 0 0 -1
    outer loop
      vertex 16.438697412020463 10.954529251732435 6.1
      vertex 16.768543449371876 11.149599654437708 6.1
      vertex 32.31130258797954 10.954529251732435 6.1
    endloop
  endfacet
  facet normal 0 0 -1
    outer loop
      vertex 3.5 3.5 6.1
      vertex 33.73299168829438 10.391642717115351 6.1
      vertex 34.10697398102708 10.308047770555 6.1
    endloop
  endfacet
  facet normal 0 0 -1
    outer loop
      vertex 3.5 3.5 6.1
      vertex 34.10697398102708 10.308047770555 6.1
      vertex 34.48546727525775 10.248100321981685 6.1
    endloop
  endfacet
  facet normal 0 0 -1
    outer loop
      vertex 3.5 3.5 6.1
      vertex 33.36499633431282 10.498555250599566 6.1
      vertex 33.73299168829438 10.391642717115351 6.1
    endloop
  endfacet
  facet normal 0 0 -1
    outer loop
      vertex 16.768543449371876 11.149599654437708 6.1
      vertex 17.085490038984084 11.36499633431282 6.1
      vertex 31.98145655062812 11.14959965443771 6.1
    endloop
  endfacet
  facet normal 0 0 -1
    outer loop
      vertex 17.085490038984084 11.36499633431282 6.1
      vertex 17.388286337467008 11.599869219067688 6.1
      vertex 31.664509961015913 11.36499633431282 6.1
    endloop
  endfacet
  facet normal 0 0 -1
    outer loop
      vertex 17.388286337467008 11.599869219067688 6.1
      vertex 17.675737346165 11.853291372729391 6.1
      vertex 31.361713662532992 11.599869219067685 6.1
    endloop
  endfacet
  facet normal 0 0 -1
    outer loop
      vertex 17.675737346165 11.853291372729391 6.1
      vertex 17.94670862727061 12.124262653835 6.1
      vertex 31.074262653835 11.853291372729391 6.1
    endloop
  endfacet
  facet normal 0 0 -1
    outer loop
      vertex 17.94670862727061 12.124262653835 6.1
      vertex 18.200130780932312 12.411713662532993 6.1
      vertex 30.80329137272939 12.124262653835 6.1
    endloop
  endfacet
  facet normal 0 0 -1
    outer loop
      vertex 18.200130780932312 12.411713662532993 6.1
      vertex 18.43500366568718 12.714509961015915 6.1
      vertex 30.549869219067684 12.411713662532994 6.1
    endloop
  endfacet
  facet normal 0 0 -1
    outer loop
      vertex 18.43500366568718 12.714509961015915 6.1
      vertex 18.650400345562293 13.031456550628125 6.1
      vertex 30.31499633431282 12.714509961015915 6.1
    endloop
  endfacet
  facet normal 0 0 -1
    outer loop
      vertex 18.650400345562293 13.031456550628125 6.1
      vertex 18.845470748267566 13.361302587979537 6.1
      vertex 30.09959965443771 13.031456550628121 6.1
    endloop
  endfacet
  facet normal 0 0 -1
    outer loop
      vertex 18.845470748267566 13.361302587979537 6.1
      vertex 19.019445020042717 13.70274632145306 6.1
      vertex 29.904529251732434 13.361302587979537 6.1
    endloop
  endfacet
  facet normal 0 0 -1
    outer loop
      vertex 19.019445020042717 13.70274632145306 6.1
      vertex 19.171636563918334 14.054440228623463 6.1
      vertex 29.730554979957283 13.70274632145306 6.1
    endloop
  endfacet
  facet normal 0 0 -1
    outer loop
      vertex 19.171636563918334 14.054440228623463 6.1
      vertex 19.301444749400435 14.414996334312821 6.1
      vertex 29.578363436081666 14.054440228623466 6.1
    endloop
  endfacet
  facet normal 0 0 -1
    outer loop
      vertex 3.5 3.5 6.1
      vertex 34.48546727525775 10.248100321981685 6.1
      vertex 34.866977830871186 10.212036956587545 6.1
    endloop
  endfacet
  facet normal 0 0 -1
    outer loop
      vertex 3.5 3.5 6.1
      vertex 34.866977830871186 10.212036956587545 6.1
      vertex 35.25 10.200000000000001 6.1
    endloop
  endfacet
  facet normal 0 0 -1
    outer loop
      vertex 3.5 3.5 6.1
      vertex 35.25 10.200000000000001 6.1
      vertex 35.633022169128814 10.212036956587545 6.1
    endloop
  endfacet
  facet normal 0 0 -1
    outer loop
      vertex 3.5 3.5 6.1
      vertex 35.633022169128814 10.212036956587545 6.1
      vertex 36.01453272474225 10.248100321981685 6.1
    endloop
  endfacet
  facet normal 0 0 -1
    outer loop
      vertex 3.5 3.5 6.1
      vertex 36.01453272474225 10.248100321981685 6.1
      vertex 36.39302601897292 10.308047770555 6.1
    endloop
  endfacet
  facet normal 0 0 -1
    outer loop
      vertex 19.019445020042717 13.70274632145306 6.1
      vertex 29.730554979957283 13.70274632145306 6.1
      vertex 29.904529251732434 13.361302587979537 6.1
    endloop
  endfacet
  facet normal 0 0 -1
    outer loop
      vertex 19.301444749400435 14.414996334312821 6.1
      vertex 29.448555250599565 14.414996334312821 6.1
      vertex 29.578363436081666 14.054440228623466 6.1
    endloop
  endfacet
  facet normal 0 0 -1
    outer loop
      vertex 19.171636563918334 14.054440228623463 6.1
      vertex 29.578363436081666 14.054440228623466 6.1
      vertex 29.730554979957283 13.70274632145306 6.1
    endloop
  endfacet
  facet normal 0 0 -1
    outer loop
      vertex 16.76854344937188 21.450400345562294 6.1
      vertex 30.80329137272939 32.524262653835 6.1
      vertex 17.085490038984084 21.23500366568718 6.1
    endloop
  endfacet
  facet normal 0 0 -1
    outer loop
      vertex 17.085490038984084 21.23500366568718 6.1
      vertex 30.80329137272939 32.524262653835 6.1
      vertex 17.388286337467008 21.000130780932313 6.1
    endloop
  endfacet
  facet normal 0 0 -1
    outer loop
      vertex 16.438697412020463 21.64547074826757 6.1
      vertex 30.80329137272939 32.524262653835 6.1
      vertex 16.76854344937188 21.450400345562294 6.1
    endloop
  endfacet
  facet normal 0 0 -1
    outer loop
      vertex 19.301444749400435 14.414996334312821 6.1
      vertex 19.40835728288465 14.78299168829439 6.1
      vertex 29.448555250599565 14.414996334312821 6.1
    endloop
  endfacet
  facet normal 0 0 -1
    outer loop
      vertex 19.40835728288465 14.78299168829439 6.1
      vertex 19.491952229445 15.156973981027079 6.1
      vertex 29.34164271711535 14.782991688294386 6.1
    endloop
  endfacet
  facet normal 0 0 -1
    outer loop
      vertex 19.491952229445 15.156973981027079 6.1
      vertex 19.551899678018316 15.535467275257746 6.1
      vertex 29.258047770555 15.156973981027079 6.1
    endloop
  endfacet
  facet normal 0 0 -1
    outer loop
      vertex 19.551899678018316 15.535467275257746 6.1
      vertex 19.587963043412458 15.916977830871186 6.1
      vertex 29.198100321981684 15.535467275257746 6.1
    endloop
  endfacet
  facet normal 0 0 -1
    outer loop
      vertex 19.587963043412458 15.916977830871186 6.1
      vertex 19.6 16.3 6.1
      vertex 29.162036956587542 15.91697783087119 6.1
    endloop
  endfacet
  facet normal 0 0 -1
    outer loop
      vertex 19.6 16.3 6.1
      vertex 19.587963043412458 16.68302216912881 6.1
      vertex 29.15 16.3 6.1
    endloop
  endfacet
  facet normal 0 0 -1
    outer loop
      vertex 19.587963043412458 16.68302216912881 6.1
      vertex 19.551899678018316 17.064532724742257 6.1
      vertex 29.162036956587542 16.68302216912881 6.1
    endloop
  endfacet
  facet normal 0 0 -1
    outer loop
      vertex 19.551899678018316 17.064532724742257 6.1
      vertex 19.491952229445 17.443026018972922 6.1
      vertex 29.198100321981684 17.064532724742257 6.1
    endloop
  endfacet
  facet normal 0 0 -1
    outer loop
      vertex 19.40835728288465 17.817008311705614 6.1
      vertex 29.258047770555 17.443026018972922 6.1
      vertex 19.491952229445 17.443026018972922 6.1
    endloop
  endfacet
  facet normal 0 0 -1
    outer loop
      vertex 18.43500366568718 19.885490038984088 6.1
      vertex 30.09959965443771 19.56854344937188 6.1
      vertex 18.650400345562293 19.56854344937188 6.1
    endloop
  endfacet
  facet normal 0 0 -1
    outer loop
      vertex 19.40835728288465 17.817008311705614 6.1
      vertex 19.301444749400435 18.18500366568718 6.1
      vertex 29.34164271711535 17.817008311705614 6.1
    endloop
  endfacet
  facet normal 0 0 -1
    outer loop
      vertex 19.171636563918334 18.545559771376535 6.1
      vertex 29.448555250599565 18.18500366568718 6.1
      vertex 19.301444749400435 18.18500366568718 6.1
    endloop
  endfacet
  facet normal 0 0 -1
    outer loop
      vertex 19.171636563918334 18.545559771376535 6.1
      vertex 19.019445020042717 18.897253678546942 6.1
      vertex 29.578363436081666 18.545559771376535 6.1
    endloop
  endfacet
  facet normal 0 0 -1
    outer loop
      vertex 19.019445020042717 18.897253678546942 6.1
      vertex 18.845470748267566 19.238697412020464 6.1
      vertex 29.730554979957283 18.897253678546942 6.1
    endloop
  endfacet
  facet normal 0 0 -1
    outer loop
      vertex 18.650400345562293 19.56854344937188 6.1
      vertex 29.904529251732434 19.238697412020464 6.1
      vertex 18.845470748267566 19.238697412020464 6.1
    endloop
  endfacet
  facet normal 0 0 -1
    outer loop
      vertex 17.94670862727061 20.475737346165 6.1
      vertex 17.675737346165 20.74670862727061 6.1
      vertex 30.80329137272939 20.475737346165 6.1
    endloop
  endfacet
  facet normal 0 0 -1
    outer loop
      vertex 18.43500366568718 19.885490038984088 6.1
      vertex 18.200130780932312 20.18828633746701 6.1
      vertex 30.31499633431282 19.885490038984088 6.1
    endloop
  endfacet
  facet normal 0 0 -1
    outer loop
      vertex 17.94670862727061 20.475737346165 6.1
      vertex 30.549869219067684 20.18828633746701 6.1
      vertex 18.200130780932312 20.18828633746701 6.1
    endloop
  endfacet
  facet normal 0 0 -1
    outer loop
      vertex 19.40835728288465 14.78299168829439 6.1
      vertex 29.34164271711535 14.782991688294386 6.1
      vertex 29.448555250599565 14.414996334312821 6.1
    endloop
  endfacet
  facet normal 0 0 -1
    outer loop
      vertex 19.491952229445 15.156973981027079 6.1
      vertex 29.258047770555 15.156973981027079 6.1
      vertex 29.34164271711535 14.782991688294386 6.1
    endloop
  endfacet
  facet normal 0 0 -1
    outer loop
      vertex 19.551899678018316 15.535467275257746 6.1
      vertex 29.198100321981684 15.535467275257746 6.1
      vertex 29.258047770555 15.156973981027079 6.1
    endloop
  endfacet
  facet normal 0 0 -1
    outer loop
      vertex 19.587963043412458 15.916977830871186 6.1
      vertex 29.162036956587542 15.91697783087119 6.1
      vertex 29.198100321981684 15.535467275257746 6.1
    endloop
  endfacet
  facet normal 0 0 -1
    outer loop
      vertex 19.6 16.3 6.1
      vertex 29.15 16.3 6.1
      vertex 29.162036956587542 15.91697783087119 6.1
    endloop
  endfacet
  facet normal 0 0 -1
    outer loop
      vertex 19.587963043412458 16.68302216912881 6.1
      vertex 29.162036956587542 16.68302216912881 6.1
      vertex 29.15 16.3 6.1
    endloop
  endfacet
  facet normal 0 0 -1
    outer loop
      vertex 19.551899678018316 17.064532724742257 6.1
      vertex 29.198100321981684 17.064532724742257 6.1
      vertex 29.162036956587542 16.68302216912881 6.1
    endloop
  endfacet
  facet normal 0 0 -1
    outer loop
      vertex 19.491952229445 17.443026018972922 6.1
      vertex 29.258047770555 17.443026018972922 6.1
      vertex 29.198100321981684 17.064532724742257 6.1
    endloop
  endfacet
  facet normal 0 0 -1
    outer loop
      vertex 19.40835728288465 17.817008311705614 6.1
      vertex 29.34164271711535 17.817008311705614 6.1
      vertex 29.258047770555 17.443026018972922 6.1
    endloop
  endfacet
  facet normal 0 0 -1
    outer loop
      vertex 19.301444749400435 18.18500366568718 6.1
      vertex 29.448555250599565 18.18500366568718 6.1
      vertex 29.34164271711535 17.817008311705614 6.1
    endloop
  endfacet
  facet normal 0 0 -1
    outer loop
      vertex 19.171636563918334 18.545559771376535 6.1
      vertex 29.578363436081666 18.545559771376535 6.1
      vertex 29.448555250599565 18.18500366568718 6.1
    endloop
  endfacet
  facet normal 0 0 -1
    outer loop
      vertex 19.019445020042717 18.897253678546942 6.1
      vertex 29.730554979957283 18.897253678546942 6.1
      vertex 29.578363436081666 18.545559771376535 6.1
    endloop
  endfacet
  facet normal 0 0 -1
    outer loop
      vertex 18.845470748267566 19.238697412020464 6.1
      vertex 29.904529251732434 19.238697412020464 6.1
      vertex 29.730554979957283 18.897253678546942 6.1
    endloop
  endfacet
  facet normal 0 0 -1
    outer loop
      vertex 18.650400345562293 19.56854344937188 6.1
      vertex 30.09959965443771 19.56854344937188 6.1
      vertex 29.904529251732434 19.238697412020464 6.1
    endloop
  endfacet
  facet normal 0 0 -1
    outer loop
      vertex 17.388286337467008 21.000130780932313 6.1
      vertex 30.80329137272939 32.524262653835 6.1
      vertex 17.675737346165 20.74670862727061 6.1
    endloop
  endfacet
  facet normal 0 0 -1
    outer loop
      vertex 16.09725367854694 10.780554979957282 6.1
      vertex 32.65274632145306 10.780554979957282 6.1
      vertex 33.004440228623466 10.628363436081667 6.1
    endloop
  endfacet
  facet normal 0 0 -1
    outer loop
      vertex 15.745559771376538 10.628363436081669 6.1
      vertex 33.004440228623466 10.628363436081667 6.1
      vertex 33.36499633431282 10.498555250599566 6.1
    endloop
  endfacet
  facet normal 0 0 -1
    outer loop
      vertex 18.200130780932312 12.411713662532993 6.1
      vertex 30.549869219067684 12.411713662532994 6.1
      vertex 30.80329137272939 12.124262653835 6.1
    endloop
  endfacet
  facet normal 0 0 -1
    outer loop
      vertex 17.94670862727061 12.124262653835 6.1
      vertex 30.80329137272939 12.124262653835 6.1
      vertex 31.074262653835 11.853291372729391 6.1
    endloop
  endfacet
  facet normal 0 0 -1
    outer loop
      vertex 17.675737346165 11.853291372729391 6.1
      vertex 31.074262653835 11.853291372729391 6.1
      vertex 31.361713662532992 11.599869219067685 6.1
    endloop
  endfacet
  facet normal 0 0 -1
    outer loop
      vertex 16.768543449371876 11.149599654437708 6.1
      vertex 31.98145655062812 11.14959965443771 6.1
      vertex 32.31130258797954 10.954529251732435 6.1
    endloop
  endfacet
  facet normal 0 0 -1
    outer loop
      vertex 17.085490038984084 11.36499633431282 6.1
      vertex 31.664509961015913 11.36499633431282 6.1
      vertex 31.98145655062812 11.14959965443771 6.1
    endloop
  endfacet
  facet normal 0 0 -1
    outer loop
      vertex 17.388286337467008 11.599869219067688 6.1
      vertex 31.361713662532992 11.599869219067685 6.1
      vertex 31.664509961015913 11.36499633431282 6.1
    endloop
  endfacet
  facet normal 0 0 -1
    outer loop
      vertex 16.438697412020463 10.954529251732435 6.1
      vertex 32.31130258797954 10.954529251732435 6.1
      vertex 32.65274632145306 10.780554979957282 6.1
    endloop
  endfacet
  facet normal 0 0 -1
    outer loop
      vertex 18.650400345562293 13.031456550628125 6.1
      vertex 30.09959965443771 13.031456550628121 6.1
      vertex 30.31499633431282 12.714509961015915 6.1
    endloop
  endfacet
  facet normal 0 0 -1
    outer loop
      vertex 18.43500366568718 12.714509961015915 6.1
      vertex 30.31499633431282 12.714509961015915 6.1
      vertex 30.549869219067684 12.411713662532994 6.1
    endloop
  endfacet
  facet normal 0 0 -1
    outer loop
      vertex 18.845470748267566 13.361302587979537 6.1
      vertex 29.904529251732434 13.361302587979537 6.1
      vertex 30.09959965443771 13.031456550628121 6.1
    endloop
  endfacet
  facet normal 0 0 -1
    outer loop
      vertex 18.43500366568718 19.885490038984088 6.1
      vertex 30.31499633431282 19.885490038984088 6.1
      vertex 30.09959965443771 19.56854344937188 6.1
    endloop
  endfacet
  facet normal 0 0 -1
    outer loop
      vertex 18.200130780932312 20.18828633746701 6.1
      vertex 30.549869219067684 20.18828633746701 6.1
      vertex 30.31499633431282 19.885490038984088 6.1
    endloop
  endfacet
  facet normal 0 0 -1
    outer loop
      vertex 17.94670862727061 20.475737346165 6.1
      vertex 30.80329137272939 20.475737346165 6.1
      vertex 30.549869219067684 20.18828633746701 6.1
    endloop
  endfacet
  facet normal 0 0 -1
    outer loop
      vertex 17.675737346165 20.74670862727061 6.1
      vertex 31.074262653835 20.74670862727061 6.1
      vertex 30.80329137272939 20.475737346165 6.1
    endloop
  endfacet
  facet normal 0 0 -1
    outer loop
      vertex 17.675737346165 20.74670862727061 6.1
      vertex 31.074262653835 32.25329137272939 6.1
      vertex 31.074262653835 20.74670862727061 6.1
    endloop
  endfacet
  facet normal 0 0 -1
    outer loop
      vertex 17.675737346165 20.74670862727061 6.1
      vertex 30.80329137272939 32.524262653835 6.1
      vertex 31.074262653835 32.25329137272939 6.1
    endloop
  endfacet
  facet normal 0 0 -1
    outer loop
      vertex 31.074262653835 20.74670862727061 6.1
      vertex 31.361713662532992 31.999869219067687 6.1
      vertex 31.361713662532992 21.000130780932317 6.1
    endloop
  endfacet
  facet normal 0 0 -1
    outer loop
      vertex 31.361713662532992 21.000130780932317 6.1
      vertex 31.664509961015913 31.764996334312823 6.1
      vertex 31.664509961015913 21.23500366568718 6.1
    endloop
  endfacet
  facet normal 0 0 -1
    outer loop
      vertex 31.664509961015913 21.23500366568718 6.1
      vertex 31.98145655062812 31.549599654437714 6.1
      vertex 31.98145655062812 21.450400345562294 6.1
    endloop
  endfacet
  facet normal 0 0 -1
    outer loop
      vertex 31.98145655062812 21.450400345562294 6.1
      vertex 32.31130258797954 31.354529251732437 6.1
      vertex 32.31130258797954 21.64547074826757 6.1
    endloop
  endfacet
  facet normal 0 0 -1
    outer loop
      vertex 32.31130258797954 21.64547074826757 6.1
      vertex 32.65274632145306 31.180554979957286 6.1
      vertex 32.65274632145306 21.81944502004272 6.1
    endloop
  endfacet
  facet normal 0 0 -1
    outer loop
      vertex 31.074262653835 20.74670862727061 6.1
      vertex 31.074262653835 32.25329137272939 6.1
      vertex 31.361713662532992 31.999869219067687 6.1
    endloop
  endfacet
  facet normal 0 0 -1
    outer loop
      vertex 31.361713662532992 21.000130780932317 6.1
      vertex 31.361713662532992 31.999869219067687 6.1
      vertex 31.664509961015913 31.764996334312823 6.1
    endloop
  endfacet
  facet normal 0 0 -1
    outer loop
      vertex 31.664509961015913 21.23500366568718 6.1
      vertex 31.664509961015913 31.764996334312823 6.1
      vertex 31.98145655062812 31.549599654437714 6.1
    endloop
  endfacet
  facet normal 0 0 -1
    outer loop
      vertex 31.98145655062812 21.450400345562294 6.1
      vertex 31.98145655062812 31.549599654437714 6.1
      vertex 32.31130258797954 31.354529251732437 6.1
    endloop
  endfacet
  facet normal 0 0 -1
    outer loop
      vertex 32.31130258797954 21.64547074826757 6.1
      vertex 32.31130258797954 31.354529251732437 6.1
      vertex 32.65274632145306 31.180554979957286 6.1
    endloop
  endfacet
  facet normal 0 0 -1
    outer loop
      vertex 32.65274632145306 21.81944502004272 6.1
      vertex 32.65274632145306 31.180554979957286 6.1
      vertex 33.004440228623466 31.02836343608167 6.1
    endloop
  endfacet
  facet normal 0 0 -1
    outer loop
      vertex 32.65274632145306 21.81944502004272 6.1
      vertex 33.004440228623466 31.02836343608167 6.1
      vertex 33.004440228623466 21.971636563918334 6.1
    endloop
  endfacet
  facet normal 0 0 -1
    outer loop
      vertex 33.004440228623466 21.971636563918334 6.1
      vertex 33.36499633431282 30.898555250599568 6.1
      vertex 33.36499633431282 22.101444749400436 6.1
    endloop
  endfacet
  facet normal 0 0 -1
    outer loop
      vertex 33.36499633431282 22.101444749400436 6.1
      vertex 33.73299168829438 30.79164271711535 6.1
      vertex 33.73299168829438 22.20835728288465 6.1
    endloop
  endfacet
  facet normal 0 0 -1
    outer loop
      vertex 33.73299168829438 22.20835728288465 6.1
      vertex 34.10697398102708 30.708047770555 6.1
      vertex 34.10697398102708 22.291952229445002 6.1
    endloop
  endfacet
  facet normal 0 0 -1
    outer loop
      vertex 34.10697398102708 22.291952229445002 6.1
      vertex 34.48546727525775 30.648100321981687 6.1
      vertex 34.48546727525775 22.351899678018317 6.1
    endloop
  endfacet
  facet normal 0 0 -1
    outer loop
      vertex 33.004440228623466 21.971636563918334 6.1
      vertex 33.004440228623466 31.02836343608167 6.1
      vertex 33.36499633431282 30.898555250599568 6.1
    endloop
  endfacet
  facet normal 0 0 -1
    outer loop
      vertex 33.36499633431282 22.101444749400436 6.1
      vertex 33.36499633431282 30.898555250599568 6.1
      vertex 33.73299168829438 30.79164271711535 6.1
    endloop
  endfacet
  facet normal 0 0 -1
    outer loop
      vertex 33.73299168829438 22.20835728288465 6.1
      vertex 33.73299168829438 30.79164271711535 6.1
      vertex 34.10697398102708 30.708047770555 6.1
    endloop
  endfacet
  facet normal 0 0 -1
    outer loop
      vertex 34.48546727525775 22.351899678018317 6.1
      vertex 34.866977830871186 30.612036956587545 6.1
      vertex 34.866977830871186 22.387963043412455 6.1
    endloop
  endfacet
  facet normal 0 0 -1
    outer loop
      vertex 34.10697398102708 22.291952229445002 6.1
      vertex 34.10697398102708 30.708047770555 6.1
      vertex 34.48546727525775 30.648100321981687 6.1
    endloop
  endfacet
  facet normal 0 0 -1
    outer loop
      vertex 34.48546727525775 22.351899678018317 6.1
      vertex 34.48546727525775 30.648100321981687 6.1
      vertex 34.866977830871186 30.612036956587545 6.1
    endloop
  endfacet
  facet normal 0 0 -1
    outer loop
      vertex 34.866977830871186 22.387963043412455 6.1
      vertex 34.866977830871186 30.612036956587545 6.1
      vertex 35.25 30.6 6.1
    endloop
  endfacet
  facet normal 0 0 -1
    outer loop
      vertex 16.438697412020463 21.64547074826757 6.1
      vertex 17.94670862727061 32.524262653835 6.1
      vertex 30.80329137272939 32.524262653835 6.1
    endloop
  endfacet
  facet normal 0 0 -1
    outer loop
      vertex 16.76854344937188 41.85040034556229 6.1
      vertex 31.664509961015913 41.63500366568718 6.1
      vertex 17.085490038984084 41.63500366568718 6.1
    endloop
  endfacet
  facet normal 0 0 -1
    outer loop
      vertex 17.94670862727061 32.524262653835 6.1
      vertex 18.200130780932312 32.811713662532995 6.1
      vertex 30.80329137272939 32.524262653835 6.1
    endloop
  endfacet
  facet normal 0 0 -1
    outer loop
      vertex 18.200130780932312 32.811713662532995 6.1
      vertex 18.43500366568718 33.11450996101591 6.1
      vertex 30.549869219067684 32.811713662532995 6.1
    endloop
  endfacet
  facet normal 0 0 -1
    outer loop
      vertex 18.43500366568718 33.11450996101591 6.1
      vertex 18.650400345562293 33.43145655062813 6.1
      vertex 30.31499633431282 33.11450996101591 6.1
    endloop
  endfacet
  facet normal 0 0 -1
    outer loop
      vertex 18.650400345562293 33.43145655062813 6.1
      vertex 18.845470748267566 33.761302587979536 6.1
      vertex 30.09959965443771 33.43145655062813 6.1
    endloop
  endfacet
  facet normal 0 0 -1
    outer loop
      vertex 18.845470748267566 33.761302587979536 6.1
      vertex 19.019445020042717 34.10274632145306 6.1
      vertex 29.904529251732434 33.761302587979536 6.1
    endloop
  endfacet
  facet normal 0 0 -1
    outer loop
      vertex 19.019445020042717 34.10274632145306 6.1
      vertex 19.171636563918334 34.45444022862347 6.1
      vertex 29.730554979957283 34.10274632145306 6.1
    endloop
  endfacet
  facet normal 0 0 -1
    outer loop
      vertex 19.171636563918334 34.45444022862347 6.1
      vertex 19.301444749400435 34.81499633431282 6.1
      vertex 29.578363436081666 34.45444022862347 6.1
    endloop
  endfacet
  facet normal 0 0 -1
    outer loop
      vertex 19.301444749400435 34.81499633431282 6.1
      vertex 19.40835728288465 35.18299168829439 6.1
      vertex 29.448555250599565 34.81499633431282 6.1
    endloop
  endfacet
  facet normal 0 0 -1
    outer loop
      vertex 19.40835728288465 35.18299168829439 6.1
      vertex 19.491952229445 35.556973981027085 6.1
      vertex 29.34164271711535 35.182991688294386 6.1
    endloop
  endfacet
  facet normal 0 0 -1
    outer loop
      vertex 19.491952229445 35.556973981027085 6.1
      vertex 19.551899678018316 35.93546727525775 6.1
      vertex 29.258047770555 35.556973981027085 6.1
    endloop
  endfacet
  facet normal 0 0 -1
    outer loop
      vertex 19.019445020042717 34.10274632145306 6.1
      vertex 29.730554979957283 34.10274632145306 6.1
      vertex 29.904529251732434 33.761302587979536 6.1
    endloop
  endfacet
  facet normal 0 0 -1
    outer loop
      vertex 19.171636563918334 34.45444022862347 6.1
      vertex 29.578363436081666 34.45444022862347 6.1
      vertex 29.730554979957283 34.10274632145306 6.1
    endloop
  endfacet
  facet normal 0 0 -1
    outer loop
      vertex 19.301444749400435 34.81499633431282 6.1
      vertex 29.448555250599565 34.81499633431282 6.1
      vertex 29.578363436081666 34.45444022862347 6.1
    endloop
  endfacet
  facet normal 0 0 -1
    outer loop
      vertex 19.40835728288465 35.18299168829439 6.1
      vertex 29.34164271711535 35.182991688294386 6.1
      vertex 29.448555250599565 34.81499633431282 6.1
    endloop
  endfacet
  facet normal 0 0 -1
    outer loop
      vertex 19.491952229445 35.556973981027085 6.1
      vertex 29.258047770555 35.556973981027085 6.1
      vertex 29.34164271711535 35.182991688294386 6.1
    endloop
  endfacet
  facet normal 0 0 -1
    outer loop
      vertex 19.551899678018316 35.93546727525775 6.1
      vertex 29.198100321981684 35.93546727525775 6.1
      vertex 29.258047770555 35.556973981027085 6.1
    endloop
  endfacet
  facet normal 0 0 -1
    outer loop
      vertex 19.551899678018316 35.93546727525775 6.1
      vertex 19.587963043412458 36.31697783087119 6.1
      vertex 29.198100321981684 35.93546727525775 6.1
    endloop
  endfacet
  facet normal 0 0 -1
    outer loop
      vertex 19.587963043412458 36.31697783087119 6.1
      vertex 19.6 36.7 6.1
      vertex 29.162036956587542 36.31697783087119 6.1
    endloop
  endfacet
  facet normal 0 0 -1
    outer loop
      vertex 19.6 36.7 6.1
      vertex 19.587963043412458 37.08302216912882 6.1
      vertex 29.15 36.7 6.1
    endloop
  endfacet
  facet normal 0 0 -1
    outer loop
      vertex 19.587963043412458 37.08302216912882 6.1
      vertex 19.551899678018316 37.464532724742256 6.1
      vertex 29.162036956587542 37.08302216912882 6.1
    endloop
  endfacet
  facet normal 0 0 -1
    outer loop
      vertex 19.551899678018316 37.464532724742256 6.1
      vertex 19.491952229445 37.84302601897292 6.1
      vertex 29.198100321981684 37.464532724742256 6.1
    endloop
  endfacet
  facet normal 0 0 -1
    outer loop
      vertex 19.40835728288465 38.21700831170562 6.1
      vertex 19.301444749400435 38.58500366568718 6.1
      vertex 29.34164271711535 38.21700831170562 6.1
    endloop
  endfacet
  facet normal 0 0 -1
    outer loop
      vertex 19.40835728288465 38.21700831170562 6.1
      vertex 29.258047770555 37.84302601897292 6.1
      vertex 19.491952229445 37.84302601897292 6.1
    endloop
  endfacet
  facet normal 0 0 -1
    outer loop
      vertex 19.171636563918334 38.94555977137654 6.1
      vertex 29.448555250599565 38.58500366568718 6.1
      vertex 19.301444749400435 38.58500366568718 6.1
    endloop
  endfacet
  facet normal 0 0 -1
    outer loop
      vertex 19.019445020042717 39.297253678546944 6.1
      vertex 18.845470748267566 39.63869741202046 6.1
      vertex 29.730554979957283 39.297253678546944 6.1
    endloop
  endfacet
  facet normal 0 0 -1
    outer loop
      vertex 19.019445020042717 39.297253678546944 6.1
      vertex 29.578363436081666 38.94555977137654 6.1
      vertex 19.171636563918334 38.94555977137654 6.1
    endloop
  endfacet
  facet normal 0 0 -1
    outer loop
      vertex 18.43500366568718 40.285490038984086 6.1
      vertex 30.09959965443771 39.968543449371886 6.1
      vertex 18.650400345562293 39.96854344937188 6.1
    endloop
  endfacet
  facet normal 0 0 -1
    outer loop
      vertex 17.675737346165 41.14670862727061 6.1
      vertex 30.80329137272939 40.875737346165 6.1
      vertex 17.94670862727061 40.875737346165 6.1
    endloop
  endfacet
  facet normal 0 0 -1
    outer loop
      vertex 17.388286337467008 41.400130780932315 6.1
      vertex 31.074262653835 41.14670862727061 6.1
      vertex 17.675737346165 41.14670862727061 6.1
    endloop
  endfacet
  facet normal 0 0 -1
    outer loop
      vertex 17.94670862727061 40.875737346165 6.1
      vertex 30.549869219067684 40.58828633746701 6.1
      vertex 18.200130780932312 40.58828633746701 6.1
    endloop
  endfacet
  facet normal 0 0 -1
    outer loop
      vertex 18.43500366568718 40.285490038984086 6.1
      vertex 18.200130780932312 40.58828633746701 6.1
      vertex 30.31499633431282 40.285490038984086 6.1
    endloop
  endfacet
  facet normal 0 0 -1
    outer loop
      vertex 18.650400345562293 39.96854344937188 6.1
      vertex 29.904529251732434 39.63869741202047 6.1
      vertex 18.845470748267566 39.63869741202046 6.1
    endloop
  endfacet
  facet normal 0 0 -1
    outer loop
      vertex 17.388286337467008 41.400130780932315 6.1
      vertex 17.085490038984084 41.63500366568718 6.1
      vertex 31.361713662532992 41.400130780932315 6.1
    endloop
  endfacet
  facet normal 0 0 -1
    outer loop
      vertex 19.6 36.7 6.1
      vertex 29.15 36.7 6.1
      vertex 29.162036956587542 36.31697783087119 6.1
    endloop
  endfacet
  facet normal 0 0 -1
    outer loop
      vertex 19.587963043412458 36.31697783087119 6.1
      vertex 29.162036956587542 36.31697783087119 6.1
      vertex 29.198100321981684 35.93546727525775 6.1
    endloop
  endfacet
  facet normal 0 0 -1
    outer loop
      vertex 19.587963043412458 37.08302216912882 6.1
      vertex 29.162036956587542 37.08302216912882 6.1
      vertex 29.15 36.7 6.1
    endloop
  endfacet
  facet normal 0 0 -1
    outer loop
      vertex 19.551899678018316 37.464532724742256 6.1
      vertex 29.198100321981684 37.464532724742256 6.1
      vertex 29.162036956587542 37.08302216912882 6.1
    endloop
  endfacet
  facet normal 0 0 -1
    outer loop
      vertex 19.491952229445 37.84302601897292 6.1
      vertex 29.258047770555 37.84302601897292 6.1
      vertex 29.198100321981684 37.464532724742256 6.1
    endloop
  endfacet
  facet normal 0 0 -1
    outer loop
      vertex 19.40835728288465 38.21700831170562 6.1
      vertex 29.34164271711535 38.21700831170562 6.1
      vertex 29.258047770555 37.84302601897292 6.1
    endloop
  endfacet
  facet normal 0 0 -1
    outer loop
      vertex 19.301444749400435 38.58500366568718 6.1
      vertex 29.448555250599565 38.58500366568718 6.1
      vertex 29.34164271711535 38.21700831170562 6.1
    endloop
  endfacet
  facet normal 0 0 -1
    outer loop
      vertex 19.171636563918334 38.94555977137654 6.1
      vertex 29.578363436081666 38.94555977137654 6.1
      vertex 29.448555250599565 38.58500366568718 6.1
    endloop
  endfacet
  facet normal 0 0 -1
    outer loop
      vertex 19.019445020042717 39.297253678546944 6.1
      vertex 29.730554979957283 39.297253678546944 6.1
      vertex 29.578363436081666 38.94555977137654 6.1
    endloop
  endfacet
  facet normal 0 0 -1
    outer loop
      vertex 18.845470748267566 39.63869741202046 6.1
      vertex 29.904529251732434 39.63869741202047 6.1
      vertex 29.730554979957283 39.297253678546944 6.1
    endloop
  endfacet
  facet normal 0 0 -1
    outer loop
      vertex 18.650400345562293 39.96854344937188 6.1
      vertex 30.09959965443771 39.968543449371886 6.1
      vertex 29.904529251732434 39.63869741202047 6.1
    endloop
  endfacet
  facet normal 0 0 -1
    outer loop
      vertex 16.76854344937188 41.85040034556229 6.1
      vertex 16.768543449371876 51.949599654437705 6.1
      vertex 31.98145655062812 41.85040034556229 6.1
    endloop
  endfacet
  facet normal 0 0 -1
    outer loop
      vertex 16.768543449371876 51.949599654437705 6.1
      vertex 17.085490038984084 52.16499633431282 6.1
      vertex 31.98145655062812 51.949599654437705 6.1
    endloop
  endfacet
  facet normal 0 0 -1
    outer loop
      vertex 17.085490038984084 52.16499633431282 6.1
      vertex 17.388286337467008 52.39986921906768 6.1
      vertex 31.664509961015913 52.16499633431282 6.1
    endloop
  endfacet
  facet normal 0 0 -1
    outer loop
      vertex 17.388286337467008 52.39986921906768 6.1
      vertex 17.675737346165 52.653291372729385 6.1
      vertex 31.361713662532992 52.39986921906768 6.1
    endloop
  endfacet
  facet normal 0 0 -1
    outer loop
      vertex 17.675737346165 52.653291372729385 6.1
      vertex 17.94670862727061 52.924262653834994 6.1
      vertex 31.074262653835 52.653291372729385 6.1
    endloop
  endfacet
  facet normal 0 0 -1
    outer loop
      vertex 17.94670862727061 52.924262653834994 6.1
      vertex 18.200130780932312 53.211713662532986 6.1
      vertex 30.80329137272939 52.924262653834994 6.1
    endloop
  endfacet
  facet normal 0 0 -1
    outer loop
      vertex 18.200130780932312 53.211713662532986 6.1
      vertex 18.43500366568718 53.51450996101591 6.1
      vertex 30.549869219067684 53.211713662532986 6.1
    endloop
  endfacet
  facet normal 0 0 -1
    outer loop
      vertex 18.43500366568718 53.51450996101591 6.1
      vertex 18.650400345562293 53.83145655062812 6.1
      vertex 30.31499633431282 53.51450996101591 6.1
    endloop
  endfacet
  facet normal 0 0 -1
    outer loop
      vertex 18.650400345562293 53.83145655062812 6.1
      vertex 18.845470748267566 54.16130258797953 6.1
      vertex 30.09959965443771 53.83145655062811 6.1
    endloop
  endfacet
  facet normal 0 0 -1
    outer loop
      vertex 18.845470748267566 54.16130258797953 6.1
      vertex 19.019445020042717 54.50274632145305 6.1
      vertex 29.904529251732434 54.16130258797953 6.1
    endloop
  endfacet
  facet normal 0 0 -1
    outer loop
      vertex 19.019445020042717 54.50274632145305 6.1
      vertex 19.171636563918334 54.85444022862346 6.1
      vertex 29.730554979957283 54.50274632145305 6.1
    endloop
  endfacet
  facet normal 0 0 -1
    outer loop
      vertex 19.171636563918334 54.85444022862346 6.1
      vertex 19.301444749400435 55.214996334312815 6.1
      vertex 29.578363436081666 54.85444022862346 6.1
    endloop
  endfacet
  facet normal 0 0 -1
    outer loop
      vertex 19.301444749400435 55.214996334312815 6.1
      vertex 19.40835728288465 55.582991688294385 6.1
      vertex 29.448555250599565 55.214996334312815 6.1
    endloop
  endfacet
  facet normal 0 0 -1
    outer loop
      vertex 19.40835728288465 55.582991688294385 6.1
      vertex 19.491952229445 55.956973981027076 6.1
      vertex 29.34164271711535 55.58299168829438 6.1
    endloop
  endfacet
  facet normal 0 0 -1
    outer loop
      vertex 19.491952229445 55.956973981027076 6.1
      vertex 19.551899678018316 56.33546727525774 6.1
      vertex 29.258047770555 55.956973981027076 6.1
    endloop
  endfacet
  facet normal 0 0 -1
    outer loop
      vertex 19.551899678018316 56.33546727525774 6.1
      vertex 19.587963043412458 56.71697783087118 6.1
      vertex 29.198100321981684 56.33546727525774 6.1
    endloop
  endfacet
  facet normal 0 0 -1
    outer loop
      vertex 19.587963043412458 56.71697783087118 6.1
      vertex 19.6 57.099999999999994 6.1
      vertex 29.162036956587542 56.71697783087118 6.1
    endloop
  endfacet
  facet normal 0 0 -1
    outer loop
      vertex 19.6 57.099999999999994 6.1
      vertex 19.587963043412458 57.48302216912881 6.1
      vertex 29.15 57.099999999999994 6.1
    endloop
  endfacet
  facet normal 0 0 -1
    outer loop
      vertex 19.019445020042717 54.50274632145305 6.1
      vertex 29.730554979957283 54.50274632145305 6.1
      vertex 29.904529251732434 54.16130258797953 6.1
    endloop
  endfacet
  facet normal 0 0 -1
    outer loop
      vertex 19.301444749400435 55.214996334312815 6.1
      vertex 29.448555250599565 55.214996334312815 6.1
      vertex 29.578363436081666 54.85444022862346 6.1
    endloop
  endfacet
  facet normal 0 0 -1
    outer loop
      vertex 19.171636563918334 54.85444022862346 6.1
      vertex 29.578363436081666 54.85444022862346 6.1
      vertex 29.730554979957283 54.50274632145305 6.1
    endloop
  endfacet
  facet normal 0 0 -1
    outer loop
      vertex 19.40835728288465 55.582991688294385 6.1
      vertex 29.34164271711535 55.58299168829438 6.1
      vertex 29.448555250599565 55.214996334312815 6.1
    endloop
  endfacet
  facet normal 0 0 -1
    outer loop
      vertex 19.491952229445 55.956973981027076 6.1
      vertex 29.258047770555 55.956973981027076 6.1
      vertex 29.34164271711535 55.58299168829438 6.1
    endloop
  endfacet
  facet normal 0 0 -1
    outer loop
      vertex 19.551899678018316 56.33546727525774 6.1
      vertex 29.198100321981684 56.33546727525774 6.1
      vertex 29.258047770555 55.956973981027076 6.1
    endloop
  endfacet
  facet normal 0 0 -1
    outer loop
      vertex 19.6 57.099999999999994 6.1
      vertex 29.15 57.099999999999994 6.1
      vertex 29.162036956587542 56.71697783087118 6.1
    endloop
  endfacet
  facet normal 0 0 -1
    outer loop
      vertex 19.587963043412458 57.48302216912881 6.1
      vertex 29.162036956587542 57.48302216912881 6.1
      vertex 29.15 57.099999999999994 6.1
    endloop
  endfacet
  facet normal 0 0 -1
    outer loop
      vertex 29.198100321981684 56.33546727525774 6.1
      vertex 19.587963043412458 56.71697783087118 6.1
      vertex 29.162036956587542 56.71697783087118 6.1
    endloop
  endfacet
  facet normal 0 0 -1
    outer loop
      vertex 18.200130780932312 32.811713662532995 6.1
      vertex 30.549869219067684 32.811713662532995 6.1
      vertex 30.80329137272939 32.524262653835 6.1
    endloop
  endfacet
  facet normal 0 0 -1
    outer loop
      vertex 18.43500366568718 33.11450996101591 6.1
      vertex 30.31499633431282 33.11450996101591 6.1
      vertex 30.549869219067684 32.811713662532995 6.1
    endloop
  endfacet
  facet normal 0 0 -1
    outer loop
      vertex 18.650400345562293 33.43145655062813 6.1
      vertex 30.09959965443771 33.43145655062813 6.1
      vertex 30.31499633431282 33.11450996101591 6.1
    endloop
  endfacet
  facet normal 0 0 -1
    outer loop
      vertex 18.845470748267566 33.761302587979536 6.1
      vertex 29.904529251732434 33.761302587979536 6.1
      vertex 30.09959965443771 33.43145655062813 6.1
    endloop
  endfacet
  facet normal 0 0 -1
    outer loop
      vertex 18.43500366568718 40.285490038984086 6.1
      vertex 30.31499633431282 40.285490038984086 6.1
      vertex 30.09959965443771 39.968543449371886 6.1
    endloop
  endfacet
  facet normal 0 0 -1
    outer loop
      vertex 18.200130780932312 40.58828633746701 6.1
      vertex 30.549869219067684 40.58828633746701 6.1
      vertex 30.31499633431282 40.285490038984086 6.1
    endloop
  endfacet
  facet normal 0 0 -1
    outer loop
      vertex 17.94670862727061 40.875737346165 6.1
      vertex 30.80329137272939 40.875737346165 6.1
      vertex 30.549869219067684 40.58828633746701 6.1
    endloop
  endfacet
  facet normal 0 0 -1
    outer loop
      vertex 17.675737346165 41.14670862727061 6.1
      vertex 31.074262653835 41.14670862727061 6.1
      vertex 30.80329137272939 40.875737346165 6.1
    endloop
  endfacet
  facet normal 0 0 -1
    outer loop
      vertex 17.388286337467008 41.400130780932315 6.1
      vertex 31.361713662532992 41.400130780932315 6.1
      vertex 31.074262653835 41.14670862727061 6.1
    endloop
  endfacet
  facet normal 0 0 -1
    outer loop
      vertex 17.085490038984084 41.63500366568718 6.1
      vertex 31.664509961015913 41.63500366568718 6.1
      vertex 31.361713662532992 41.400130780932315 6.1
    endloop
  endfacet
  facet normal 0 0 -1
    outer loop
      vertex 16.76854344937188 41.85040034556229 6.1
      vertex 31.98145655062812 41.85040034556229 6.1
      vertex 31.664509961015913 41.63500366568718 6.1
    endloop
  endfacet
  facet normal 0 0 -1
    outer loop
      vertex 16.768543449371876 51.949599654437705 6.1
      vertex 31.98145655062812 51.949599654437705 6.1
      vertex 31.98145655062812 41.85040034556229 6.1
    endloop
  endfacet
  facet normal 0 0 -1
    outer loop
      vertex 17.94670862727061 52.924262653834994 6.1
      vertex 30.80329137272939 52.924262653834994 6.1
      vertex 31.074262653835 52.653291372729385 6.1
    endloop
  endfacet
  facet normal 0 0 -1
    outer loop
      vertex 17.675737346165 52.653291372729385 6.1
      vertex 31.074262653835 52.653291372729385 6.1
      vertex 31.361713662532992 52.39986921906768 6.1
    endloop
  endfacet
  facet normal 0 0 -1
    outer loop
      vertex 18.200130780932312 53.211713662532986 6.1
      vertex 30.549869219067684 53.211713662532986 6.1
      vertex 30.80329137272939 52.924262653834994 6.1
    endloop
  endfacet
  facet normal 0 0 -1
    outer loop
      vertex 18.650400345562293 53.83145655062812 6.1
      vertex 30.09959965443771 53.83145655062811 6.1
      vertex 30.31499633431282 53.51450996101591 6.1
    endloop
  endfacet
  facet normal 0 0 -1
    outer loop
      vertex 18.43500366568718 53.51450996101591 6.1
      vertex 30.31499633431282 53.51450996101591 6.1
      vertex 30.549869219067684 53.211713662532986 6.1
    endloop
  endfacet
  facet normal 0 0 -1
    outer loop
      vertex 17.085490038984084 52.16499633431282 6.1
      vertex 31.664509961015913 52.16499633431282 6.1
      vertex 31.98145655062812 51.949599654437705 6.1
    endloop
  endfacet
  facet normal 0 0 -1
    outer loop
      vertex 17.388286337467008 52.39986921906768 6.1
      vertex 31.361713662532992 52.39986921906768 6.1
      vertex 31.664509961015913 52.16499633431282 6.1
    endloop
  endfacet
  facet normal 0 0 -1
    outer loop
      vertex 18.845470748267566 54.16130258797953 6.1
      vertex 29.904529251732434 54.16130258797953 6.1
      vertex 30.09959965443771 53.83145655062811 6.1
    endloop
  endfacet
  facet normal 0 0 -1
    outer loop
      vertex 31.98145655062812 41.85040034556229 6.1
      vertex 32.31130258797954 51.75452925173243 6.1
      vertex 32.31130258797954 42.04547074826757 6.1
    endloop
  endfacet
  facet normal 0 0 -1
    outer loop
      vertex 32.31130258797954 42.04547074826757 6.1
      vertex 32.65274632145306 51.58055497995728 6.1
      vertex 32.65274632145306 42.21944502004272 6.1
    endloop
  endfacet
  facet normal 0 0 -1
    outer loop
      vertex 32.65274632145306 42.21944502004272 6.1
      vertex 32.65274632145306 51.58055497995728 6.1
      vertex 33.004440228623466 51.42836343608166 6.1
    endloop
  endfacet
  facet normal 0 0 -1
    outer loop
      vertex 31.98145655062812 41.85040034556229 6.1
      vertex 31.98145655062812 51.949599654437705 6.1
      vertex 32.31130258797954 51.75452925173243 6.1
    endloop
  endfacet
  facet normal 0 0 -1
    outer loop
      vertex 32.31130258797954 42.04547074826757 6.1
      vertex 32.31130258797954 51.75452925173243 6.1
      vertex 32.65274632145306 51.58055497995728 6.1
    endloop
  endfacet
  facet normal 0 0 -1
    outer loop
      vertex 32.65274632145306 42.21944502004272 6.1
      vertex 33.004440228623466 51.42836343608166 6.1
      vertex 33.004440228623466 42.37163656391834 6.1
    endloop
  endfacet
  facet normal 0 0 -1
    outer loop
      vertex 33.004440228623466 42.37163656391834 6.1
      vertex 33.36499633431282 51.298555250599556 6.1
      vertex 33.36499633431282 42.50144474940044 6.1
    endloop
  endfacet
  facet normal 0 0 -1
    outer loop
      vertex 33.36499633431282 42.50144474940044 6.1
      vertex 33.73299168829438 51.19164271711534 6.1
      vertex 33.73299168829438 42.608357282884654 6.1
    endloop
  endfacet
  facet normal 0 0 -1
    outer loop
      vertex 33.73299168829438 42.608357282884654 6.1
      vertex 34.10697398102708 51.108047770555 6.1
      vertex 34.10697398102708 42.69195222944501 6.1
    endloop
  endfacet
  facet normal 0 0 -1
    outer loop
      vertex 34.10697398102708 42.69195222944501 6.1
      vertex 34.48546727525775 51.04810032198168 6.1
      vertex 34.48546727525775 42.75189967801832 6.1
    endloop
  endfacet
  facet normal 0 0 -1
    outer loop
      vertex 34.48546727525775 42.75189967801832 6.1
      vertex 34.866977830871186 51.01203695658754 6.1
      vertex 34.866977830871186 42.78796304341246 6.1
    endloop
  endfacet
  facet normal 0 0 -1
    outer loop
      vertex 33.004440228623466 42.37163656391834 6.1
      vertex 33.004440228623466 51.42836343608166 6.1
      vertex 33.36499633431282 51.298555250599556 6.1
    endloop
  endfacet
  facet normal 0 0 -1
    outer loop
      vertex 33.36499633431282 42.50144474940044 6.1
      vertex 33.36499633431282 51.298555250599556 6.1
      vertex 33.73299168829438 51.19164271711534 6.1
    endloop
  endfacet
  facet normal 0 0 -1
    outer loop
      vertex 33.73299168829438 42.608357282884654 6.1
      vertex 33.73299168829438 51.19164271711534 6.1
      vertex 34.10697398102708 51.108047770555 6.1
    endloop
  endfacet
  facet normal 0 0 -1
    outer loop
      vertex 34.10697398102708 42.69195222944501 6.1
      vertex 34.10697398102708 51.108047770555 6.1
      vertex 34.48546727525775 51.04810032198168 6.1
    endloop
  endfacet
  facet normal 0 0 -1
    outer loop
      vertex 34.48546727525775 42.75189967801832 6.1
      vertex 34.48546727525775 51.04810032198168 6.1
      vertex 34.866977830871186 51.01203695658754 6.1
    endloop
  endfacet
  facet normal 0 0 -1
    outer loop
      vertex 34.866977830871186 42.78796304341246 6.1
      vertex 34.866977830871186 51.01203695658754 6.1
      vertex 35.25 50.99999999999999 6.1
    endloop
  endfacet
  facet normal 1 0 0
    outer loop
      vertex 3.5 111.3 6.1
      vertex 3.5 3.5 0
      vertex 3.5 111.3 0
    endloop
  endfacet
  facet normal 0 0 -1
    outer loop
      vertex 3.5 3.5 6.1
      vertex 7.60657911002636 87.083 6.1
      vertex 7.60657911002636 82.083 6.1
    endloop
  endfacet
  facet normal 0 0 -1
    outer loop
      vertex 3.5 3.5 6.1
      vertex 3.5 111.3 6.1
      vertex 7.60657911002636 87.083 6.1
    endloop
  endfacet
  facet normal 0 0 -1
    outer loop
      vertex 7.412036956587544 57.48302216912881 6.1
      vertex 7.60657911002636 82.083 6.1
      vertex 7.448100321981685 57.86453272474225 6.1
    endloop
  endfacet
  facet normal 0 0 -1
    outer loop
      vertex 7.448100321981685 57.86453272474225 6.1
      vertex 7.60657911002636 82.083 6.1
      vertex 7.508047770555 58.24302601897291 6.1
    endloop
  endfacet
  facet normal 0 0 -1
    outer loop
      vertex 7.508047770555 58.24302601897291 6.1
      vertex 7.60657911002636 82.083 6.1
      vertex 7.59164271711535 58.61700831170561 6.1
    endloop
  endfacet
  facet normal 0 0 -1
    outer loop
      vertex 7.59164271711535 58.61700831170561 6.1
      vertex 7.60657911002636 82.083 6.1
      vertex 7.698555250599564 58.985003665687174 6.1
    endloop
  endfacet
  facet normal 0 0 -1
    outer loop
      vertex 7.698555250599564 58.985003665687174 6.1
      vertex 7.60657911002636 82.083 6.1
      vertex 7.828363436081666 59.34555977137653 6.1
    endloop
  endfacet
  facet normal 0 0 -1
    outer loop
      vertex 7.828363436081666 59.34555977137653 6.1
      vertex 7.60657911002636 82.083 6.1
      vertex 7.980554979957281 59.697253678546936 6.1
    endloop
  endfacet
  facet normal 0 0 -1
    outer loop
      vertex 7.980554979957281 59.697253678546936 6.1
      vertex 7.60657911002636 82.083 6.1
      vertex 8.154529251732434 60.03869741202046 6.1
    endloop
  endfacet
  facet normal 0 0 -1
    outer loop
      vertex 8.154529251732434 60.03869741202046 6.1
      vertex 7.60657911002636 82.083 6.1
      vertex 8.349599654437709 60.36854344937188 6.1
    endloop
  endfacet
  facet normal 0 0 -1
    outer loop
      vertex 8.349599654437709 60.36854344937188 6.1
      vertex 7.60657911002636 82.083 6.1
      vertex 8.56499633431282 60.68549003898408 6.1
    endloop
  endfacet
  facet normal 0 0 -1
    outer loop
      vertex 8.56499633431282 60.68549003898408 6.1
      vertex 7.60657911002636 82.083 6.1
      vertex 8.799869219067684 60.988286337467 6.1
    endloop
  endfacet
  facet normal 0 0 -1
    outer loop
      vertex 8.799869219067684 60.988286337467 6.1
      vertex 7.60657911002636 82.083 6.1
      vertex 9.05329137272939 61.275737346164995 6.1
    endloop
  endfacet
  facet normal 0 0 -1
    outer loop
      vertex 9.05329137272939 61.275737346164995 6.1
      vertex 7.60657911002636 82.083 6.1
      vertex 9.324262653835 61.546708627270604 6.1
    endloop
  endfacet
  facet normal 0 0 -1
    outer loop
      vertex 9.324262653835 61.546708627270604 6.1
      vertex 7.60657911002636 82.083 6.1
      vertex 9.611713662532994 61.80013078093231 6.1
    endloop
  endfacet
  facet normal 0 0 -1
    outer loop
      vertex 9.611713662532994 61.80013078093231 6.1
      vertex 7.60657911002636 82.083 6.1
      vertex 9.914509961015915 62.03500366568717 6.1
    endloop
  endfacet
  facet normal 0 0 -1
    outer loop
      vertex 9.914509961015915 62.03500366568717 6.1
      vertex 7.60657911002636 82.083 6.1
      vertex 10.23145655062812 62.250400345562284 6.1
    endloop
  endfacet
  facet normal 0 0 -1
    outer loop
      vertex 10.23145655062812 62.250400345562284 6.1
      vertex 13.019237883388996 72.708 6.1
      vertex 10.561302587979537 62.44547074826756 6.1
    endloop
  endfacet
  facet normal 0 0 -1
    outer loop
      vertex 10.561302587979537 62.44547074826756 6.1
      vertex 13.019237883388996 72.708 6.1
      vertex 10.902746321453057 62.61944502004271 6.1
    endloop
  endfacet
  facet normal 0 0 -1
    outer loop
      vertex 10.902746321453057 62.61944502004271 6.1
      vertex 13.019237883388996 72.708 6.1
      vertex 11.254440228623466 62.77163656391833 6.1
    endloop
  endfacet
  facet normal 0 0 -1
    outer loop
      vertex 11.254440228623466 62.77163656391833 6.1
      vertex 13.019237883388996 72.708 6.1
      vertex 11.61499633431282 62.90144474940043 6.1
    endloop
  endfacet
  facet normal 0 0 -1
    outer loop
      vertex 11.61499633431282 62.90144474940043 6.1
      vertex 13.019237883388996 72.708 6.1
      vertex 11.982991688294385 63.008357282884646 6.1
    endloop
  endfacet
  facet normal 0 0 -1
    outer loop
      vertex 11.982991688294385 63.008357282884646 6.1
      vertex 13.019237883388996 72.708 6.1
      vertex 12.35697398102708 63.091952229445 6.1
    endloop
  endfacet
  facet normal 0 0 -1
    outer loop
      vertex 12.35697398102708 63.091952229445 6.1
      vertex 13.019237883388996 72.708 6.1
      vertex 12.735467275257744 63.15189967801831 6.1
    endloop
  endfacet
  facet normal 0 0 -1
    outer loop
      vertex 12.735467275257744 63.15189967801831 6.1
      vertex 17.349364906549454 70.208 6.1
      vertex 13.116977830871189 63.18796304341245 6.1
    endloop
  endfacet
  facet normal 0 0 -1
    outer loop
      vertex 12.735467275257744 63.15189967801831 6.1
      vertex 13.019237883388996 72.708 6.1
      vertex 17.349364906549454 70.208 6.1
    endloop
  endfacet
  facet normal 0 0 -1
    outer loop
      vertex 13.116977830871189 63.18796304341245 6.1
      vertex 17.349364906549454 70.208 6.1
      vertex 21.67949192225933 72.708 6.1
    endloop
  endfacet
  facet normal 0 0 -1
    outer loop
      vertex 10.23145655062812 62.250400345562284 6.1
      vertex 7.60657911002636 82.083 6.1
      vertex 13.019237883388996 72.708 6.1
    endloop
  endfacet
  facet normal 0 0 -1
    outer loop
      vertex 7.60657911002636 82.083 6.1
      vertex 11.936706133186817 79.583 6.1
      vertex 13.019237883388996 72.708 6.1
    endloop
  endfacet
  facet normal 0 0 -1
    outer loop
      vertex 13.019237883388996 72.708 6.1
      vertex 11.936706133186817 79.583 6.1
      vertex 13.019237883388996 77.708 6.1
    endloop
  endfacet
  facet normal 0 0 -1
    outer loop
      vertex 13.019237883388996 77.708 6.1
      vertex 11.936706133186817 79.583 6.1
      vertex 16.266833148896694 82.083 6.1
    endloop
  endfacet
  facet normal 0 0 -1
    outer loop
      vertex 13.019237883388996 77.708 6.1
      vertex 16.266833148896694 82.083 6.1
      vertex 17.349364906549454 80.208 6.1
    endloop
  endfacet
  facet normal 0 0 -1
    outer loop
      vertex 16.266833148896694 82.083 6.1
      vertex 18.431896656751633 82.083 6.1
      vertex 17.349364906549454 80.208 6.1
    endloop
  endfacet
  facet normal 0 0 -1
    outer loop
      vertex 16.266833148896694 82.083 6.1
      vertex 16.266833148896694 87.083 6.1
      vertex 18.431896656751633 82.083 6.1
    endloop
  endfacet
  facet normal 0 0 -1
    outer loop
      vertex 16.266833148896694 87.083 6.1
      vertex 17.349364906549454 88.958 6.1
      vertex 18.431896656751633 82.083 6.1
    endloop
  endfacet
  facet normal 0 0 -1
    outer loop
      vertex 7.60657911002636 87.083 6.1
      vertex 3.5 111.3 6.1
      vertex 7.60657911002636 100.833 6.1
    endloop
  endfacet
  facet normal 0 0 -1
    outer loop
      vertex 3.5 111.3 6.1
      vertex 7.60657911002636 105.833 6.1
      vertex 7.60657911002636 100.833 6.1
    endloop
  endfacet
  facet normal 0 0 -1
    outer loop
      vertex 3.5 111.3 6.1
      vertex 11.936706133186817 108.333 6.1
      vertex 7.60657911002636 105.833 6.1
    endloop
  endfacet
  facet normal 0 0 -1
    outer loop
      vertex 7.60657911002636 87.083 6.1
      vertex 11.936706133186817 98.333 6.1
      vertex 11.936706133186817 89.583 6.1
    endloop
  endfacet
  facet normal 0 0 -1
    outer loop
      vertex 11.936706133186817 89.583 6.1
      vertex 11.936706133186817 98.333 6.1
      vertex 13.019237883388996 91.458 6.1
    endloop
  endfacet
  facet normal 0 0 -1
    outer loop
      vertex 7.60657911002636 87.083 6.1
      vertex 7.60657911002636 100.833 6.1
      vertex 11.936706133186817 98.333 6.1
    endloop
  endfacet
  facet normal 0 0 -1
    outer loop
      vertex 13.019237883388996 91.458 6.1
      vertex 11.936706133186817 98.333 6.1
      vertex 13.019237883388996 96.458 6.1
    endloop
  endfacet
  facet normal 0 0 -1
    outer loop
      vertex 11.936706133186817 89.583 6.1
      vertex 17.349364906549454 88.958 6.1
      vertex 16.266833148896694 87.083 6.1
    endloop
  endfacet
  facet normal 0 0 -1
    outer loop
      vertex 11.936706133186817 89.583 6.1
      vertex 13.019237883388996 91.458 6.1
      vertex 17.349364906549454 88.958 6.1
    endloop
  endfacet
  facet normal 0 0 -1
    outer loop
      vertex 11.936706133186817 98.333 6.1
      vertex 16.266833148896694 100.833 6.1
      vertex 13.019237883388996 96.458 6.1
    endloop
  endfacet
  facet normal 0 0 -1
    outer loop
      vertex 13.019237883388996 96.458 6.1
      vertex 16.266833148896694 100.833 6.1
      vertex 17.349364906549454 98.958 6.1
    endloop
  endfacet
  facet normal 0 0 -1
    outer loop
      vertex 3.5 111.3 6.1
      vertex 22.76202367991209 108.333 6.1
      vertex 11.936706133186817 108.333 6.1
    endloop
  endfacet
  facet normal 0 0 -1
    outer loop
      vertex 16.266833148896694 100.833 6.1
      vertex 16.266833148896694 105.833 6.1
      vertex 18.431896656751633 100.833 6.1
    endloop
  endfacet
  facet normal 0 0 -1
    outer loop
      vertex 11.936706133186817 108.333 6.1
      vertex 18.431896656751633 105.833 6.1
      vertex 16.266833148896694 105.833 6.1
    endloop
  endfacet
  facet normal 0 0 -1
    outer loop
      vertex 17.388286337467008 61.80013078093231 6.1
      vertex 28.174682453274727 70.208 6.1
      vertex 17.675737346165 61.546708627270604 6.1
    endloop
  endfacet
  facet normal 0 0 -1
    outer loop
      vertex 17.94670862727061 61.275737346164995 6.1
      vertex 17.675737346165 61.546708627270604 6.1
      vertex 28.174682453274727 70.208 6.1
    endloop
  endfacet
  facet normal 0 0 -1
    outer loop
      vertex 17.94670862727061 61.275737346164995 6.1
      vertex 28.174682453274727 70.208 6.1
      vertex 18.200130780932312 60.988286337467 6.1
    endloop
  endfacet
  facet normal 0 0 -1
    outer loop
      vertex 18.43500366568718 60.68549003898408 6.1
      vertex 18.200130780932312 60.988286337467 6.1
      vertex 28.174682453274727 70.208 6.1
    endloop
  endfacet
  facet normal 0 0 -1
    outer loop
      vertex 13.116977830871189 63.18796304341245 6.1
      vertex 28.174682453274727 70.208 6.1
      vertex 13.5 63.199999999999996 6.1
    endloop
  endfacet
  facet normal 0 0 -1
    outer loop
      vertex 13.5 63.199999999999996 6.1
      vertex 28.174682453274727 70.208 6.1
      vertex 13.883022169128811 63.18796304341245 6.1
    endloop
  endfacet
  facet normal 0 0 -1
    outer loop
      vertex 13.883022169128811 63.18796304341245 6.1
      vertex 28.174682453274727 70.208 6.1
      vertex 14.264532724742256 63.15189967801831 6.1
    endloop
  endfacet
  facet normal 0 0 -1
    outer loop
      vertex 14.264532724742256 63.15189967801831 6.1
      vertex 28.174682453274727 70.208 6.1
      vertex 14.64302601897292 63.091952229445 6.1
    endloop
  endfacet
  facet normal 0 0 -1
    outer loop
      vertex 14.64302601897292 63.091952229445 6.1
      vertex 28.174682453274727 70.208 6.1
      vertex 15.017008311705615 63.008357282884646 6.1
    endloop
  endfacet
  facet normal 0 0 -1
    outer loop
      vertex 15.017008311705615 63.008357282884646 6.1
      vertex 28.174682453274727 70.208 6.1
      vertex 15.38500366568718 62.90144474940043 6.1
    endloop
  endfacet
  facet normal 0 0 -1
    outer loop
      vertex 15.38500366568718 62.90144474940043 6.1
      vertex 28.174682453274727 70.208 6.1
      vertex 15.745559771376534 62.77163656391833 6.1
    endloop
  endfacet
  facet normal 0 0 -1
    outer loop
      vertex 15.745559771376534 62.77163656391833 6.1
      vertex 28.174682453274727 70.208 6.1
      vertex 16.09725367854694 62.61944502004271 6.1
    endloop
  endfacet
  facet normal 0 0 -1
    outer loop
      vertex 16.76854344937188 62.250400345562284 6.1
      vertex 16.438697412020463 62.44547074826756 6.1
      vertex 28.174682453274727 70.208 6.1
    endloop
  endfacet
  facet normal 0 0 -1
    outer loop
      vertex 16.09725367854694 62.61944502004271 6.1
      vertex 28.174682453274727 70.208 6.1
      vertex 16.438697412020463 62.44547074826756 6.1
    endloop
  endfacet
  facet normal 0 0 -1
    outer loop
      vertex 16.76854344937188 62.250400345562284 6.1
      vertex 28.174682453274727 70.208 6.1
      vertex 17.085490038984084 62.03500366568717 6.1
    endloop
  endfacet
  facet normal 0 0 -1
    outer loop
      vertex 17.085490038984084 62.03500366568717 6.1
      vertex 28.174682453274727 70.208 6.1
      vertex 17.388286337467008 61.80013078093231 6.1
    endloop
  endfacet
  facet normal 0 0 -1
    outer loop
      vertex 13.116977830871189 63.18796304341245 6.1
      vertex 21.67949192225933 72.708 6.1
      vertex 28.174682453274727 70.208 6.1
    endloop
  endfacet
  facet normal 0 0 -1
    outer loop
      vertex 19.587963043412458 57.48302216912881 6.1
      vertex 19.551899678018316 57.86453272474225 6.1
      vertex 29.162036956587542 57.48302216912881 6.1
    endloop
  endfacet
  facet normal 0 0 -1
    outer loop
      vertex 19.551899678018316 57.86453272474225 6.1
      vertex 19.491952229445 58.24302601897291 6.1
      vertex 29.198100321981684 57.86453272474225 6.1
    endloop
  endfacet
  facet normal 0 0 -1
    outer loop
      vertex 19.40835728288465 58.61700831170561 6.1
      vertex 19.301444749400435 58.985003665687174 6.1
      vertex 29.34164271711535 58.61700831170561 6.1
    endloop
  endfacet
  facet normal 0 0 -1
    outer loop
      vertex 19.301444749400435 58.985003665687174 6.1
      vertex 19.171636563918334 59.34555977137653 6.1
      vertex 29.448555250599565 58.985003665687174 6.1
    endloop
  endfacet
  facet normal 0 0 -1
    outer loop
      vertex 19.40835728288465 58.61700831170561 6.1
      vertex 29.258047770555 58.24302601897291 6.1
      vertex 19.491952229445 58.24302601897291 6.1
    endloop
  endfacet
  facet normal 0 0 -1
    outer loop
      vertex 18.650400345562293 60.36854344937187 6.1
      vertex 18.43500366568718 60.68549003898408 6.1
      vertex 30.09959965443771 60.36854344937188 6.1
    endloop
  endfacet
  facet normal 0 0 -1
    outer loop
      vertex 19.171636563918334 59.34555977137653 6.1
      vertex 19.019445020042717 59.697253678546936 6.1
      vertex 29.578363436081666 59.34555977137653 6.1
    endloop
  endfacet
  facet normal 0 0 -1
    outer loop
      vertex 19.019445020042717 59.697253678546936 6.1
      vertex 18.845470748267566 60.038697412020454 6.1
      vertex 29.730554979957283 59.697253678546936 6.1
    endloop
  endfacet
  facet normal 0 0 -1
    outer loop
      vertex 18.650400345562293 60.36854344937187 6.1
      vertex 29.904529251732434 60.03869741202046 6.1
      vertex 18.845470748267566 60.038697412020454 6.1
    endloop
  endfacet
  facet normal 0 0 -1
    outer loop
      vertex 19.551899678018316 57.86453272474225 6.1
      vertex 29.198100321981684 57.86453272474225 6.1
      vertex 29.162036956587542 57.48302216912881 6.1
    endloop
  endfacet
  facet normal 0 0 -1
    outer loop
      vertex 19.491952229445 58.24302601897291 6.1
      vertex 29.258047770555 58.24302601897291 6.1
      vertex 29.198100321981684 57.86453272474225 6.1
    endloop
  endfacet
  facet normal 0 0 -1
    outer loop
      vertex 19.40835728288465 58.61700831170561 6.1
      vertex 29.34164271711535 58.61700831170561 6.1
      vertex 29.258047770555 58.24302601897291 6.1
    endloop
  endfacet
  facet normal 0 0 -1
    outer loop
      vertex 19.301444749400435 58.985003665687174 6.1
      vertex 29.448555250599565 58.985003665687174 6.1
      vertex 29.34164271711535 58.61700831170561 6.1
    endloop
  endfacet
  facet normal 0 0 -1
    outer loop
      vertex 19.171636563918334 59.34555977137653 6.1
      vertex 29.578363436081666 59.34555977137653 6.1
      vertex 29.448555250599565 58.985003665687174 6.1
    endloop
  endfacet
  facet normal 0 0 -1
    outer loop
      vertex 19.019445020042717 59.697253678546936 6.1
      vertex 29.730554979957283 59.697253678546936 6.1
      vertex 29.578363436081666 59.34555977137653 6.1
    endloop
  endfacet
  facet normal 0 0 -1
    outer loop
      vertex 18.845470748267566 60.038697412020454 6.1
      vertex 29.904529251732434 60.03869741202046 6.1
      vertex 29.730554979957283 59.697253678546936 6.1
    endloop
  endfacet
  facet normal 0 0 -1
    outer loop
      vertex 18.650400345562293 60.36854344937187 6.1
      vertex 30.09959965443771 60.36854344937188 6.1
      vertex 29.904529251732434 60.03869741202046 6.1
    endloop
  endfacet
  facet normal 0 0 -1
    outer loop
      vertex 18.43500366568718 60.68549003898408 6.1
      vertex 28.174682453274727 70.208 6.1
      vertex 30.31499633431282 60.68549003898408 6.1
    endloop
  endfacet
  facet normal 0 0 -1
    outer loop
      vertex 17.349364906549454 80.208 6.1
      vertex 18.431896656751633 82.083 6.1
      vertex 22.76202367991209 79.583 6.1
    endloop
  endfacet
  facet normal 0 0 -1
    outer loop
      vertex 18.431896656751633 82.083 6.1
      vertex 17.349364906549454 88.958 6.1
      vertex 18.431896656751633 87.083 6.1
    endloop
  endfacet
  facet normal 0 0 -1
    outer loop
      vertex 17.349364906549454 80.208 6.1
      vertex 22.76202367991209 79.583 6.1
      vertex 21.67949192225933 77.708 6.1
    endloop
  endfacet
  facet normal 0 0 -1
    outer loop
      vertex 21.67949192225933 72.708 6.1
      vertex 21.67949192225933 77.708 6.1
      vertex 23.84455543011427 72.708 6.1
    endloop
  endfacet
  facet normal 0 0 -1
    outer loop
      vertex 21.67949192225933 77.708 6.1
      vertex 22.76202367991209 79.583 6.1
      vertex 23.84455543011427 72.708 6.1
    endloop
  endfacet
  facet normal 0 0 -1
    outer loop
      vertex 23.84455543011427 72.708 6.1
      vertex 22.76202367991209 79.583 6.1
      vertex 23.84455543011427 77.708 6.1
    endloop
  endfacet
  facet normal 0 0 -1
    outer loop
      vertex 21.67949192225933 72.708 6.1
      vertex 23.84455543011427 72.708 6.1
      vertex 28.174682453274727 70.208 6.1
    endloop
  endfacet
  facet normal 0 0 -1
    outer loop
      vertex 23.84455543011427 77.708 6.1
      vertex 22.76202367991209 79.583 6.1
      vertex 27.092150695621967 82.083 6.1
    endloop
  endfacet
  facet normal 0 0 -1
    outer loop
      vertex 18.43500366568718 60.68549003898408 6.1
      vertex 30.31499633431282 60.68549003898408 6.1
      vertex 30.09959965443771 60.36854344937188 6.1
    endloop
  endfacet
  facet normal 0 0 -1
    outer loop
      vertex 30.31499633431282 60.68549003898408 6.1
      vertex 28.174682453274727 70.208 6.1
      vertex 30.549869219067684 60.988286337467 6.1
    endloop
  endfacet
  facet normal 0 0 -1
    outer loop
      vertex 30.549869219067684 60.988286337467 6.1
      vertex 28.174682453274727 70.208 6.1
      vertex 30.80329137272939 61.275737346164995 6.1
    endloop
  endfacet
  facet normal 0 0 -1
    outer loop
      vertex 28.174682453274727 70.208 6.1
      vertex 31.074262653835 61.546708627270604 6.1
      vertex 30.80329137272939 61.275737346164995 6.1
    endloop
  endfacet
  facet normal 0 0 -1
    outer loop
      vertex 28.174682453274727 70.208 6.1
      vertex 31.361713662532992 61.80013078093231 6.1
      vertex 31.074262653835 61.546708627270604 6.1
    endloop
  endfacet
  facet normal 0 0 -1
    outer loop
      vertex 28.174682453274727 70.208 6.1
      vertex 31.664509961015913 62.03500366568717 6.1
      vertex 31.361713662532992 61.80013078093231 6.1
    endloop
  endfacet
  facet normal 0 0 -1
    outer loop
      vertex 28.174682453274727 70.208 6.1
      vertex 31.98145655062812 62.250400345562284 6.1
      vertex 31.664509961015913 62.03500366568717 6.1
    endloop
  endfacet
  facet normal 0 0 -1
    outer loop
      vertex 28.174682453274727 70.208 6.1
      vertex 32.31130258797954 62.44547074826756 6.1
      vertex 31.98145655062812 62.250400345562284 6.1
    endloop
  endfacet
  facet normal 0 0 -1
    outer loop
      vertex 32.31130258797954 62.44547074826756 6.1
      vertex 32.504809468984604 72.708 6.1
      vertex 32.65274632145306 62.61944502004271 6.1
    endloop
  endfacet
  facet normal 0 0 -1
    outer loop
      vertex 32.65274632145306 62.61944502004271 6.1
      vertex 32.504809468984604 72.708 6.1
      vertex 33.004440228623466 62.77163656391833 6.1
    endloop
  endfacet
  facet normal 0 0 -1
    outer loop
      vertex 28.174682453274727 70.208 6.1
      vertex 32.504809468984604 72.708 6.1
      vertex 32.31130258797954 62.44547074826756 6.1
    endloop
  endfacet
  facet normal 0 0 -1
    outer loop
      vertex 33.004440228623466 62.77163656391833 6.1
      vertex 32.504809468984604 72.708 6.1
      vertex 33.36499633431282 62.90144474940043 6.1
    endloop
  endfacet
  facet normal 0 0 -1
    outer loop
      vertex 33.36499633431282 62.90144474940043 6.1
      vertex 32.504809468984604 72.708 6.1
      vertex 33.73299168829438 63.008357282884646 6.1
    endloop
  endfacet
  facet normal 0 0 -1
    outer loop
      vertex 33.73299168829438 63.008357282884646 6.1
      vertex 32.504809468984604 72.708 6.1
      vertex 34.10697398102708 63.091952229445 6.1
    endloop
  endfacet
  facet normal 0 0 -1
    outer loop
      vertex 34.10697398102708 63.091952229445 6.1
      vertex 32.504809468984604 72.708 6.1
      vertex 34.48546727525775 63.15189967801831 6.1
    endloop
  endfacet
  facet normal 0 0 -1
    outer loop
      vertex 34.48546727525775 63.15189967801831 6.1
      vertex 32.504809468984604 72.708 6.1
      vertex 34.866977830871186 63.18796304341245 6.1
    endloop
  endfacet
  facet normal 0 0 -1
    outer loop
      vertex 34.866977830871186 63.18796304341245 6.1
      vertex 32.504809468984604 72.708 6.1
      vertex 35.25 63.199999999999996 6.1
    endloop
  endfacet
  facet normal 0 0 -1
    outer loop
      vertex 35.25 63.199999999999996 6.1
      vertex 32.504809468984604 72.708 6.1
      vertex 35.633022169128814 63.18796304341245 6.1
    endloop
  endfacet
  facet normal 0 0 -1
    outer loop
      vertex 32.504809468984604 72.708 6.1
      vertex 36.01453272474225 63.15189967801831 6.1
      vertex 35.633022169128814 63.18796304341245 6.1
    endloop
  endfacet
  facet normal 0 0 -1
    outer loop
      vertex 32.504809468984604 72.708 6.1
      vertex 36.39302601897292 63.091952229445 6.1
      vertex 36.01453272474225 63.15189967801831 6.1
    endloop
  endfacet
  facet normal 0 0 -1
    outer loop
      vertex 32.504809468984604 72.708 6.1
      vertex 32.504809468984604 77.708 6.1
      vertex 38.518543449371876 62.250400345562284 6.1
    endloop
  endfacet
  facet normal 0 0 -1
    outer loop
      vertex 23.84455543011427 77.708 6.1
      vertex 27.092150695621967 82.083 6.1
      vertex 28.174682453274727 80.208 6.1
    endloop
  endfacet
  facet normal 0 0 -1
    outer loop
      vertex 27.092150695621967 82.083 6.1
      vertex 27.092150695621967 87.083 6.1
      vertex 29.257214210927486 87.083 6.1
    endloop
  endfacet
  facet normal 0 0 -1
    outer loop
      vertex 27.092150695621967 82.083 6.1
      vertex 32.504809468984604 77.708 6.1
      vertex 28.174682453274727 80.208 6.1
    endloop
  endfacet
  facet normal 0 0 -1
    outer loop
      vertex 27.092150695621967 82.083 6.1
      vertex 29.257214210927486 82.083 6.1
      vertex 32.504809468984604 77.708 6.1
    endloop
  endfacet
  facet normal 0 0 -1
    outer loop
      vertex 27.092150695621967 82.083 6.1
      vertex 29.257214210927486 87.083 6.1
      vertex 29.257214210927486 82.083 6.1
    endloop
  endfacet
  facet normal 0 0 -1
    outer loop
      vertex 32.504809468984604 77.708 6.1
      vertex 34.66987298429012 77.708 6.1
      vertex 34.66987298429012 72.708 6.1
    endloop
  endfacet
  facet normal 0 0 -1
    outer loop
      vertex 29.257214210927486 82.083 6.1
      vertex 34.66987298429012 77.708 6.1
      vertex 32.504809468984604 77.708 6.1
    endloop
  endfacet
  facet normal 0 0 -1
    outer loop
      vertex 29.257214210927486 82.083 6.1
      vertex 33.58734122663736 79.583 6.1
      vertex 34.66987298429012 77.708 6.1
    endloop
  endfacet
  facet normal 0 -1 0
    outer loop
      vertex 3.5 111.3 6.1
      vertex 3.5 111.3 0
      vertex 66.5 111.3 6.1
    endloop
  endfacet
  facet normal 0 0 -1
    outer loop
      vertex 18.431896656751633 87.083 6.1
      vertex 17.349364906549454 88.958 6.1
      vertex 21.67949192225933 91.458 6.1
    endloop
  endfacet
  facet normal 0 0 -1
    outer loop
      vertex 18.431896656751633 87.083 6.1
      vertex 21.67949192225933 91.458 6.1
      vertex 22.76202367991209 89.583 6.1
    endloop
  endfacet
  facet normal 0 0 -1
    outer loop
      vertex 16.266833148896694 100.833 6.1
      vertex 21.67949192225933 96.458 6.1
      vertex 17.349364906549454 98.958 6.1
    endloop
  endfacet
  facet normal 0 0 -1
    outer loop
      vertex 16.266833148896694 100.833 6.1
      vertex 18.431896656751633 100.833 6.1
      vertex 21.67949192225933 96.458 6.1
    endloop
  endfacet
  facet normal 0 0 -1
    outer loop
      vertex 18.431896656751633 100.833 6.1
      vertex 23.84455543011427 96.458 6.1
      vertex 21.67949192225933 96.458 6.1
    endloop
  endfacet
  facet normal 0 0 -1
    outer loop
      vertex 18.431896656751633 100.833 6.1
      vertex 22.76202367991209 98.333 6.1
      vertex 23.84455543011427 96.458 6.1
    endloop
  endfacet
  facet normal 0 0 -1
    outer loop
      vertex 27.092150695621967 87.083 6.1
      vertex 22.76202367991209 89.583 6.1
      vertex 21.67949192225933 91.458 6.1
    endloop
  endfacet
  facet normal 0 0 -1
    outer loop
      vertex 21.67949192225933 91.458 6.1
      vertex 23.84455543011427 96.458 6.1
      vertex 23.84455543011427 91.458 6.1
    endloop
  endfacet
  facet normal 0 0 -1
    outer loop
      vertex 27.092150695621967 87.083 6.1
      vertex 21.67949192225933 91.458 6.1
      vertex 23.84455543011427 91.458 6.1
    endloop
  endfacet
  facet normal 0 0 -1
    outer loop
      vertex 21.67949192225933 91.458 6.1
      vertex 21.67949192225933 96.458 6.1
      vertex 23.84455543011427 96.458 6.1
    endloop
  endfacet
  facet normal 0 0 -1
    outer loop
      vertex 22.76202367991209 98.333 6.1
      vertex 27.092150695621967 100.833 6.1
      vertex 23.84455543011427 96.458 6.1
    endloop
  endfacet
  facet normal 0 0 -1
    outer loop
      vertex 18.431896656751633 100.833 6.1
      vertex 16.266833148896694 105.833 6.1
      vertex 18.431896656751633 105.833 6.1
    endloop
  endfacet
  facet normal 0 0 -1
    outer loop
      vertex 11.936706133186817 108.333 6.1
      vertex 22.76202367991209 108.333 6.1
      vertex 18.431896656751633 105.833 6.1
    endloop
  endfacet
  facet normal 0 0 -1
    outer loop
      vertex 3.5 111.3 6.1
      vertex 33.58734122663736 108.333 6.1
      vertex 22.76202367991209 108.333 6.1
    endloop
  endfacet
  facet normal 0 0 -1
    outer loop
      vertex 27.092150695621967 87.083 6.1
      vertex 23.84455543011427 91.458 6.1
      vertex 29.257214210927486 87.083 6.1
    endloop
  endfacet
  facet normal 0 0 -1
    outer loop
      vertex 29.257214210927486 87.083 6.1
      vertex 23.84455543011427 91.458 6.1
      vertex 28.174682453274727 88.958 6.1
    endloop
  endfacet
  facet normal 0 0 -1
    outer loop
      vertex 29.257214210927486 87.083 6.1
      vertex 28.174682453274727 88.958 6.1
      vertex 32.504809468984604 91.458 6.1
    endloop
  endfacet
  facet normal 0 0 -1
    outer loop
      vertex 23.84455543011427 96.458 6.1
      vertex 27.092150695621967 100.833 6.1
      vertex 28.174682453274727 98.958 6.1
    endloop
  endfacet
  facet normal 0 0 -1
    outer loop
      vertex 27.092150695621967 100.833 6.1
      vertex 29.257214210927486 100.833 6.1
      vertex 28.174682453274727 98.958 6.1
    endloop
  endfacet
  facet normal 0 0 -1
    outer loop
      vertex 28.174682453274727 98.958 6.1
      vertex 29.257214210927486 100.833 6.1
      vertex 33.58734122663736 98.333 6.1
    endloop
  endfacet
  facet normal 0 0 -1
    outer loop
      vertex 29.257214210927486 87.083 6.1
      vertex 32.504809468984604 91.458 6.1
      vertex 33.58734122663736 89.583 6.1
    endloop
  endfacet
  facet normal 0 0 -1
    outer loop
      vertex 32.504809468984604 91.458 6.1
      vertex 34.66987298429012 91.458 6.1
      vertex 33.58734122663736 89.583 6.1
    endloop
  endfacet
  facet normal 0 0 -1
    outer loop
      vertex 32.504809468984604 91.458 6.1
      vertex 32.504809468984604 96.458 6.1
      vertex 34.66987298429012 91.458 6.1
    endloop
  endfacet
  facet normal 0 0 -1
    outer loop
      vertex 28.174682453274727 98.958 6.1
      vertex 33.58734122663736 98.333 6.1
      vertex 32.504809468984604 96.458 6.1
    endloop
  endfacet
  facet normal 0 0 -1
    outer loop
      vertex 34.66987298429012 91.458 6.1
      vertex 32.504809468984604 96.458 6.1
      vertex 34.66987298429012 96.458 6.1
    endloop
  endfacet
  facet normal 0 0 -1
    outer loop
      vertex 32.504809468984604 96.458 6.1
      vertex 33.58734122663736 98.333 6.1
      vertex 34.66987298429012 96.458 6.1
    endloop
  endfacet
  facet normal 0 0 -1
    outer loop
      vertex 27.092150695621967 100.833 6.1
      vertex 27.092150695621967 105.833 6.1
      vertex 29.257214210927486 100.833 6.1
    endloop
  endfacet
  facet normal 0 0 -1
    outer loop
      vertex 22.76202367991209 108.333 6.1
      vertex 29.257214210927486 105.833 6.1
      vertex 27.092150695621967 105.833 6.1
    endloop
  endfacet
  facet normal 0 0 -1
    outer loop
      vertex 29.257214210927486 100.833 6.1
      vertex 27.092150695621967 105.833 6.1
      vertex 29.257214210927486 105.833 6.1
    endloop
  endfacet
  facet normal 0 0 -1
    outer loop
      vertex 22.76202367991209 108.333 6.1
      vertex 33.58734122663736 108.333 6.1
      vertex 29.257214210927486 105.833 6.1
    endloop
  endfacet
  facet normal 0 0 -1
    outer loop
      vertex 3.5 111.3 6.1
      vertex 66.5 111.3 6.1
      vertex 33.58734122663736 108.333 6.1
    endloop
  endfacet
  facet normal -1 0 0
    outer loop
      vertex 66.5 3.5 6.1
      vertex 66.5 77.8 4.6
      vertex 66.5 3.5 0
    endloop
  endfacet
  facet normal -1 0 0
    outer loop
      vertex 66.5 72.8 3.0999999999999996
      vertex 66.5 72.8 0
      vertex 66.5 3.5 0
    endloop
  endfacet
  facet normal -1 0 0
    outer loop
      vertex 66.5 72.8 3.0999999999999996
      vertex 66.5 3.5 0
      vertex 66.5 77.8 4.6
    endloop
  endfacet
  facet normal 0 1 0
    outer loop
      vertex 3.5 3.5 6.1
      vertex 66.5 3.5 6.1
      vertex 66.5 3.5 0
    endloop
  endfacet
  facet normal 0 0 -1
    outer loop
      vertex 3.5 3.5 6.1
      vertex 36.39302601897292 10.308047770555 6.1
      vertex 66.5 3.5 6.1
    endloop
  endfacet
  facet normal 0 0 -1
    outer loop
      vertex 36.76700831170561 10.391642717115351 6.1
      vertex 37.13500366568718 10.498555250599566 6.1
      vertex 55.48299168829438 10.391642717115351 6.1
    endloop
  endfacet
  facet normal 0 0 -1
    outer loop
      vertex 37.13500366568718 10.498555250599566 6.1
      vertex 37.495559771376534 10.628363436081669 6.1
      vertex 55.11499633431282 10.498555250599566 6.1
    endloop
  endfacet
  facet normal 0 0 -1
    outer loop
      vertex 37.495559771376534 10.628363436081669 6.1
      vertex 37.84725367854694 10.780554979957282 6.1
      vertex 54.754440228623466 10.628363436081667 6.1
    endloop
  endfacet
  facet normal 0 0 -1
    outer loop
      vertex 37.84725367854694 10.780554979957282 6.1
      vertex 38.18869741202047 10.954529251732435 6.1
      vertex 54.40274632145306 10.780554979957282 6.1
    endloop
  endfacet
  facet normal 0 0 -1
    outer loop
      vertex 38.18869741202047 10.954529251732435 6.1
      vertex 38.518543449371876 11.149599654437708 6.1
      vertex 54.06130258797953 10.954529251732435 6.1
    endloop
  endfacet
  facet normal 0 0 -1
    outer loop
      vertex 38.518543449371876 11.149599654437708 6.1
      vertex 38.835490038984084 11.36499633431282 6.1
      vertex 53.73145655062812 11.14959965443771 6.1
    endloop
  endfacet
  facet normal 0 0 -1
    outer loop
      vertex 36.39302601897292 22.291952229445002 6.1
      vertex 36.39302601897292 30.708047770555 6.1
      vertex 36.76700831170562 22.20835728288465 6.1
    endloop
  endfacet
  facet normal 0 0 -1
    outer loop
      vertex 36.76700831170562 22.20835728288465 6.1
      vertex 36.39302601897292 30.708047770555 6.1
      vertex 37.13500366568718 22.101444749400436 6.1
    endloop
  endfacet
  facet normal 0 0 -1
    outer loop
      vertex 37.13500366568718 22.101444749400436 6.1
      vertex 36.39302601897292 30.708047770555 6.1
      vertex 37.495559771376534 21.971636563918334 6.1
    endloop
  endfacet
  facet normal 0 0 -1
    outer loop
      vertex 34.866977830871186 22.387963043412455 6.1
      vertex 35.25 30.6 6.1
      vertex 35.25 22.4 6.1
    endloop
  endfacet
  facet normal 0 0 -1
    outer loop
      vertex 35.25 22.4 6.1
      vertex 35.633022169128814 30.612036956587545 6.1
      vertex 35.633022169128814 22.387963043412455 6.1
    endloop
  endfacet
  facet normal 0 0 -1
    outer loop
      vertex 35.633022169128814 22.387963043412455 6.1
      vertex 36.01453272474225 30.648100321981687 6.1
      vertex 36.01453272474225 22.351899678018317 6.1
    endloop
  endfacet
  facet normal 0 0 -1
    outer loop
      vertex 35.25 22.4 6.1
      vertex 35.25 30.6 6.1
      vertex 35.633022169128814 30.612036956587545 6.1
    endloop
  endfacet
  facet normal 0 0 -1
    outer loop
      vertex 35.633022169128814 22.387963043412455 6.1
      vertex 35.633022169128814 30.612036956587545 6.1
      vertex 36.01453272474225 30.648100321981687 6.1
    endloop
  endfacet
  facet normal 0 0 -1
    outer loop
      vertex 36.01453272474225 22.351899678018317 6.1
      vertex 36.39302601897292 30.708047770555 6.1
      vertex 36.39302601897292 22.291952229445002 6.1
    endloop
  endfacet
  facet normal 0 0 -1
    outer loop
      vertex 36.01453272474225 22.351899678018317 6.1
      vertex 36.01453272474225 30.648100321981687 6.1
      vertex 36.39302601897292 30.708047770555 6.1
    endloop
  endfacet
  facet normal 0 0 -1
    outer loop
      vertex 37.495559771376534 21.971636563918334 6.1
      vertex 36.39302601897292 30.708047770555 6.1
      vertex 37.84725367854694 21.81944502004272 6.1
    endloop
  endfacet
  facet normal 0 0 -1
    outer loop
      vertex 38.18869741202046 21.64547074826757 6.1
      vertex 36.39302601897292 30.708047770555 6.1
      vertex 38.518543449371876 21.450400345562294 6.1
    endloop
  endfacet
  facet normal 0 0 -1
    outer loop
      vertex 37.84725367854694 21.81944502004272 6.1
      vertex 36.39302601897292 30.708047770555 6.1
      vertex 38.18869741202046 21.64547074826757 6.1
    endloop
  endfacet
  facet normal 0 0 -1
    outer loop
      vertex 38.518543449371876 21.450400345562294 6.1
      vertex 36.39302601897292 30.708047770555 6.1
      vertex 38.835490038984084 21.23500366568718 6.1
    endloop
  endfacet
  facet normal 0 0 -1
    outer loop
      vertex 38.835490038984084 21.23500366568718 6.1
      vertex 36.39302601897292 30.708047770555 6.1
      vertex 39.13828633746701 21.000130780932313 6.1
    endloop
  endfacet
  facet normal 0 0 -1
    outer loop
      vertex 39.13828633746701 21.000130780932313 6.1
      vertex 36.39302601897292 30.708047770555 6.1
      vertex 39.425737346165 20.74670862727061 6.1
    endloop
  endfacet
  facet normal 0 0 -1
    outer loop
      vertex 39.69670862727061 20.475737346165 6.1
      vertex 39.425737346165 20.74670862727061 6.1
      vertex 36.39302601897292 30.708047770555 6.1
    endloop
  endfacet
  facet normal 0 0 -1
    outer loop
      vertex 39.69670862727061 20.475737346165 6.1
      vertex 36.39302601897292 30.708047770555 6.1
      vertex 39.95013078093231 20.18828633746701 6.1
    endloop
  endfacet
  facet normal 0 0 -1
    outer loop
      vertex 39.95013078093231 20.18828633746701 6.1
      vertex 36.39302601897292 30.708047770555 6.1
      vertex 40.18500366568718 19.885490038984088 6.1
    endloop
  endfacet
  facet normal 0 0 -1
    outer loop
      vertex 51.48055497995728 18.897253678546942 6.1
      vertex 36.39302601897292 30.708047770555 6.1
      vertex 36.76700831170561 30.79164271711535 6.1
    endloop
  endfacet
  facet normal 0 0 -1
    outer loop
      vertex 40.18500366568718 19.885490038984088 6.1
      vertex 36.39302601897292 30.708047770555 6.1
      vertex 51.48055497995728 18.897253678546942 6.1
    endloop
  endfacet
  facet normal 0 0 -1
    outer loop
      vertex 51.48055497995728 18.897253678546942 6.1
      vertex 36.76700831170561 30.79164271711535 6.1
      vertex 37.13500366568718 30.898555250599568 6.1
    endloop
  endfacet
  facet normal 0 0 -1
    outer loop
      vertex 51.48055497995728 18.897253678546942 6.1
      vertex 37.13500366568718 30.898555250599568 6.1
      vertex 37.495559771376534 31.02836343608167 6.1
    endloop
  endfacet
  facet normal 0 0 -1
    outer loop
      vertex 51.48055497995728 18.897253678546942 6.1
      vertex 37.495559771376534 31.02836343608167 6.1
      vertex 37.84725367854694 31.180554979957286 6.1
    endloop
  endfacet
  facet normal 0 0 -1
    outer loop
      vertex 51.48055497995728 18.897253678546942 6.1
      vertex 37.84725367854694 31.180554979957286 6.1
      vertex 38.18869741202047 31.354529251732437 6.1
    endloop
  endfacet
  facet normal 0 0 -1
    outer loop
      vertex 51.48055497995728 18.897253678546942 6.1
      vertex 38.18869741202047 31.354529251732437 6.1
      vertex 38.518543449371876 31.54959965443771 6.1
    endloop
  endfacet
  facet normal 0 0 -1
    outer loop
      vertex 51.48055497995728 18.897253678546942 6.1
      vertex 38.518543449371876 31.54959965443771 6.1
      vertex 38.835490038984084 31.764996334312823 6.1
    endloop
  endfacet
  facet normal 0 0 -1
    outer loop
      vertex 51.654529251732434 19.238697412020464 6.1
      vertex 38.835490038984084 31.764996334312823 6.1
      vertex 39.13828633746701 31.99986921906769 6.1
    endloop
  endfacet
  facet normal 0 0 -1
    outer loop
      vertex 51.84959965443771 19.56854344937188 6.1
      vertex 39.13828633746701 31.99986921906769 6.1
      vertex 39.425737346165 32.25329137272939 6.1
    endloop
  endfacet
  facet normal 0 0 -1
    outer loop
      vertex 38.835490038984084 11.36499633431282 6.1
      vertex 39.13828633746701 11.599869219067688 6.1
      vertex 53.414509961015916 11.36499633431282 6.1
    endloop
  endfacet
  facet normal 0 0 -1
    outer loop
      vertex 39.13828633746701 11.599869219067688 6.1
      vertex 39.425737346165 11.853291372729391 6.1
      vertex 53.11171366253299 11.599869219067685 6.1
    endloop
  endfacet
  facet normal 0 0 -1
    outer loop
      vertex 39.425737346165 11.853291372729391 6.1
      vertex 39.69670862727061 12.124262653835 6.1
      vertex 52.824262653835 11.853291372729391 6.1
    endloop
  endfacet
  facet normal 0 0 -1
    outer loop
      vertex 39.69670862727061 12.124262653835 6.1
      vertex 39.95013078093231 12.411713662532993 6.1
      vertex 52.55329137272939 12.124262653835 6.1
    endloop
  endfacet
  facet normal 0 0 -1
    outer loop
      vertex 39.95013078093231 12.411713662532993 6.1
      vertex 40.18500366568718 12.714509961015915 6.1
      vertex 52.29986921906769 12.411713662532994 6.1
    endloop
  endfacet
  facet normal 0 0 -1
    outer loop
      vertex 40.18500366568718 12.714509961015915 6.1
      vertex 40.40040034556229 13.031456550628125 6.1
      vertex 52.06499633431282 12.714509961015915 6.1
    endloop
  endfacet
  facet normal 0 0 -1
    outer loop
      vertex 40.40040034556229 13.031456550628125 6.1
      vertex 40.595470748267566 13.361302587979537 6.1
      vertex 51.84959965443771 13.031456550628121 6.1
    endloop
  endfacet
  facet normal 0 0 -1
    outer loop
      vertex 40.595470748267566 13.361302587979537 6.1
      vertex 40.76944502004272 13.70274632145306 6.1
      vertex 51.654529251732434 13.361302587979537 6.1
    endloop
  endfacet
  facet normal 0 0 -1
    outer loop
      vertex 40.76944502004272 13.70274632145306 6.1
      vertex 40.921636563918334 14.054440228623463 6.1
      vertex 51.48055497995728 13.70274632145306 6.1
    endloop
  endfacet
  facet normal 0 0 -1
    outer loop
      vertex 40.921636563918334 14.054440228623463 6.1
      vertex 41.05144474940044 14.414996334312821 6.1
      vertex 51.328363436081666 14.054440228623466 6.1
    endloop
  endfacet
  facet normal 0 0 -1
    outer loop
      vertex 36.39302601897292 10.308047770555 6.1
      vertex 36.76700831170561 10.391642717115351 6.1
      vertex 66.5 3.5 6.1
    endloop
  endfacet
  facet normal 0 0 -1
    outer loop
      vertex 40.40040034556229 13.031456550628125 6.1
      vertex 51.84959965443771 13.031456550628121 6.1
      vertex 52.06499633431282 12.714509961015915 6.1
    endloop
  endfacet
  facet normal 0 0 -1
    outer loop
      vertex 40.595470748267566 13.361302587979537 6.1
      vertex 51.654529251732434 13.361302587979537 6.1
      vertex 51.84959965443771 13.031456550628121 6.1
    endloop
  endfacet
  facet normal 0 0 -1
    outer loop
      vertex 40.76944502004272 13.70274632145306 6.1
      vertex 51.48055497995728 13.70274632145306 6.1
      vertex 51.654529251732434 13.361302587979537 6.1
    endloop
  endfacet
  facet normal 0 0 -1
    outer loop
      vertex 40.921636563918334 14.054440228623463 6.1
      vertex 51.328363436081666 14.054440228623466 6.1
      vertex 51.48055497995728 13.70274632145306 6.1
    endloop
  endfacet
  facet normal 0 0 -1
    outer loop
      vertex 41.05144474940044 14.414996334312821 6.1
      vertex 51.19855525059956 14.414996334312821 6.1
      vertex 51.328363436081666 14.054440228623466 6.1
    endloop
  endfacet
  facet normal 0 0 -1
    outer loop
      vertex 37.84725367854694 10.780554979957282 6.1
      vertex 54.40274632145306 10.780554979957282 6.1
      vertex 54.754440228623466 10.628363436081667 6.1
    endloop
  endfacet
  facet normal 0 0 -1
    outer loop
      vertex 37.495559771376534 10.628363436081669 6.1
      vertex 54.754440228623466 10.628363436081667 6.1
      vertex 55.11499633431282 10.498555250599566 6.1
    endloop
  endfacet
  facet normal 0 0 -1
    outer loop
      vertex 37.13500366568718 10.498555250599566 6.1
      vertex 55.11499633431282 10.498555250599566 6.1
      vertex 55.48299168829438 10.391642717115351 6.1
    endloop
  endfacet
  facet normal 0 0 -1
    outer loop
      vertex 38.835490038984084 11.36499633431282 6.1
      vertex 53.414509961015916 11.36499633431282 6.1
      vertex 53.73145655062812 11.14959965443771 6.1
    endloop
  endfacet
  facet normal 0 0 -1
    outer loop
      vertex 39.13828633746701 11.599869219067688 6.1
      vertex 53.11171366253299 11.599869219067685 6.1
      vertex 53.414509961015916 11.36499633431282 6.1
    endloop
  endfacet
  facet normal 0 0 -1
    outer loop
      vertex 39.69670862727061 12.124262653835 6.1
      vertex 52.55329137272939 12.124262653835 6.1
      vertex 52.824262653835 11.853291372729391 6.1
    endloop
  endfacet
  facet normal 0 0 -1
    outer loop
      vertex 39.95013078093231 12.411713662532993 6.1
      vertex 52.29986921906769 12.411713662532994 6.1
      vertex 52.55329137272939 12.124262653835 6.1
    endloop
  endfacet
  facet normal 0 0 -1
    outer loop
      vertex 39.425737346165 11.853291372729391 6.1
      vertex 52.824262653835 11.853291372729391 6.1
      vertex 53.11171366253299 11.599869219067685 6.1
    endloop
  endfacet
  facet normal 0 0 -1
    outer loop
      vertex 38.518543449371876 11.149599654437708 6.1
      vertex 53.73145655062812 11.14959965443771 6.1
      vertex 54.06130258797953 10.954529251732435 6.1
    endloop
  endfacet
  facet normal 0 0 -1
    outer loop
      vertex 38.18869741202047 10.954529251732435 6.1
      vertex 54.06130258797953 10.954529251732435 6.1
      vertex 54.40274632145306 10.780554979957282 6.1
    endloop
  endfacet
  facet normal 0 0 -1
    outer loop
      vertex 40.18500366568718 12.714509961015915 6.1
      vertex 52.06499633431282 12.714509961015915 6.1
      vertex 52.29986921906769 12.411713662532994 6.1
    endloop
  endfacet
  facet normal 0 0 -1
    outer loop
      vertex 41.05144474940044 14.414996334312821 6.1
      vertex 41.15835728288465 14.78299168829439 6.1
      vertex 51.19855525059956 14.414996334312821 6.1
    endloop
  endfacet
  facet normal 0 0 -1
    outer loop
      vertex 41.15835728288465 14.78299168829439 6.1
      vertex 41.241952229445 15.156973981027079 6.1
      vertex 51.09164271711535 14.782991688294386 6.1
    endloop
  endfacet
  facet normal 0 0 -1
    outer loop
      vertex 41.241952229445 15.156973981027079 6.1
      vertex 41.301899678018316 15.535467275257746 6.1
      vertex 51.008047770555 15.156973981027079 6.1
    endloop
  endfacet
  facet normal 0 0 -1
    outer loop
      vertex 41.301899678018316 15.535467275257746 6.1
      vertex 41.33796304341246 15.916977830871186 6.1
      vertex 50.948100321981684 15.535467275257746 6.1
    endloop
  endfacet
  facet normal 0 0 -1
    outer loop
      vertex 41.33796304341246 15.916977830871186 6.1
      vertex 41.35 16.3 6.1
      vertex 50.91203695658754 15.91697783087119 6.1
    endloop
  endfacet
  facet normal 0 0 -1
    outer loop
      vertex 41.35 16.3 6.1
      vertex 41.33796304341246 16.68302216912881 6.1
      vertex 50.9 16.3 6.1
    endloop
  endfacet
  facet normal 0 0 -1
    outer loop
      vertex 41.33796304341246 16.68302216912881 6.1
      vertex 41.301899678018316 17.064532724742257 6.1
      vertex 50.91203695658754 16.68302216912881 6.1
    endloop
  endfacet
  facet normal 0 0 -1
    outer loop
      vertex 41.301899678018316 17.064532724742257 6.1
      vertex 41.241952229445005 17.443026018972922 6.1
      vertex 50.948100321981684 17.064532724742257 6.1
    endloop
  endfacet
  facet normal 0 0 -1
    outer loop
      vertex 41.15835728288465 17.817008311705614 6.1
      vertex 51.008047770555 17.443026018972922 6.1
      vertex 41.241952229445005 17.443026018972922 6.1
    endloop
  endfacet
  facet normal 0 0 -1
    outer loop
      vertex 40.18500366568718 19.885490038984088 6.1
      vertex 51.48055497995728 18.897253678546942 6.1
      vertex 40.40040034556229 19.56854344937188 6.1
    endloop
  endfacet
  facet normal 0 0 -1
    outer loop
      vertex 40.595470748267566 19.238697412020464 6.1
      vertex 40.40040034556229 19.56854344937188 6.1
      vertex 51.48055497995728 18.897253678546942 6.1
    endloop
  endfacet
  facet normal 0 0 -1
    outer loop
      vertex 40.595470748267566 19.238697412020464 6.1
      vertex 51.48055497995728 18.897253678546942 6.1
      vertex 40.76944502004272 18.897253678546942 6.1
    endloop
  endfacet
  facet normal 0 0 -1
    outer loop
      vertex 41.05144474940044 18.18500366568718 6.1
      vertex 40.921636563918334 18.545559771376535 6.1
      vertex 51.19855525059956 18.18500366568718 6.1
    endloop
  endfacet
  facet normal 0 0 -1
    outer loop
      vertex 41.15835728288465 17.817008311705614 6.1
      vertex 41.05144474940044 18.18500366568718 6.1
      vertex 51.09164271711535 17.817008311705614 6.1
    endloop
  endfacet
  facet normal 0 0 -1
    outer loop
      vertex 40.921636563918334 18.545559771376535 6.1
      vertex 40.76944502004272 18.897253678546942 6.1
      vertex 51.328363436081666 18.545559771376535 6.1
    endloop
  endfacet
  facet normal 0 0 -1
    outer loop
      vertex 41.15835728288465 14.78299168829439 6.1
      vertex 51.09164271711535 14.782991688294386 6.1
      vertex 51.19855525059956 14.414996334312821 6.1
    endloop
  endfacet
  facet normal 0 0 -1
    outer loop
      vertex 41.241952229445 15.156973981027079 6.1
      vertex 51.008047770555 15.156973981027079 6.1
      vertex 51.09164271711535 14.782991688294386 6.1
    endloop
  endfacet
  facet normal 0 0 -1
    outer loop
      vertex 41.301899678018316 15.535467275257746 6.1
      vertex 50.948100321981684 15.535467275257746 6.1
      vertex 51.008047770555 15.156973981027079 6.1
    endloop
  endfacet
  facet normal 0 0 -1
    outer loop
      vertex 41.33796304341246 15.916977830871186 6.1
      vertex 50.91203695658754 15.91697783087119 6.1
      vertex 50.948100321981684 15.535467275257746 6.1
    endloop
  endfacet
  facet normal 0 0 -1
    outer loop
      vertex 41.35 16.3 6.1
      vertex 50.9 16.3 6.1
      vertex 50.91203695658754 15.91697783087119 6.1
    endloop
  endfacet
  facet normal 0 0 -1
    outer loop
      vertex 41.33796304341246 16.68302216912881 6.1
      vertex 50.91203695658754 16.68302216912881 6.1
      vertex 50.9 16.3 6.1
    endloop
  endfacet
  facet normal 0 0 -1
    outer loop
      vertex 41.301899678018316 17.064532724742257 6.1
      vertex 50.948100321981684 17.064532724742257 6.1
      vertex 50.91203695658754 16.68302216912881 6.1
    endloop
  endfacet
  facet normal 0 0 -1
    outer loop
      vertex 41.241952229445005 17.443026018972922 6.1
      vertex 51.008047770555 17.443026018972922 6.1
      vertex 50.948100321981684 17.064532724742257 6.1
    endloop
  endfacet
  facet normal 0 0 -1
    outer loop
      vertex 41.15835728288465 17.817008311705614 6.1
      vertex 51.09164271711535 17.817008311705614 6.1
      vertex 51.008047770555 17.443026018972922 6.1
    endloop
  endfacet
  facet normal 0 0 -1
    outer loop
      vertex 41.05144474940044 18.18500366568718 6.1
      vertex 51.19855525059956 18.18500366568718 6.1
      vertex 51.09164271711535 17.817008311705614 6.1
    endloop
  endfacet
  facet normal 0 0 -1
    outer loop
      vertex 40.921636563918334 18.545559771376535 6.1
      vertex 51.328363436081666 18.545559771376535 6.1
      vertex 51.19855525059956 18.18500366568718 6.1
    endloop
  endfacet
  facet normal 0 0 -1
    outer loop
      vertex 40.76944502004272 18.897253678546942 6.1
      vertex 51.48055497995728 18.897253678546942 6.1
      vertex 51.328363436081666 18.545559771376535 6.1
    endloop
  endfacet
  facet normal 0 0 -1
    outer loop
      vertex 52.29986921906769 20.18828633746701 6.1
      vertex 39.425737346165 32.25329137272939 6.1
      vertex 39.69670862727061 32.524262653835 6.1
    endloop
  endfacet
  facet normal 0 0 -1
    outer loop
      vertex 52.55329137272939 20.475737346165 6.1
      vertex 39.69670862727061 32.524262653835 6.1
      vertex 39.95013078093231 32.811713662532995 6.1
    endloop
  endfacet
  facet normal 0 0 -1
    outer loop
      vertex 51.48055497995728 18.897253678546942 6.1
      vertex 38.835490038984084 31.764996334312823 6.1
      vertex 51.654529251732434 19.238697412020464 6.1
    endloop
  endfacet
  facet normal 0 0 -1
    outer loop
      vertex 51.654529251732434 19.238697412020464 6.1
      vertex 39.13828633746701 31.99986921906769 6.1
      vertex 51.84959965443771 19.56854344937188 6.1
    endloop
  endfacet
  facet normal 0 0 -1
    outer loop
      vertex 51.84959965443771 19.56854344937188 6.1
      vertex 39.425737346165 32.25329137272939 6.1
      vertex 52.06499633431282 19.885490038984088 6.1
    endloop
  endfacet
  facet normal 0 0 -1
    outer loop
      vertex 52.06499633431282 19.885490038984088 6.1
      vertex 39.425737346165 32.25329137272939 6.1
      vertex 52.29986921906769 20.18828633746701 6.1
    endloop
  endfacet
  facet normal 0 0 -1
    outer loop
      vertex 52.29986921906769 20.18828633746701 6.1
      vertex 39.69670862727061 32.524262653835 6.1
      vertex 52.55329137272939 20.475737346165 6.1
    endloop
  endfacet
  facet normal 0 0 -1
    outer loop
      vertex 52.55329137272939 20.475737346165 6.1
      vertex 39.95013078093231 32.811713662532995 6.1
      vertex 52.824262653835 20.74670862727061 6.1
    endloop
  endfacet
  facet normal 0 0 -1
    outer loop
      vertex 52.824262653835 20.74670862727061 6.1
      vertex 40.18500366568718 33.11450996101591 6.1
      vertex 53.11171366253299 21.000130780932317 6.1
    endloop
  endfacet
  facet normal 0 0 -1
    outer loop
      vertex 53.11171366253299 21.000130780932317 6.1
      vertex 40.40040034556229 33.43145655062813 6.1
      vertex 53.414509961015916 21.23500366568718 6.1
    endloop
  endfacet
  facet normal 0 0 -1
    outer loop
      vertex 53.414509961015916 21.23500366568718 6.1
      vertex 40.595470748267566 33.761302587979536 6.1
      vertex 53.73145655062812 21.450400345562294 6.1
    endloop
  endfacet
  facet normal 0 0 -1
    outer loop
      vertex 53.73145655062812 21.450400345562294 6.1
      vertex 40.76944502004272 34.10274632145306 6.1
      vertex 54.06130258797954 21.64547074826757 6.1
    endloop
  endfacet
  facet normal 0 0 -1
    outer loop
      vertex 54.06130258797954 21.64547074826757 6.1
      vertex 40.921636563918334 34.45444022862347 6.1
      vertex 54.40274632145306 21.81944502004272 6.1
    endloop
  endfacet
  facet normal 0 0 -1
    outer loop
      vertex 54.40274632145306 21.81944502004272 6.1
      vertex 41.05144474940044 34.81499633431282 6.1
      vertex 54.754440228623466 21.971636563918334 6.1
    endloop
  endfacet
  facet normal 0 0 -1
    outer loop
      vertex 54.754440228623466 21.971636563918334 6.1
      vertex 41.15835728288465 35.18299168829439 6.1
      vertex 55.11499633431282 22.101444749400436 6.1
    endloop
  endfacet
  facet normal 0 0 -1
    outer loop
      vertex 55.11499633431282 22.101444749400436 6.1
      vertex 41.241952229445 35.556973981027085 6.1
      vertex 55.48299168829438 22.20835728288465 6.1
    endloop
  endfacet
  facet normal 0 0 -1
    outer loop
      vertex 41.15835728288465 38.21700831170562 6.1
      vertex 38.518543449371876 51.949599654437705 6.1
      vertex 41.241952229445005 37.84302601897292 6.1
    endloop
  endfacet
  facet normal 0 0 -1
    outer loop
      vertex 41.15835728288465 38.21700831170562 6.1
      vertex 41.05144474940044 38.58500366568718 6.1
      vertex 38.518543449371876 51.949599654437705 6.1
    endloop
  endfacet
  facet normal 0 0 -1
    outer loop
      vertex 34.866977830871186 42.78796304341246 6.1
      vertex 35.25 50.99999999999999 6.1
      vertex 35.25 42.800000000000004 6.1
    endloop
  endfacet
  facet normal 0 0 -1
    outer loop
      vertex 35.25 42.800000000000004 6.1
      vertex 35.633022169128814 51.01203695658754 6.1
      vertex 35.633022169128814 42.78796304341246 6.1
    endloop
  endfacet
  facet normal 0 0 -1
    outer loop
      vertex 35.633022169128814 42.78796304341246 6.1
      vertex 36.01453272474225 51.04810032198168 6.1
      vertex 36.01453272474225 42.75189967801832 6.1
    endloop
  endfacet
  facet normal 0 0 -1
    outer loop
      vertex 36.01453272474225 42.75189967801832 6.1
      vertex 36.39302601897292 51.108047770555 6.1
      vertex 36.39302601897292 42.69195222944501 6.1
    endloop
  endfacet
  facet normal 0 0 -1
    outer loop
      vertex 36.39302601897292 42.69195222944501 6.1
      vertex 36.76700831170561 51.19164271711534 6.1
      vertex 36.76700831170562 42.608357282884654 6.1
    endloop
  endfacet
  facet normal 0 0 -1
    outer loop
      vertex 36.76700831170562 42.608357282884654 6.1
      vertex 37.13500366568718 51.298555250599556 6.1
      vertex 37.13500366568718 42.50144474940044 6.1
    endloop
  endfacet
  facet normal 0 0 -1
    outer loop
      vertex 35.25 42.800000000000004 6.1
      vertex 35.25 50.99999999999999 6.1
      vertex 35.633022169128814 51.01203695658754 6.1
    endloop
  endfacet
  facet normal 0 0 -1
    outer loop
      vertex 35.633022169128814 42.78796304341246 6.1
      vertex 35.633022169128814 51.01203695658754 6.1
      vertex 36.01453272474225 51.04810032198168 6.1
    endloop
  endfacet
  facet normal 0 0 -1
    outer loop
      vertex 36.01453272474225 42.75189967801832 6.1
      vertex 36.01453272474225 51.04810032198168 6.1
      vertex 36.39302601897292 51.108047770555 6.1
    endloop
  endfacet
  facet normal 0 0 -1
    outer loop
      vertex 36.39302601897292 42.69195222944501 6.1
      vertex 36.39302601897292 51.108047770555 6.1
      vertex 36.76700831170561 51.19164271711534 6.1
    endloop
  endfacet
  facet normal 0 0 -1
    outer loop
      vertex 36.76700831170562 42.608357282884654 6.1
      vertex 36.76700831170561 51.19164271711534 6.1
      vertex 37.13500366568718 51.298555250599556 6.1
    endloop
  endfacet
  facet normal 0 0 -1
    outer loop
      vertex 37.13500366568718 42.50144474940044 6.1
      vertex 37.495559771376534 51.42836343608166 6.1
      vertex 37.495559771376534 42.37163656391834 6.1
    endloop
  endfacet
  facet normal 0 0 -1
    outer loop
      vertex 37.495559771376534 42.37163656391834 6.1
      vertex 37.84725367854694 51.58055497995728 6.1
      vertex 37.84725367854694 42.21944502004272 6.1
    endloop
  endfacet
  facet normal 0 0 -1
    outer loop
      vertex 37.84725367854694 42.21944502004272 6.1
      vertex 38.18869741202047 51.75452925173243 6.1
      vertex 38.18869741202046 42.04547074826757 6.1
    endloop
  endfacet
  facet normal 0 0 -1
    outer loop
      vertex 39.13828633746701 41.400130780932315 6.1
      vertex 38.518543449371876 51.949599654437705 6.1
      vertex 39.425737346165 41.14670862727061 6.1
    endloop
  endfacet
  facet normal 0 0 -1
    outer loop
      vertex 39.425737346165 41.14670862727061 6.1
      vertex 38.518543449371876 51.949599654437705 6.1
      vertex 39.69670862727061 40.875737346165 6.1
    endloop
  endfacet
  facet normal 0 0 -1
    outer loop
      vertex 38.18869741202046 42.04547074826757 6.1
      vertex 38.518543449371876 51.949599654437705 6.1
      vertex 38.518543449371876 41.85040034556229 6.1
    endloop
  endfacet
  facet normal 0 0 -1
    outer loop
      vertex 38.518543449371876 41.85040034556229 6.1
      vertex 38.518543449371876 51.949599654437705 6.1
      vertex 38.835490038984084 41.63500366568718 6.1
    endloop
  endfacet
  facet normal 0 0 -1
    outer loop
      vertex 39.13828633746701 41.400130780932315 6.1
      vertex 38.835490038984084 41.63500366568718 6.1
      vertex 38.518543449371876 51.949599654437705 6.1
    endloop
  endfacet
  facet normal 0 0 -1
    outer loop
      vertex 37.13500366568718 42.50144474940044 6.1
      vertex 37.13500366568718 51.298555250599556 6.1
      vertex 37.495559771376534 51.42836343608166 6.1
    endloop
  endfacet
  facet normal 0 0 -1
    outer loop
      vertex 37.495559771376534 42.37163656391834 6.1
      vertex 37.495559771376534 51.42836343608166 6.1
      vertex 37.84725367854694 51.58055497995728 6.1
    endloop
  endfacet
  facet normal 0 0 -1
    outer loop
      vertex 37.84725367854694 42.21944502004272 6.1
      vertex 37.84725367854694 51.58055497995728 6.1
      vertex 38.18869741202047 51.75452925173243 6.1
    endloop
  endfacet
  facet normal 0 0 -1
    outer loop
      vertex 38.18869741202046 42.04547074826757 6.1
      vertex 38.18869741202047 51.75452925173243 6.1
      vertex 38.518543449371876 51.949599654437705 6.1
    endloop
  endfacet
  facet normal 0 0 -1
    outer loop
      vertex 40.40040034556229 39.96854344937188 6.1
      vertex 38.518543449371876 51.949599654437705 6.1
      vertex 40.595470748267566 39.63869741202046 6.1
    endloop
  endfacet
  facet normal 0 0 -1
    outer loop
      vertex 39.95013078093231 40.58828633746701 6.1
      vertex 38.518543449371876 51.949599654437705 6.1
      vertex 40.18500366568718 40.285490038984086 6.1
    endloop
  endfacet
  facet normal 0 0 -1
    outer loop
      vertex 39.69670862727061 40.875737346165 6.1
      vertex 38.518543449371876 51.949599654437705 6.1
      vertex 39.95013078093231 40.58828633746701 6.1
    endloop
  endfacet
  facet normal 0 0 -1
    outer loop
      vertex 40.18500366568718 40.285490038984086 6.1
      vertex 38.518543449371876 51.949599654437705 6.1
      vertex 40.40040034556229 39.96854344937188 6.1
    endloop
  endfacet
  facet normal 0 0 -1
    outer loop
      vertex 41.05144474940044 38.58500366568718 6.1
      vertex 40.921636563918334 38.94555977137654 6.1
      vertex 38.518543449371876 51.949599654437705 6.1
    endloop
  endfacet
  facet normal 0 0 -1
    outer loop
      vertex 40.76944502004272 39.297253678546944 6.1
      vertex 38.518543449371876 51.949599654437705 6.1
      vertex 40.921636563918334 38.94555977137654 6.1
    endloop
  endfacet
  facet normal 0 0 -1
    outer loop
      vertex 40.595470748267566 39.63869741202046 6.1
      vertex 38.518543449371876 51.949599654437705 6.1
      vertex 40.76944502004272 39.297253678546944 6.1
    endloop
  endfacet
  facet normal 0 0 -1
    outer loop
      vertex 39.69670862727061 52.924262653834994 6.1
      vertex 39.95013078093231 53.211713662532986 6.1
      vertex 51.19855525059956 38.58500366568718 6.1
    endloop
  endfacet
  facet normal 0 0 -1
    outer loop
      vertex 52.824262653835 20.74670862727061 6.1
      vertex 39.95013078093231 32.811713662532995 6.1
      vertex 40.18500366568718 33.11450996101591 6.1
    endloop
  endfacet
  facet normal 0 0 -1
    outer loop
      vertex 53.11171366253299 21.000130780932317 6.1
      vertex 40.18500366568718 33.11450996101591 6.1
      vertex 40.40040034556229 33.43145655062813 6.1
    endloop
  endfacet
  facet normal 0 0 -1
    outer loop
      vertex 53.414509961015916 21.23500366568718 6.1
      vertex 40.40040034556229 33.43145655062813 6.1
      vertex 40.595470748267566 33.761302587979536 6.1
    endloop
  endfacet
  facet normal 0 0 -1
    outer loop
      vertex 53.73145655062812 21.450400345562294 6.1
      vertex 40.595470748267566 33.761302587979536 6.1
      vertex 40.76944502004272 34.10274632145306 6.1
    endloop
  endfacet
  facet normal 0 0 -1
    outer loop
      vertex 54.06130258797954 21.64547074826757 6.1
      vertex 40.76944502004272 34.10274632145306 6.1
      vertex 40.921636563918334 34.45444022862347 6.1
    endloop
  endfacet
  facet normal 0 0 -1
    outer loop
      vertex 54.40274632145306 21.81944502004272 6.1
      vertex 40.921636563918334 34.45444022862347 6.1
      vertex 41.05144474940044 34.81499633431282 6.1
    endloop
  endfacet
  facet normal 0 0 -1
    outer loop
      vertex 54.754440228623466 21.971636563918334 6.1
      vertex 41.05144474940044 34.81499633431282 6.1
      vertex 41.15835728288465 35.18299168829439 6.1
    endloop
  endfacet
  facet normal 0 0 -1
    outer loop
      vertex 55.11499633431282 22.101444749400436 6.1
      vertex 41.15835728288465 35.18299168829439 6.1
      vertex 41.241952229445 35.556973981027085 6.1
    endloop
  endfacet
  facet normal 0 0 -1
    outer loop
      vertex 55.48299168829438 22.20835728288465 6.1
      vertex 41.241952229445 35.556973981027085 6.1
      vertex 41.301899678018316 35.93546727525775 6.1
    endloop
  endfacet
  facet normal 0 0 -1
    outer loop
      vertex 55.48299168829438 22.20835728288465 6.1
      vertex 41.301899678018316 35.93546727525775 6.1
      vertex 41.33796304341246 36.31697783087119 6.1
    endloop
  endfacet
  facet normal 0 0 -1
    outer loop
      vertex 55.48299168829438 22.20835728288465 6.1
      vertex 41.33796304341246 36.31697783087119 6.1
      vertex 41.35 36.7 6.1
    endloop
  endfacet
  facet normal 0 0 -1
    outer loop
      vertex 55.48299168829438 22.20835728288465 6.1
      vertex 41.35 36.7 6.1
      vertex 41.33796304341246 37.08302216912882 6.1
    endloop
  endfacet
  facet normal 0 0 -1
    outer loop
      vertex 55.48299168829438 22.20835728288465 6.1
      vertex 41.33796304341246 37.08302216912882 6.1
      vertex 41.301899678018316 37.464532724742256 6.1
    endloop
  endfacet
  facet normal 0 0 -1
    outer loop
      vertex 55.48299168829438 22.20835728288465 6.1
      vertex 41.301899678018316 37.464532724742256 6.1
      vertex 41.241952229445005 37.84302601897292 6.1
    endloop
  endfacet
  facet normal 0 0 -1
    outer loop
      vertex 55.48299168829438 22.20835728288465 6.1
      vertex 41.241952229445005 37.84302601897292 6.1
      vertex 38.518543449371876 51.949599654437705 6.1
    endloop
  endfacet
  facet normal 0 0 -1
    outer loop
      vertex 55.48299168829438 22.20835728288465 6.1
      vertex 38.518543449371876 51.949599654437705 6.1
      vertex 38.835490038984084 52.16499633431282 6.1
    endloop
  endfacet
  facet normal 0 0 -1
    outer loop
      vertex 55.48299168829438 22.20835728288465 6.1
      vertex 38.835490038984084 52.16499633431282 6.1
      vertex 39.13828633746701 52.39986921906768 6.1
    endloop
  endfacet
  facet normal 0 0 -1
    outer loop
      vertex 55.48299168829438 22.20835728288465 6.1
      vertex 39.13828633746701 52.39986921906768 6.1
      vertex 39.425737346165 52.653291372729385 6.1
    endloop
  endfacet
  facet normal 0 0 -1
    outer loop
      vertex 55.48299168829438 22.20835728288465 6.1
      vertex 39.425737346165 52.653291372729385 6.1
      vertex 39.69670862727061 52.924262653834994 6.1
    endloop
  endfacet
  facet normal 0 0 -1
    outer loop
      vertex 39.69670862727061 52.924262653834994 6.1
      vertex 51.008047770555 35.556973981027085 6.1
      vertex 51.09164271711535 35.182991688294386 6.1
    endloop
  endfacet
  facet normal 0 0 -1
    outer loop
      vertex 39.69670862727061 52.924262653834994 6.1
      vertex 51.09164271711535 35.182991688294386 6.1
      vertex 51.19855525059956 34.81499633431282 6.1
    endloop
  endfacet
  facet normal 0 0 -1
    outer loop
      vertex 39.69670862727061 52.924262653834994 6.1
      vertex 50.948100321981684 35.93546727525775 6.1
      vertex 51.008047770555 35.556973981027085 6.1
    endloop
  endfacet
  facet normal 0 0 -1
    outer loop
      vertex 39.69670862727061 52.924262653834994 6.1
      vertex 50.91203695658754 36.31697783087119 6.1
      vertex 50.948100321981684 35.93546727525775 6.1
    endloop
  endfacet
  facet normal 0 0 -1
    outer loop
      vertex 39.69670862727061 52.924262653834994 6.1
      vertex 50.9 36.7 6.1
      vertex 50.91203695658754 36.31697783087119 6.1
    endloop
  endfacet
  facet normal 0 0 -1
    outer loop
      vertex 39.69670862727061 52.924262653834994 6.1
      vertex 50.91203695658754 37.08302216912882 6.1
      vertex 50.9 36.7 6.1
    endloop
  endfacet
  facet normal 0 0 -1
    outer loop
      vertex 39.69670862727061 52.924262653834994 6.1
      vertex 50.948100321981684 37.464532724742256 6.1
      vertex 50.91203695658754 37.08302216912882 6.1
    endloop
  endfacet
  facet normal 0 0 -1
    outer loop
      vertex 39.69670862727061 52.924262653834994 6.1
      vertex 51.008047770555 37.84302601897292 6.1
      vertex 50.948100321981684 37.464532724742256 6.1
    endloop
  endfacet
  facet normal 0 0 -1
    outer loop
      vertex 39.69670862727061 52.924262653834994 6.1
      vertex 51.09164271711535 38.21700831170562 6.1
      vertex 51.008047770555 37.84302601897292 6.1
    endloop
  endfacet
  facet normal 0 0 -1
    outer loop
      vertex 55.48299168829438 22.20835728288465 6.1
      vertex 39.69670862727061 52.924262653834994 6.1
      vertex 51.19855525059956 34.81499633431282 6.1
    endloop
  endfacet
  facet normal 0 0 -1
    outer loop
      vertex 39.95013078093231 53.211713662532986 6.1
      vertex 40.18500366568718 53.51450996101591 6.1
      vertex 51.19855525059956 38.58500366568718 6.1
    endloop
  endfacet
  facet normal 0 0 -1
    outer loop
      vertex 40.18500366568718 53.51450996101591 6.1
      vertex 40.40040034556229 53.83145655062812 6.1
      vertex 51.19855525059956 38.58500366568718 6.1
    endloop
  endfacet
  facet normal 0 0 -1
    outer loop
      vertex 40.40040034556229 53.83145655062812 6.1
      vertex 40.595470748267566 54.16130258797953 6.1
      vertex 51.19855525059956 38.58500366568718 6.1
    endloop
  endfacet
  facet normal 0 0 -1
    outer loop
      vertex 40.595470748267566 54.16130258797953 6.1
      vertex 40.76944502004272 54.50274632145305 6.1
      vertex 51.19855525059956 38.58500366568718 6.1
    endloop
  endfacet
  facet normal 0 0 -1
    outer loop
      vertex 40.76944502004272 54.50274632145305 6.1
      vertex 40.921636563918334 54.85444022862346 6.1
      vertex 51.19855525059956 38.58500366568718 6.1
    endloop
  endfacet
  facet normal 0 0 -1
    outer loop
      vertex 40.921636563918334 54.85444022862346 6.1
      vertex 41.05144474940044 55.214996334312815 6.1
      vertex 51.19855525059956 38.58500366568718 6.1
    endloop
  endfacet
  facet normal 0 0 -1
    outer loop
      vertex 41.05144474940044 55.214996334312815 6.1
      vertex 41.15835728288465 55.582991688294385 6.1
      vertex 51.19855525059956 38.58500366568718 6.1
    endloop
  endfacet
  facet normal 0 0 -1
    outer loop
      vertex 39.69670862727061 52.924262653834994 6.1
      vertex 51.19855525059956 38.58500366568718 6.1
      vertex 51.09164271711535 38.21700831170562 6.1
    endloop
  endfacet
  facet normal 0 0 -1
    outer loop
      vertex 41.15835728288465 55.582991688294385 6.1
      vertex 51.328363436081666 54.85444022862346 6.1
      vertex 51.19855525059956 38.58500366568718 6.1
    endloop
  endfacet
  facet normal 0 0 -1
    outer loop
      vertex 41.15835728288465 55.582991688294385 6.1
      vertex 41.241952229445 55.956973981027076 6.1
      vertex 51.328363436081666 54.85444022862346 6.1
    endloop
  endfacet
  facet normal 0 0 -1
    outer loop
      vertex 41.241952229445 55.956973981027076 6.1
      vertex 41.301899678018316 56.33546727525774 6.1
      vertex 51.328363436081666 54.85444022862346 6.1
    endloop
  endfacet
  facet normal 0 0 -1
    outer loop
      vertex 41.301899678018316 56.33546727525774 6.1
      vertex 41.33796304341246 56.71697783087118 6.1
      vertex 51.328363436081666 54.85444022862346 6.1
    endloop
  endfacet
  facet normal 0 0 -1
    outer loop
      vertex 51.328363436081666 54.85444022862346 6.1
      vertex 41.33796304341246 56.71697783087118 6.1
      vertex 41.35 57.099999999999994 6.1
    endloop
  endfacet
  facet normal 0 0 -1
    outer loop
      vertex 51.328363436081666 54.85444022862346 6.1
      vertex 41.35 57.099999999999994 6.1
      vertex 41.33796304341246 57.48302216912881 6.1
    endloop
  endfacet
  facet normal 0 0 -1
    outer loop
      vertex 51.328363436081666 54.85444022862346 6.1
      vertex 41.33796304341246 57.48302216912881 6.1
      vertex 41.301899678018316 57.86453272474225 6.1
    endloop
  endfacet
  facet normal 0 0 -1
    outer loop
      vertex 51.328363436081666 54.85444022862346 6.1
      vertex 41.301899678018316 57.86453272474225 6.1
      vertex 41.241952229445005 58.24302601897291 6.1
    endloop
  endfacet
  facet normal 0 0 -1
    outer loop
      vertex 51.328363436081666 54.85444022862346 6.1
      vertex 41.241952229445005 58.24302601897291 6.1
      vertex 41.15835728288465 58.61700831170561 6.1
    endloop
  endfacet
  facet normal 0 0 -1
    outer loop
      vertex 51.19855525059956 38.58500366568718 6.1
      vertex 51.328363436081666 54.85444022862346 6.1
      vertex 51.328363436081666 38.94555977137654 6.1
    endloop
  endfacet
  facet normal 0 0 -1
    outer loop
      vertex 51.328363436081666 38.94555977137654 6.1
      vertex 51.48055497995728 54.50274632145305 6.1
      vertex 51.48055497995728 39.297253678546944 6.1
    endloop
  endfacet
  facet normal 0 0 -1
    outer loop
      vertex 51.48055497995728 39.297253678546944 6.1
      vertex 51.654529251732434 54.16130258797953 6.1
      vertex 51.654529251732434 39.63869741202047 6.1
    endloop
  endfacet
  facet normal 0 0 -1
    outer loop
      vertex 51.654529251732434 39.63869741202047 6.1
      vertex 51.84959965443771 53.83145655062811 6.1
      vertex 51.84959965443771 39.968543449371886 6.1
    endloop
  endfacet
  facet normal 0 0 -1
    outer loop
      vertex 51.84959965443771 39.968543449371886 6.1
      vertex 52.06499633431282 53.51450996101591 6.1
      vertex 52.06499633431282 40.285490038984086 6.1
    endloop
  endfacet
  facet normal 0 0 -1
    outer loop
      vertex 52.06499633431282 40.285490038984086 6.1
      vertex 52.29986921906769 53.211713662532986 6.1
      vertex 52.29986921906769 40.58828633746701 6.1
    endloop
  endfacet
  facet normal 0 0 -1
    outer loop
      vertex 52.29986921906769 40.58828633746701 6.1
      vertex 52.55329137272939 52.924262653834994 6.1
      vertex 52.55329137272939 40.875737346165 6.1
    endloop
  endfacet
  facet normal 0 0 -1
    outer loop
      vertex 51.328363436081666 38.94555977137654 6.1
      vertex 51.328363436081666 54.85444022862346 6.1
      vertex 51.48055497995728 54.50274632145305 6.1
    endloop
  endfacet
  facet normal 0 0 -1
    outer loop
      vertex 51.48055497995728 39.297253678546944 6.1
      vertex 51.48055497995728 54.50274632145305 6.1
      vertex 51.654529251732434 54.16130258797953 6.1
    endloop
  endfacet
  facet normal 0 0 -1
    outer loop
      vertex 51.654529251732434 39.63869741202047 6.1
      vertex 51.654529251732434 54.16130258797953 6.1
      vertex 51.84959965443771 53.83145655062811 6.1
    endloop
  endfacet
  facet normal 0 0 -1
    outer loop
      vertex 51.84959965443771 39.968543449371886 6.1
      vertex 51.84959965443771 53.83145655062811 6.1
      vertex 52.06499633431282 53.51450996101591 6.1
    endloop
  endfacet
  facet normal 0 0 -1
    outer loop
      vertex 52.06499633431282 40.285490038984086 6.1
      vertex 52.06499633431282 53.51450996101591 6.1
      vertex 52.29986921906769 53.211713662532986 6.1
    endloop
  endfacet
  facet normal 0 0 -1
    outer loop
      vertex 52.29986921906769 40.58828633746701 6.1
      vertex 52.29986921906769 53.211713662532986 6.1
      vertex 52.55329137272939 52.924262653834994 6.1
    endloop
  endfacet
  facet normal 0 0 -1
    outer loop
      vertex 36.76700831170561 10.391642717115351 6.1
      vertex 55.48299168829438 10.391642717115351 6.1
      vertex 66.5 3.5 6.1
    endloop
  endfacet
  facet normal 0 0 -1
    outer loop
      vertex 55.48299168829438 10.391642717115351 6.1
      vertex 55.85697398102708 10.308047770555 6.1
      vertex 66.5 3.5 6.1
    endloop
  endfacet
  facet normal 0 0 -1
    outer loop
      vertex 55.85697398102708 10.308047770555 6.1
      vertex 56.23546727525775 10.248100321981685 6.1
      vertex 66.5 3.5 6.1
    endloop
  endfacet
  facet normal 0 0 -1
    outer loop
      vertex 56.23546727525775 10.248100321981685 6.1
      vertex 56.616977830871186 10.212036956587545 6.1
      vertex 66.5 3.5 6.1
    endloop
  endfacet
  facet normal 0 0 -1
    outer loop
      vertex 56.616977830871186 10.212036956587545 6.1
      vertex 57 10.200000000000001 6.1
      vertex 66.5 3.5 6.1
    endloop
  endfacet
  facet normal 0 0 -1
    outer loop
      vertex 57 10.200000000000001 6.1
      vertex 57.383022169128814 10.212036956587545 6.1
      vertex 66.5 3.5 6.1
    endloop
  endfacet
  facet normal 0 0 -1
    outer loop
      vertex 57.383022169128814 10.212036956587545 6.1
      vertex 57.76453272474225 10.248100321981685 6.1
      vertex 66.5 3.5 6.1
    endloop
  endfacet
  facet normal 0 0 -1
    outer loop
      vertex 57.76453272474225 10.248100321981685 6.1
      vertex 58.14302601897292 10.308047770555 6.1
      vertex 66.5 3.5 6.1
    endloop
  endfacet
  facet normal 0 0 -1
    outer loop
      vertex 58.14302601897292 10.308047770555 6.1
      vertex 58.51700831170561 10.391642717115351 6.1
      vertex 66.5 3.5 6.1
    endloop
  endfacet
  facet normal 0 0 -1
    outer loop
      vertex 55.48299168829438 22.20835728288465 6.1
      vertex 53.11171366253299 31.999869219067687 6.1
      vertex 53.414509961015916 31.764996334312823 6.1
    endloop
  endfacet
  facet normal 0 0 -1
    outer loop
      vertex 55.48299168829438 22.20835728288465 6.1
      vertex 53.414509961015916 31.764996334312823 6.1
      vertex 53.73145655062812 31.549599654437714 6.1
    endloop
  endfacet
  facet normal 0 0 -1
    outer loop
      vertex 55.48299168829438 22.20835728288465 6.1
      vertex 54.06130258797953 31.354529251732437 6.1
      vertex 54.40274632145306 31.180554979957286 6.1
    endloop
  endfacet
  facet normal 0 0 -1
    outer loop
      vertex 55.48299168829438 22.20835728288465 6.1
      vertex 53.73145655062812 31.549599654437714 6.1
      vertex 54.06130258797953 31.354529251732437 6.1
    endloop
  endfacet
  facet normal 0 0 -1
    outer loop
      vertex 55.48299168829438 22.20835728288465 6.1
      vertex 55.85697398102708 30.708047770555 6.1
      vertex 55.85697398102708 22.291952229445002 6.1
    endloop
  endfacet
  facet normal 0 0 -1
    outer loop
      vertex 55.85697398102708 22.291952229445002 6.1
      vertex 56.23546727525775 30.648100321981687 6.1
      vertex 56.23546727525775 22.351899678018317 6.1
    endloop
  endfacet
  facet normal 0 0 -1
    outer loop
      vertex 55.48299168829438 22.20835728288465 6.1
      vertex 54.40274632145306 31.180554979957286 6.1
      vertex 54.754440228623466 31.02836343608167 6.1
    endloop
  endfacet
  facet normal 0 0 -1
    outer loop
      vertex 55.48299168829438 22.20835728288465 6.1
      vertex 54.754440228623466 31.02836343608167 6.1
      vertex 55.11499633431282 30.898555250599568 6.1
    endloop
  endfacet
  facet normal 0 0 -1
    outer loop
      vertex 55.48299168829438 22.20835728288465 6.1
      vertex 55.11499633431282 30.898555250599568 6.1
      vertex 55.48299168829438 30.79164271711535 6.1
    endloop
  endfacet
  facet normal 0 0 -1
    outer loop
      vertex 55.48299168829438 22.20835728288465 6.1
      vertex 55.48299168829438 30.79164271711535 6.1
      vertex 55.85697398102708 30.708047770555 6.1
    endloop
  endfacet
  facet normal 0 0 -1
    outer loop
      vertex 56.23546727525775 22.351899678018317 6.1
      vertex 56.616977830871186 30.612036956587545 6.1
      vertex 56.616977830871186 22.387963043412455 6.1
    endloop
  endfacet
  facet normal 0 0 -1
    outer loop
      vertex 56.616977830871186 22.387963043412455 6.1
      vertex 57 30.6 6.1
      vertex 57 22.4 6.1
    endloop
  endfacet
  facet normal 0 0 -1
    outer loop
      vertex 55.85697398102708 22.291952229445002 6.1
      vertex 55.85697398102708 30.708047770555 6.1
      vertex 56.23546727525775 30.648100321981687 6.1
    endloop
  endfacet
  facet normal 0 0 -1
    outer loop
      vertex 56.23546727525775 22.351899678018317 6.1
      vertex 56.23546727525775 30.648100321981687 6.1
      vertex 56.616977830871186 30.612036956587545 6.1
    endloop
  endfacet
  facet normal 0 0 -1
    outer loop
      vertex 56.616977830871186 22.387963043412455 6.1
      vertex 56.616977830871186 30.612036956587545 6.1
      vertex 57 30.6 6.1
    endloop
  endfacet
  facet normal 0 0 -1
    outer loop
      vertex 58.14302601897292 22.291952229445002 6.1
      vertex 58.51700831170561 30.79164271711535 6.1
      vertex 58.51700831170562 22.20835728288465 6.1
    endloop
  endfacet
  facet normal 0 0 -1
    outer loop
      vertex 58.51700831170562 22.20835728288465 6.1
      vertex 58.88500366568718 30.898555250599568 6.1
      vertex 58.88500366568718 22.101444749400436 6.1
    endloop
  endfacet
  facet normal 0 0 -1
    outer loop
      vertex 57.383022169128814 22.387963043412455 6.1
      vertex 57 22.4 6.1
      vertex 57.383022169128814 30.612036956587545 6.1
    endloop
  endfacet
  facet normal 0 0 -1
    outer loop
      vertex 57.383022169128814 22.387963043412455 6.1
      vertex 57.76453272474225 30.648100321981687 6.1
      vertex 57.76453272474225 22.351899678018317 6.1
    endloop
  endfacet
  facet normal 0 0 -1
    outer loop
      vertex 57 22.4 6.1
      vertex 57 30.6 6.1
      vertex 57.383022169128814 30.612036956587545 6.1
    endloop
  endfacet
  facet normal 0 0 -1
    outer loop
      vertex 57.383022169128814 22.387963043412455 6.1
      vertex 57.383022169128814 30.612036956587545 6.1
      vertex 57.76453272474225 30.648100321981687 6.1
    endloop
  endfacet
  facet normal 0 0 -1
    outer loop
      vertex 57.76453272474225 22.351899678018317 6.1
      vertex 57.76453272474225 30.648100321981687 6.1
      vertex 58.14302601897292 30.708047770555 6.1
    endloop
  endfacet
  facet normal 0 0 -1
    outer loop
      vertex 57.76453272474225 22.351899678018317 6.1
      vertex 58.14302601897292 30.708047770555 6.1
      vertex 58.14302601897292 22.291952229445002 6.1
    endloop
  endfacet
  facet normal 0 0 -1
    outer loop
      vertex 58.14302601897292 22.291952229445002 6.1
      vertex 58.14302601897292 30.708047770555 6.1
      vertex 58.51700831170561 30.79164271711535 6.1
    endloop
  endfacet
  facet normal 0 0 -1
    outer loop
      vertex 58.51700831170562 22.20835728288465 6.1
      vertex 58.51700831170561 30.79164271711535 6.1
      vertex 58.88500366568718 30.898555250599568 6.1
    endloop
  endfacet
  facet normal 0 0 -1
    outer loop
      vertex 58.88500366568718 22.101444749400436 6.1
      vertex 58.88500366568718 30.898555250599568 6.1
      vertex 59.245559771376534 31.02836343608167 6.1
    endloop
  endfacet
  facet normal 0 0 -1
    outer loop
      vertex 58.88500366568718 22.101444749400436 6.1
      vertex 59.245559771376534 31.02836343608167 6.1
      vertex 59.245559771376534 21.971636563918334 6.1
    endloop
  endfacet
  facet normal 0 0 -1
    outer loop
      vertex 59.245559771376534 21.971636563918334 6.1
      vertex 59.59725367854694 31.180554979957286 6.1
      vertex 59.59725367854694 21.81944502004272 6.1
    endloop
  endfacet
  facet normal 0 0 -1
    outer loop
      vertex 59.59725367854694 21.81944502004272 6.1
      vertex 59.93869741202047 31.354529251732437 6.1
      vertex 59.93869741202046 21.64547074826757 6.1
    endloop
  endfacet
  facet normal 0 0 -1
    outer loop
      vertex 59.93869741202046 21.64547074826757 6.1
      vertex 60.268543449371876 31.54959965443771 6.1
      vertex 60.268543449371876 21.450400345562294 6.1
    endloop
  endfacet
  facet normal 0 0 -1
    outer loop
      vertex 60.268543449371876 21.450400345562294 6.1
      vertex 60.585490038984084 31.764996334312823 6.1
      vertex 60.585490038984084 21.23500366568718 6.1
    endloop
  endfacet
  facet normal 0 0 -1
    outer loop
      vertex 60.585490038984084 21.23500366568718 6.1
      vertex 60.88828633746701 31.99986921906769 6.1
      vertex 60.88828633746701 21.000130780932313 6.1
    endloop
  endfacet
  facet normal 0 0 -1
    outer loop
      vertex 60.88828633746701 21.000130780932313 6.1
      vertex 61.175737346165 32.25329137272939 6.1
      vertex 61.175737346165 20.74670862727061 6.1
    endloop
  endfacet
  facet normal 0 0 -1
    outer loop
      vertex 59.245559771376534 21.971636563918334 6.1
      vertex 59.245559771376534 31.02836343608167 6.1
      vertex 59.59725367854694 31.180554979957286 6.1
    endloop
  endfacet
  facet normal 0 0 -1
    outer loop
      vertex 59.59725367854694 21.81944502004272 6.1
      vertex 59.59725367854694 31.180554979957286 6.1
      vertex 59.93869741202047 31.354529251732437 6.1
    endloop
  endfacet
  facet normal 0 0 -1
    outer loop
      vertex 59.93869741202046 21.64547074826757 6.1
      vertex 59.93869741202047 31.354529251732437 6.1
      vertex 60.268543449371876 31.54959965443771 6.1
    endloop
  endfacet
  facet normal 0 0 -1
    outer loop
      vertex 60.268543449371876 21.450400345562294 6.1
      vertex 60.268543449371876 31.54959965443771 6.1
      vertex 60.585490038984084 31.764996334312823 6.1
    endloop
  endfacet
  facet normal 0 0 -1
    outer loop
      vertex 60.585490038984084 21.23500366568718 6.1
      vertex 60.585490038984084 31.764996334312823 6.1
      vertex 60.88828633746701 31.99986921906769 6.1
    endloop
  endfacet
  facet normal 0 0 -1
    outer loop
      vertex 60.88828633746701 21.000130780932313 6.1
      vertex 60.88828633746701 31.99986921906769 6.1
      vertex 61.175737346165 32.25329137272939 6.1
    endloop
  endfacet
  facet normal 0 0 -1
    outer loop
      vertex 58.51700831170561 10.391642717115351 6.1
      vertex 58.88500366568718 10.498555250599566 6.1
      vertex 66.5 3.5 6.1
    endloop
  endfacet
  facet normal 0 0 -1
    outer loop
      vertex 58.88500366568718 10.498555250599566 6.1
      vertex 59.245559771376534 10.628363436081669 6.1
      vertex 66.5 3.5 6.1
    endloop
  endfacet
  facet normal 0 0 -1
    outer loop
      vertex 59.245559771376534 10.628363436081669 6.1
      vertex 59.59725367854694 10.780554979957282 6.1
      vertex 66.5 3.5 6.1
    endloop
  endfacet
  facet normal 0 0 -1
    outer loop
      vertex 59.59725367854694 10.780554979957282 6.1
      vertex 59.93869741202047 10.954529251732435 6.1
      vertex 66.5 3.5 6.1
    endloop
  endfacet
  facet normal 0 0 -1
    outer loop
      vertex 59.93869741202047 10.954529251732435 6.1
      vertex 60.268543449371876 11.149599654437708 6.1
      vertex 66.5 3.5 6.1
    endloop
  endfacet
  facet normal 0 0 -1
    outer loop
      vertex 60.268543449371876 11.149599654437708 6.1
      vertex 60.585490038984084 11.36499633431282 6.1
      vertex 66.5 3.5 6.1
    endloop
  endfacet
  facet normal 0 0 -1
    outer loop
      vertex 60.585490038984084 11.36499633431282 6.1
      vertex 60.88828633746701 11.599869219067688 6.1
      vertex 66.5 3.5 6.1
    endloop
  endfacet
  facet normal 0 0 -1
    outer loop
      vertex 60.88828633746701 11.599869219067688 6.1
      vertex 61.175737346165 11.853291372729391 6.1
      vertex 66.5 3.5 6.1
    endloop
  endfacet
  facet normal 0 0 -1
    outer loop
      vertex 61.175737346165 11.853291372729391 6.1
      vertex 61.44670862727061 12.124262653835 6.1
      vertex 66.5 3.5 6.1
    endloop
  endfacet
  facet normal 0 0 -1
    outer loop
      vertex 61.44670862727061 12.124262653835 6.1
      vertex 61.70013078093231 12.411713662532993 6.1
      vertex 66.5 3.5 6.1
    endloop
  endfacet
  facet normal 0 0 -1
    outer loop
      vertex 61.70013078093231 12.411713662532993 6.1
      vertex 61.93500366568718 12.714509961015915 6.1
      vertex 66.5 3.5 6.1
    endloop
  endfacet
  facet normal 0 0 -1
    outer loop
      vertex 61.93500366568718 12.714509961015915 6.1
      vertex 62.15040034556229 13.031456550628125 6.1
      vertex 66.5 3.5 6.1
    endloop
  endfacet
  facet normal 0 0 -1
    outer loop
      vertex 62.15040034556229 13.031456550628125 6.1
      vertex 62.345470748267566 13.361302587979537 6.1
      vertex 66.5 3.5 6.1
    endloop
  endfacet
  facet normal 0 0 -1
    outer loop
      vertex 62.345470748267566 13.361302587979537 6.1
      vertex 62.51944502004272 13.70274632145306 6.1
      vertex 66.5 3.5 6.1
    endloop
  endfacet
  facet normal 0 0 -1
    outer loop
      vertex 62.51944502004272 13.70274632145306 6.1
      vertex 62.671636563918334 14.054440228623463 6.1
      vertex 66.5 3.5 6.1
    endloop
  endfacet
  facet normal 0 0 -1
    outer loop
      vertex 62.671636563918334 14.054440228623463 6.1
      vertex 62.80144474940044 14.414996334312821 6.1
      vertex 66.5 3.5 6.1
    endloop
  endfacet
  facet normal 0 0 -1
    outer loop
      vertex 62.80144474940044 14.414996334312821 6.1
      vertex 62.90835728288465 14.78299168829439 6.1
      vertex 66.5 3.5 6.1
    endloop
  endfacet
  facet normal 0 0 -1
    outer loop
      vertex 62.90835728288465 14.78299168829439 6.1
      vertex 62.991952229445 15.156973981027079 6.1
      vertex 66.5 3.5 6.1
    endloop
  endfacet
  facet normal 0 0 -1
    outer loop
      vertex 62.991952229445 15.156973981027079 6.1
      vertex 63.051899678018316 15.535467275257746 6.1
      vertex 66.5 3.5 6.1
    endloop
  endfacet
  facet normal 0 0 -1
    outer loop
      vertex 63.051899678018316 15.535467275257746 6.1
      vertex 63.08796304341246 15.916977830871186 6.1
      vertex 66.5 3.5 6.1
    endloop
  endfacet
  facet normal 0 0 -1
    outer loop
      vertex 63.08796304341246 15.916977830871186 6.1
      vertex 63.1 16.3 6.1
      vertex 66.5 3.5 6.1
    endloop
  endfacet
  facet normal 0 0 -1
    outer loop
      vertex 63.1 16.3 6.1
      vertex 63.1 36.7 6.1
      vertex 66.5 3.5 6.1
    endloop
  endfacet
  facet normal 0 0 -1
    outer loop
      vertex 61.44670862727061 20.475737346165 6.1
      vertex 61.175737346165 20.74670862727061 6.1
      vertex 61.44670862727061 32.524262653835 6.1
    endloop
  endfacet
  facet normal 0 0 -1
    outer loop
      vertex 61.44670862727061 20.475737346165 6.1
      vertex 61.70013078093231 32.811713662532995 6.1
      vertex 61.70013078093231 20.18828633746701 6.1
    endloop
  endfacet
  facet normal 0 0 -1
    outer loop
      vertex 62.345470748267566 19.238697412020464 6.1
      vertex 62.15040034556229 19.56854344937188 6.1
      vertex 62.345470748267566 33.761302587979536 6.1
    endloop
  endfacet
  facet normal 0 0 -1
    outer loop
      vertex 61.70013078093231 20.18828633746701 6.1
      vertex 61.93500366568718 33.11450996101591 6.1
      vertex 61.93500366568718 19.885490038984088 6.1
    endloop
  endfacet
  facet normal 0 0 -1
    outer loop
      vertex 61.93500366568718 19.885490038984088 6.1
      vertex 62.15040034556229 33.43145655062813 6.1
      vertex 62.15040034556229 19.56854344937188 6.1
    endloop
  endfacet
  facet normal 0 0 -1
    outer loop
      vertex 63.1 16.3 6.1
      vertex 63.08796304341246 16.68302216912881 6.1
      vertex 63.1 36.7 6.1
    endloop
  endfacet
  facet normal 0 0 -1
    outer loop
      vertex 62.345470748267566 19.238697412020464 6.1
      vertex 62.51944502004272 34.10274632145306 6.1
      vertex 62.51944502004272 18.897253678546942 6.1
    endloop
  endfacet
  facet normal 0 0 -1
    outer loop
      vertex 62.90835728288465 17.817008311705614 6.1
      vertex 62.80144474940044 18.18500366568718 6.1
      vertex 62.90835728288465 35.18299168829439 6.1
    endloop
  endfacet
  facet normal 0 0 -1
    outer loop
      vertex 62.671636563918334 18.545559771376535 6.1
      vertex 62.51944502004272 18.897253678546942 6.1
      vertex 62.671636563918334 34.45444022862347 6.1
    endloop
  endfacet
  facet normal 0 0 -1
    outer loop
      vertex 62.671636563918334 18.545559771376535 6.1
      vertex 62.80144474940044 34.81499633431282 6.1
      vertex 62.80144474940044 18.18500366568718 6.1
    endloop
  endfacet
  facet normal 0 0 -1
    outer loop
      vertex 62.991952229445005 17.443026018972922 6.1
      vertex 62.90835728288465 17.817008311705614 6.1
      vertex 62.991952229445 35.556973981027085 6.1
    endloop
  endfacet
  facet normal 0 0 -1
    outer loop
      vertex 63.08796304341246 16.68302216912881 6.1
      vertex 63.051899678018316 17.064532724742257 6.1
      vertex 63.08796304341246 36.31697783087119 6.1
    endloop
  endfacet
  facet normal 0 0 -1
    outer loop
      vertex 62.991952229445005 17.443026018972922 6.1
      vertex 63.051899678018316 35.93546727525775 6.1
      vertex 63.051899678018316 17.064532724742257 6.1
    endloop
  endfacet
  facet normal 0 0 -1
    outer loop
      vertex 61.175737346165 20.74670862727061 6.1
      vertex 61.175737346165 32.25329137272939 6.1
      vertex 61.44670862727061 32.524262653835 6.1
    endloop
  endfacet
  facet normal 0 0 -1
    outer loop
      vertex 61.44670862727061 20.475737346165 6.1
      vertex 61.44670862727061 32.524262653835 6.1
      vertex 61.70013078093231 32.811713662532995 6.1
    endloop
  endfacet
  facet normal 0 0 -1
    outer loop
      vertex 55.48299168829438 22.20835728288465 6.1
      vertex 51.328363436081666 34.45444022862347 6.1
      vertex 51.48055497995728 34.10274632145306 6.1
    endloop
  endfacet
  facet normal 0 0 -1
    outer loop
      vertex 55.48299168829438 22.20835728288465 6.1
      vertex 51.19855525059956 34.81499633431282 6.1
      vertex 51.328363436081666 34.45444022862347 6.1
    endloop
  endfacet
  facet normal 0 0 -1
    outer loop
      vertex 55.48299168829438 22.20835728288465 6.1
      vertex 51.48055497995728 34.10274632145306 6.1
      vertex 51.654529251732434 33.761302587979536 6.1
    endloop
  endfacet
  facet normal 0 0 -1
    outer loop
      vertex 55.48299168829438 22.20835728288465 6.1
      vertex 51.654529251732434 33.761302587979536 6.1
      vertex 51.84959965443771 33.43145655062813 6.1
    endloop
  endfacet
  facet normal 0 0 -1
    outer loop
      vertex 55.48299168829438 22.20835728288465 6.1
      vertex 51.84959965443771 33.43145655062813 6.1
      vertex 52.06499633431282 33.11450996101591 6.1
    endloop
  endfacet
  facet normal 0 0 -1
    outer loop
      vertex 55.48299168829438 22.20835728288465 6.1
      vertex 52.06499633431282 33.11450996101591 6.1
      vertex 52.29986921906769 32.811713662532995 6.1
    endloop
  endfacet
  facet normal 0 0 -1
    outer loop
      vertex 55.48299168829438 22.20835728288465 6.1
      vertex 52.29986921906769 32.811713662532995 6.1
      vertex 52.55329137272939 32.524262653835 6.1
    endloop
  endfacet
  facet normal 0 0 -1
    outer loop
      vertex 55.48299168829438 22.20835728288465 6.1
      vertex 52.55329137272939 32.524262653835 6.1
      vertex 52.824262653835 32.25329137272939 6.1
    endloop
  endfacet
  facet normal 0 0 -1
    outer loop
      vertex 55.48299168829438 22.20835728288465 6.1
      vertex 52.824262653835 32.25329137272939 6.1
      vertex 53.11171366253299 31.999869219067687 6.1
    endloop
  endfacet
  facet normal 0 0 -1
    outer loop
      vertex 52.55329137272939 40.875737346165 6.1
      vertex 52.824262653835 52.653291372729385 6.1
      vertex 52.824262653835 41.14670862727061 6.1
    endloop
  endfacet
  facet normal 0 0 -1
    outer loop
      vertex 52.824262653835 41.14670862727061 6.1
      vertex 53.11171366253299 52.39986921906768 6.1
      vertex 53.11171366253299 41.400130780932315 6.1
    endloop
  endfacet
  facet normal 0 0 -1
    outer loop
      vertex 53.11171366253299 41.400130780932315 6.1
      vertex 53.414509961015916 52.16499633431282 6.1
      vertex 53.414509961015916 41.63500366568718 6.1
    endloop
  endfacet
  facet normal 0 0 -1
    outer loop
      vertex 53.414509961015916 41.63500366568718 6.1
      vertex 53.73145655062812 51.949599654437705 6.1
      vertex 53.73145655062812 41.85040034556229 6.1
    endloop
  endfacet
  facet normal 0 0 -1
    outer loop
      vertex 53.73145655062812 41.85040034556229 6.1
      vertex 54.06130258797953 51.75452925173243 6.1
      vertex 54.06130258797954 42.04547074826757 6.1
    endloop
  endfacet
  facet normal 0 0 -1
    outer loop
      vertex 54.06130258797954 42.04547074826757 6.1
      vertex 54.40274632145306 51.58055497995728 6.1
      vertex 54.40274632145306 42.21944502004272 6.1
    endloop
  endfacet
  facet normal 0 0 -1
    outer loop
      vertex 54.40274632145306 42.21944502004272 6.1
      vertex 54.754440228623466 51.42836343608166 6.1
      vertex 54.754440228623466 42.37163656391834 6.1
    endloop
  endfacet
  facet normal 0 0 -1
    outer loop
      vertex 52.55329137272939 40.875737346165 6.1
      vertex 52.55329137272939 52.924262653834994 6.1
      vertex 52.824262653835 52.653291372729385 6.1
    endloop
  endfacet
  facet normal 0 0 -1
    outer loop
      vertex 52.824262653835 41.14670862727061 6.1
      vertex 52.824262653835 52.653291372729385 6.1
      vertex 53.11171366253299 52.39986921906768 6.1
    endloop
  endfacet
  facet normal 0 0 -1
    outer loop
      vertex 53.11171366253299 41.400130780932315 6.1
      vertex 53.11171366253299 52.39986921906768 6.1
      vertex 53.414509961015916 52.16499633431282 6.1
    endloop
  endfacet
  facet normal 0 0 -1
    outer loop
      vertex 53.414509961015916 41.63500366568718 6.1
      vertex 53.414509961015916 52.16499633431282 6.1
      vertex 53.73145655062812 51.949599654437705 6.1
    endloop
  endfacet
  facet normal 0 0 -1
    outer loop
      vertex 54.40274632145306 42.21944502004272 6.1
      vertex 54.40274632145306 51.58055497995728 6.1
      vertex 54.754440228623466 51.42836343608166 6.1
    endloop
  endfacet
  facet normal 0 0 -1
    outer loop
      vertex 53.73145655062812 41.85040034556229 6.1
      vertex 53.73145655062812 51.949599654437705 6.1
      vertex 54.06130258797953 51.75452925173243 6.1
    endloop
  endfacet
  facet normal 0 0 -1
    outer loop
      vertex 54.06130258797954 42.04547074826757 6.1
      vertex 54.06130258797953 51.75452925173243 6.1
      vertex 54.40274632145306 51.58055497995728 6.1
    endloop
  endfacet
  facet normal 0 0 -1
    outer loop
      vertex 54.754440228623466 42.37163656391834 6.1
      vertex 55.11499633431282 51.298555250599556 6.1
      vertex 55.11499633431282 42.50144474940044 6.1
    endloop
  endfacet
  facet normal 0 0 -1
    outer loop
      vertex 55.11499633431282 42.50144474940044 6.1
      vertex 55.48299168829438 51.19164271711534 6.1
      vertex 55.48299168829438 42.608357282884654 6.1
    endloop
  endfacet
  facet normal 0 0 -1
    outer loop
      vertex 55.48299168829438 42.608357282884654 6.1
      vertex 55.85697398102708 51.108047770555 6.1
      vertex 55.85697398102708 42.69195222944501 6.1
    endloop
  endfacet
  facet normal 0 0 -1
    outer loop
      vertex 55.85697398102708 42.69195222944501 6.1
      vertex 56.23546727525775 51.04810032198168 6.1
      vertex 56.23546727525775 42.75189967801832 6.1
    endloop
  endfacet
  facet normal 0 0 -1
    outer loop
      vertex 56.23546727525775 42.75189967801832 6.1
      vertex 56.616977830871186 51.01203695658754 6.1
      vertex 56.616977830871186 42.78796304341246 6.1
    endloop
  endfacet
  facet normal 0 0 -1
    outer loop
      vertex 56.616977830871186 42.78796304341246 6.1
      vertex 57 50.99999999999999 6.1
      vertex 57 42.800000000000004 6.1
    endloop
  endfacet
  facet normal 0 0 -1
    outer loop
      vertex 54.754440228623466 42.37163656391834 6.1
      vertex 54.754440228623466 51.42836343608166 6.1
      vertex 55.11499633431282 51.298555250599556 6.1
    endloop
  endfacet
  facet normal 0 0 -1
    outer loop
      vertex 55.11499633431282 42.50144474940044 6.1
      vertex 55.11499633431282 51.298555250599556 6.1
      vertex 55.48299168829438 51.19164271711534 6.1
    endloop
  endfacet
  facet normal 0 0 -1
    outer loop
      vertex 55.48299168829438 42.608357282884654 6.1
      vertex 55.48299168829438 51.19164271711534 6.1
      vertex 55.85697398102708 51.108047770555 6.1
    endloop
  endfacet
  facet normal 0 0 -1
    outer loop
      vertex 55.85697398102708 42.69195222944501 6.1
      vertex 55.85697398102708 51.108047770555 6.1
      vertex 56.23546727525775 51.04810032198168 6.1
    endloop
  endfacet
  facet normal 0 0 -1
    outer loop
      vertex 56.23546727525775 42.75189967801832 6.1
      vertex 56.23546727525775 51.04810032198168 6.1
      vertex 56.616977830871186 51.01203695658754 6.1
    endloop
  endfacet
  facet normal 0 0 -1
    outer loop
      vertex 56.616977830871186 42.78796304341246 6.1
      vertex 56.616977830871186 51.01203695658754 6.1
      vertex 57 50.99999999999999 6.1
    endloop
  endfacet
  facet normal 0 0 -1
    outer loop
      vertex 57 42.800000000000004 6.1
      vertex 57.383022169128814 51.01203695658754 6.1
      vertex 57.383022169128814 42.78796304341246 6.1
    endloop
  endfacet
  facet normal 0 0 -1
    outer loop
      vertex 57.383022169128814 42.78796304341246 6.1
      vertex 57.76453272474225 51.04810032198168 6.1
      vertex 57.76453272474225 42.75189967801832 6.1
    endloop
  endfacet
  facet normal 0 0 -1
    outer loop
      vertex 57.76453272474225 42.75189967801832 6.1
      vertex 58.14302601897292 51.108047770555 6.1
      vertex 58.14302601897292 42.69195222944501 6.1
    endloop
  endfacet
  facet normal 0 0 -1
    outer loop
      vertex 58.14302601897292 42.69195222944501 6.1
      vertex 58.51700831170561 51.19164271711534 6.1
      vertex 58.51700831170562 42.608357282884654 6.1
    endloop
  endfacet
  facet normal 0 0 -1
    outer loop
      vertex 58.51700831170562 42.608357282884654 6.1
      vertex 58.88500366568718 51.298555250599556 6.1
      vertex 58.88500366568718 42.50144474940044 6.1
    endloop
  endfacet
  facet normal 0 0 -1
    outer loop
      vertex 57 42.800000000000004 6.1
      vertex 57 50.99999999999999 6.1
      vertex 57.383022169128814 51.01203695658754 6.1
    endloop
  endfacet
  facet normal 0 0 -1
    outer loop
      vertex 57.383022169128814 42.78796304341246 6.1
      vertex 57.383022169128814 51.01203695658754 6.1
      vertex 57.76453272474225 51.04810032198168 6.1
    endloop
  endfacet
  facet normal 0 0 -1
    outer loop
      vertex 57.76453272474225 42.75189967801832 6.1
      vertex 57.76453272474225 51.04810032198168 6.1
      vertex 58.14302601897292 51.108047770555 6.1
    endloop
  endfacet
  facet normal 0 0 -1
    outer loop
      vertex 58.14302601897292 42.69195222944501 6.1
      vertex 58.14302601897292 51.108047770555 6.1
      vertex 58.51700831170561 51.19164271711534 6.1
    endloop
  endfacet
  facet normal 0 0 -1
    outer loop
      vertex 58.51700831170562 42.608357282884654 6.1
      vertex 58.51700831170561 51.19164271711534 6.1
      vertex 58.88500366568718 51.298555250599556 6.1
    endloop
  endfacet
  facet normal 0 0 -1
    outer loop
      vertex 58.88500366568718 42.50144474940044 6.1
      vertex 58.88500366568718 51.298555250599556 6.1
      vertex 59.245559771376534 51.42836343608166 6.1
    endloop
  endfacet
  facet normal 0 0 -1
    outer loop
      vertex 59.245559771376534 42.37163656391834 6.1
      vertex 58.88500366568718 42.50144474940044 6.1
      vertex 59.245559771376534 51.42836343608166 6.1
    endloop
  endfacet
  facet normal 0 0 -1
    outer loop
      vertex 59.245559771376534 42.37163656391834 6.1
      vertex 59.59725367854694 51.58055497995728 6.1
      vertex 59.59725367854694 42.21944502004272 6.1
    endloop
  endfacet
  facet normal 0 0 -1
    outer loop
      vertex 59.59725367854694 42.21944502004272 6.1
      vertex 59.93869741202047 51.75452925173243 6.1
      vertex 59.93869741202046 42.04547074826757 6.1
    endloop
  endfacet
  facet normal 0 0 -1
    outer loop
      vertex 59.93869741202046 42.04547074826757 6.1
      vertex 60.268543449371876 51.949599654437705 6.1
      vertex 60.268543449371876 41.85040034556229 6.1
    endloop
  endfacet
  facet normal 0 0 -1
    outer loop
      vertex 60.268543449371876 41.85040034556229 6.1
      vertex 60.585490038984084 52.16499633431282 6.1
      vertex 60.585490038984084 41.63500366568718 6.1
    endloop
  endfacet
  facet normal 0 0 -1
    outer loop
      vertex 60.88828633746701 41.400130780932315 6.1
      vertex 60.585490038984084 41.63500366568718 6.1
      vertex 60.88828633746701 52.39986921906768 6.1
    endloop
  endfacet
  facet normal 0 0 -1
    outer loop
      vertex 60.88828633746701 41.400130780932315 6.1
      vertex 61.175737346165 52.653291372729385 6.1
      vertex 61.175737346165 41.14670862727061 6.1
    endloop
  endfacet
  facet normal 0 0 -1
    outer loop
      vertex 59.245559771376534 42.37163656391834 6.1
      vertex 59.245559771376534 51.42836343608166 6.1
      vertex 59.59725367854694 51.58055497995728 6.1
    endloop
  endfacet
  facet normal 0 0 -1
    outer loop
      vertex 59.59725367854694 42.21944502004272 6.1
      vertex 59.59725367854694 51.58055497995728 6.1
      vertex 59.93869741202047 51.75452925173243 6.1
    endloop
  endfacet
  facet normal 0 0 -1
    outer loop
      vertex 59.93869741202046 42.04547074826757 6.1
      vertex 59.93869741202047 51.75452925173243 6.1
      vertex 60.268543449371876 51.949599654437705 6.1
    endloop
  endfacet
  facet normal 0 0 -1
    outer loop
      vertex 60.268543449371876 41.85040034556229 6.1
      vertex 60.268543449371876 51.949599654437705 6.1
      vertex 60.585490038984084 52.16499633431282 6.1
    endloop
  endfacet
  facet normal 0 0 -1
    outer loop
      vertex 60.585490038984084 41.63500366568718 6.1
      vertex 60.585490038984084 52.16499633431282 6.1
      vertex 60.88828633746701 52.39986921906768 6.1
    endloop
  endfacet
  facet normal 0 0 -1
    outer loop
      vertex 60.88828633746701 41.400130780932315 6.1
      vertex 60.88828633746701 52.39986921906768 6.1
      vertex 61.175737346165 52.653291372729385 6.1
    endloop
  endfacet
  facet normal 0 0 -1
    outer loop
      vertex 61.70013078093231 20.18828633746701 6.1
      vertex 61.70013078093231 32.811713662532995 6.1
      vertex 61.93500366568718 33.11450996101591 6.1
    endloop
  endfacet
  facet normal 0 0 -1
    outer loop
      vertex 61.93500366568718 19.885490038984088 6.1
      vertex 61.93500366568718 33.11450996101591 6.1
      vertex 62.15040034556229 33.43145655062813 6.1
    endloop
  endfacet
  facet normal 0 0 -1
    outer loop
      vertex 62.15040034556229 19.56854344937188 6.1
      vertex 62.15040034556229 33.43145655062813 6.1
      vertex 62.345470748267566 33.761302587979536 6.1
    endloop
  endfacet
  facet normal 0 0 -1
    outer loop
      vertex 62.345470748267566 19.238697412020464 6.1
      vertex 62.345470748267566 33.761302587979536 6.1
      vertex 62.51944502004272 34.10274632145306 6.1
    endloop
  endfacet
  facet normal 0 0 -1
    outer loop
      vertex 62.51944502004272 18.897253678546942 6.1
      vertex 62.51944502004272 34.10274632145306 6.1
      vertex 62.671636563918334 34.45444022862347 6.1
    endloop
  endfacet
  facet normal 0 0 -1
    outer loop
      vertex 62.671636563918334 18.545559771376535 6.1
      vertex 62.671636563918334 34.45444022862347 6.1
      vertex 62.80144474940044 34.81499633431282 6.1
    endloop
  endfacet
  facet normal 0 0 -1
    outer loop
      vertex 62.80144474940044 18.18500366568718 6.1
      vertex 62.80144474940044 34.81499633431282 6.1
      vertex 62.90835728288465 35.18299168829439 6.1
    endloop
  endfacet
  facet normal 0 0 -1
    outer loop
      vertex 62.90835728288465 17.817008311705614 6.1
      vertex 62.90835728288465 35.18299168829439 6.1
      vertex 62.991952229445 35.556973981027085 6.1
    endloop
  endfacet
  facet normal 0 0 -1
    outer loop
      vertex 62.991952229445005 17.443026018972922 6.1
      vertex 62.991952229445 35.556973981027085 6.1
      vertex 63.051899678018316 35.93546727525775 6.1
    endloop
  endfacet
  facet normal 0 0 -1
    outer loop
      vertex 63.051899678018316 17.064532724742257 6.1
      vertex 63.051899678018316 35.93546727525775 6.1
      vertex 63.08796304341246 36.31697783087119 6.1
    endloop
  endfacet
  facet normal 0 0 -1
    outer loop
      vertex 63.08796304341246 16.68302216912881 6.1
      vertex 63.08796304341246 36.31697783087119 6.1
      vertex 63.1 36.7 6.1
    endloop
  endfacet
  facet normal 0 0 -1
    outer loop
      vertex 66.5 3.5 6.1
      vertex 63.1 36.7 6.1
      vertex 63.1 57.099999999999994 6.1
    endloop
  endfacet
  facet normal 0 0 -1
    outer loop
      vertex 61.70013078093231 40.58828633746701 6.1
      vertex 61.93500366568718 53.51450996101591 6.1
      vertex 61.93500366568718 40.285490038984086 6.1
    endloop
  endfacet
  facet normal 0 0 -1
    outer loop
      vertex 61.93500366568718 40.285490038984086 6.1
      vertex 62.15040034556229 53.83145655062812 6.1
      vertex 62.15040034556229 39.96854344937188 6.1
    endloop
  endfacet
  facet normal 0 0 -1
    outer loop
      vertex 62.15040034556229 39.96854344937188 6.1
      vertex 62.345470748267566 54.16130258797953 6.1
      vertex 62.345470748267566 39.63869741202046 6.1
    endloop
  endfacet
  facet normal 0 0 -1
    outer loop
      vertex 61.44670862727061 40.875737346165 6.1
      vertex 61.175737346165 41.14670862727061 6.1
      vertex 61.44670862727061 52.924262653834994 6.1
    endloop
  endfacet
  facet normal 0 0 -1
    outer loop
      vertex 61.44670862727061 40.875737346165 6.1
      vertex 61.70013078093231 53.211713662532986 6.1
      vertex 61.70013078093231 40.58828633746701 6.1
    endloop
  endfacet
  facet normal 0 0 -1
    outer loop
      vertex 62.51944502004272 39.297253678546944 6.1
      vertex 62.345470748267566 39.63869741202046 6.1
      vertex 62.51944502004272 54.50274632145305 6.1
    endloop
  endfacet
  facet normal 0 0 -1
    outer loop
      vertex 62.671636563918334 38.94555977137654 6.1
      vertex 62.51944502004272 39.297253678546944 6.1
      vertex 62.671636563918334 54.85444022862346 6.1
    endloop
  endfacet
  facet normal 0 0 -1
    outer loop
      vertex 62.90835728288465 38.21700831170562 6.1
      vertex 62.80144474940044 38.58500366568718 6.1
      vertex 62.90835728288465 55.582991688294385 6.1
    endloop
  endfacet
  facet normal 0 0 -1
    outer loop
      vertex 62.671636563918334 38.94555977137654 6.1
      vertex 62.80144474940044 55.214996334312815 6.1
      vertex 62.80144474940044 38.58500366568718 6.1
    endloop
  endfacet
  facet normal 0 0 -1
    outer loop
      vertex 63.1 36.7 6.1
      vertex 63.08796304341246 37.08302216912882 6.1
      vertex 63.1 57.099999999999994 6.1
    endloop
  endfacet
  facet normal 0 0 -1
    outer loop
      vertex 63.08796304341246 37.08302216912882 6.1
      vertex 63.051899678018316 37.464532724742256 6.1
      vertex 63.08796304341246 56.71697783087118 6.1
    endloop
  endfacet
  facet normal 0 0 -1
    outer loop
      vertex 62.991952229445005 37.84302601897292 6.1
      vertex 63.051899678018316 56.33546727525774 6.1
      vertex 63.051899678018316 37.464532724742256 6.1
    endloop
  endfacet
  facet normal 0 0 -1
    outer loop
      vertex 62.991952229445005 37.84302601897292 6.1
      vertex 62.90835728288465 38.21700831170562 6.1
      vertex 62.991952229445 55.956973981027076 6.1
    endloop
  endfacet
  facet normal 0 0 -1
    outer loop
      vertex 61.175737346165 41.14670862727061 6.1
      vertex 61.175737346165 52.653291372729385 6.1
      vertex 61.44670862727061 52.924262653834994 6.1
    endloop
  endfacet
  facet normal 0 0 -1
    outer loop
      vertex 61.44670862727061 40.875737346165 6.1
      vertex 61.44670862727061 52.924262653834994 6.1
      vertex 61.70013078093231 53.211713662532986 6.1
    endloop
  endfacet
  facet normal 0 0 -1
    outer loop
      vertex 61.70013078093231 40.58828633746701 6.1
      vertex 61.70013078093231 53.211713662532986 6.1
      vertex 61.93500366568718 53.51450996101591 6.1
    endloop
  endfacet
  facet normal 0 0 -1
    outer loop
      vertex 61.93500366568718 40.285490038984086 6.1
      vertex 61.93500366568718 53.51450996101591 6.1
      vertex 62.15040034556229 53.83145655062812 6.1
    endloop
  endfacet
  facet normal 0 0 -1
    outer loop
      vertex 62.15040034556229 39.96854344937188 6.1
      vertex 62.15040034556229 53.83145655062812 6.1
      vertex 62.345470748267566 54.16130258797953 6.1
    endloop
  endfacet
  facet normal 0 0 -1
    outer loop
      vertex 62.345470748267566 39.63869741202046 6.1
      vertex 62.345470748267566 54.16130258797953 6.1
      vertex 62.51944502004272 54.50274632145305 6.1
    endloop
  endfacet
  facet normal 0 0 -1
    outer loop
      vertex 62.51944502004272 39.297253678546944 6.1
      vertex 62.51944502004272 54.50274632145305 6.1
      vertex 62.671636563918334 54.85444022862346 6.1
    endloop
  endfacet
  facet normal 0 0 -1
    outer loop
      vertex 62.671636563918334 38.94555977137654 6.1
      vertex 62.671636563918334 54.85444022862346 6.1
      vertex 62.80144474940044 55.214996334312815 6.1
    endloop
  endfacet
  facet normal 0 0 -1
    outer loop
      vertex 62.80144474940044 38.58500366568718 6.1
      vertex 62.80144474940044 55.214996334312815 6.1
      vertex 62.90835728288465 55.582991688294385 6.1
    endloop
  endfacet
  facet normal 0 0 -1
    outer loop
      vertex 62.90835728288465 38.21700831170562 6.1
      vertex 62.90835728288465 55.582991688294385 6.1
      vertex 62.991952229445 55.956973981027076 6.1
    endloop
  endfacet
  facet normal 0 0 -1
    outer loop
      vertex 62.991952229445005 37.84302601897292 6.1
      vertex 62.991952229445 55.956973981027076 6.1
      vertex 63.051899678018316 56.33546727525774 6.1
    endloop
  endfacet
  facet normal 0 0 -1
    outer loop
      vertex 63.051899678018316 37.464532724742256 6.1
      vertex 63.051899678018316 56.33546727525774 6.1
      vertex 63.08796304341246 56.71697783087118 6.1
    endloop
  endfacet
  facet normal 0 0 -1
    outer loop
      vertex 63.08796304341246 37.08302216912882 6.1
      vertex 63.08796304341246 56.71697783087118 6.1
      vertex 63.1 57.099999999999994 6.1
    endloop
  endfacet
  facet normal 0 0 -1
    outer loop
      vertex 66.5 3.5 6.1
      vertex 63.1 57.099999999999994 6.1
      vertex 66.5 111.3 6.1
    endloop
  endfacet
  facet normal 0 -1 0
    outer loop
      vertex 66.5 111.3 6.1
      vertex 3.5 111.3 0
      vertex 66.5 111.3 0
    endloop
  endfacet
  facet normal -1 0 0
    outer loop
      vertex 66.5 72.8 3.0999999999999996
      vertex 66.5 77.8 4.6
      vertex 66.5 77.8 3.0999999999999996
    endloop
  endfacet
  facet normal -1 0 0
    outer loop
      vertex 66.5 103.8 3.0999999999999996
      vertex 66.5 111.3 0
      vertex 66.5 103.8 0
    endloop
  endfacet
  facet normal -1 0 0
    outer loop
      vertex 66.5 103.8 3.0999999999999996
      vertex 66.5 111.3 6.1
      vertex 66.5 111.3 0
    endloop
  endfacet
  facet normal 0 0 -1
    outer loop
      vertex 32.504809468984604 72.708 6.1
      vertex 36.76700831170562 63.008357282884646 6.1
      vertex 36.39302601897292 63.091952229445 6.1
    endloop
  endfacet
  facet normal 0 0 -1
    outer loop
      vertex 32.504809468984604 72.708 6.1
      vertex 37.13500366568718 62.90144474940043 6.1
      vertex 36.76700831170562 63.008357282884646 6.1
    endloop
  endfacet
  facet normal 0 0 -1
    outer loop
      vertex 32.504809468984604 72.708 6.1
      vertex 37.495559771376534 62.77163656391833 6.1
      vertex 37.13500366568718 62.90144474940043 6.1
    endloop
  endfacet
  facet normal 0 0 -1
    outer loop
      vertex 32.504809468984604 72.708 6.1
      vertex 37.84725367854694 62.61944502004271 6.1
      vertex 37.495559771376534 62.77163656391833 6.1
    endloop
  endfacet
  facet normal 0 0 -1
    outer loop
      vertex 32.504809468984604 72.708 6.1
      vertex 38.18869741202046 62.44547074826756 6.1
      vertex 37.84725367854694 62.61944502004271 6.1
    endloop
  endfacet
  facet normal 0 0 -1
    outer loop
      vertex 32.504809468984604 72.708 6.1
      vertex 38.518543449371876 62.250400345562284 6.1
      vertex 38.18869741202046 62.44547074826756 6.1
    endloop
  endfacet
  facet normal 0 0 -1
    outer loop
      vertex 32.504809468984604 77.708 6.1
      vertex 38.835490038984084 62.03500366568717 6.1
      vertex 38.518543449371876 62.250400345562284 6.1
    endloop
  endfacet
  facet normal 0 0 -1
    outer loop
      vertex 32.504809468984604 77.708 6.1
      vertex 39.13828633746701 61.80013078093231 6.1
      vertex 38.835490038984084 62.03500366568717 6.1
    endloop
  endfacet
  facet normal 0 0 -1
    outer loop
      vertex 32.504809468984604 77.708 6.1
      vertex 39.425737346165 61.546708627270604 6.1
      vertex 39.13828633746701 61.80013078093231 6.1
    endloop
  endfacet
  facet normal 0 0 -1
    outer loop
      vertex 32.504809468984604 77.708 6.1
      vertex 34.66987298429012 72.708 6.1
      vertex 39.425737346165 61.546708627270604 6.1
    endloop
  endfacet
  facet normal 0 0 -1
    outer loop
      vertex 51.328363436081666 54.85444022862346 6.1
      vertex 39.95013078093231 60.988286337467 6.1
      vertex 39.69670862727061 61.275737346164995 6.1
    endloop
  endfacet
  facet normal 0 0 -1
    outer loop
      vertex 51.328363436081666 54.85444022862346 6.1
      vertex 39.69670862727061 61.275737346164995 6.1
      vertex 39.425737346165 61.546708627270604 6.1
    endloop
  endfacet
  facet normal 0 0 -1
    outer loop
      vertex 34.66987298429012 72.708 6.1
      vertex 51.328363436081666 54.85444022862346 6.1
      vertex 39.425737346165 61.546708627270604 6.1
    endloop
  endfacet
  facet normal 0 0 -1
    outer loop
      vertex 34.66987298429012 72.708 6.1
      vertex 39 70.208 6.1
      vertex 51.328363436081666 54.85444022862346 6.1
    endloop
  endfacet
  facet normal 0 0 -1
    outer loop
      vertex 34.66987298429012 77.708 6.1
      vertex 33.58734122663736 79.583 6.1
      vertex 37.91746824234724 82.083 6.1
    endloop
  endfacet
  facet normal 0 0 -1
    outer loop
      vertex 34.66987298429012 77.708 6.1
      vertex 37.91746824234724 82.083 6.1
      vertex 39 80.208 6.1
    endloop
  endfacet
  facet normal 0 0 -1
    outer loop
      vertex 37.91746824234724 82.083 6.1
      vertex 37.91746824234724 87.083 6.1
      vertex 39 80.208 6.1
    endloop
  endfacet
  facet normal 0 0 -1
    outer loop
      vertex 37.91746824234724 87.083 6.1
      vertex 43.33012701570988 77.708 6.1
      vertex 39 80.208 6.1
    endloop
  endfacet
  facet normal 0 0 -1
    outer loop
      vertex 37.91746824234724 87.083 6.1
      vertex 39 88.958 6.1
      vertex 43.33012701570988 77.708 6.1
    endloop
  endfacet
  facet normal 0 0 -1
    outer loop
      vertex 43.33012701570988 77.708 6.1
      vertex 39 88.958 6.1
      vertex 43.33012701570988 91.458 6.1
    endloop
  endfacet
  facet normal 0 0 -1
    outer loop
      vertex 51.328363436081666 54.85444022862346 6.1
      vertex 40.76944502004272 59.697253678546936 6.1
      vertex 40.595470748267566 60.038697412020454 6.1
    endloop
  endfacet
  facet normal 0 0 -1
    outer loop
      vertex 51.328363436081666 54.85444022862346 6.1
      vertex 40.40040034556229 60.36854344937187 6.1
      vertex 40.18500366568718 60.68549003898408 6.1
    endloop
  endfacet
  facet normal 0 0 -1
    outer loop
      vertex 51.328363436081666 54.85444022862346 6.1
      vertex 40.18500366568718 60.68549003898408 6.1
      vertex 39.95013078093231 60.988286337467 6.1
    endloop
  endfacet
  facet normal 0 0 -1
    outer loop
      vertex 51.328363436081666 54.85444022862346 6.1
      vertex 40.595470748267566 60.038697412020454 6.1
      vertex 40.40040034556229 60.36854344937187 6.1
    endloop
  endfacet
  facet normal 0 0 -1
    outer loop
      vertex 51.328363436081666 54.85444022862346 6.1
      vertex 41.15835728288465 58.61700831170561 6.1
      vertex 41.05144474940044 58.985003665687174 6.1
    endloop
  endfacet
  facet normal 0 0 -1
    outer loop
      vertex 51.328363436081666 54.85444022862346 6.1
      vertex 41.05144474940044 58.985003665687174 6.1
      vertex 40.921636563918334 59.34555977137653 6.1
    endloop
  endfacet
  facet normal 0 0 -1
    outer loop
      vertex 51.328363436081666 54.85444022862346 6.1
      vertex 40.921636563918334 59.34555977137653 6.1
      vertex 40.76944502004272 59.697253678546936 6.1
    endloop
  endfacet
  facet normal 0 0 -1
    outer loop
      vertex 51.008047770555 55.956973981027076 6.1
      vertex 39 70.208 6.1
      vertex 50.948100321981684 56.33546727525774 6.1
    endloop
  endfacet
  facet normal 0 0 -1
    outer loop
      vertex 51.19855525059956 55.214996334312815 6.1
      vertex 39 70.208 6.1
      vertex 51.09164271711535 55.58299168829438 6.1
    endloop
  endfacet
  facet normal 0 0 -1
    outer loop
      vertex 51.19855525059956 55.214996334312815 6.1
      vertex 51.328363436081666 54.85444022862346 6.1
      vertex 39 70.208 6.1
    endloop
  endfacet
  facet normal 0 0 -1
    outer loop
      vertex 51.09164271711535 55.58299168829438 6.1
      vertex 39 70.208 6.1
      vertex 51.008047770555 55.956973981027076 6.1
    endloop
  endfacet
  facet normal 0 0 -1
    outer loop
      vertex 50.948100321981684 56.33546727525774 6.1
      vertex 39 70.208 6.1
      vertex 50.91203695658754 56.71697783087118 6.1
    endloop
  endfacet
  facet normal 0 0 -1
    outer loop
      vertex 39 70.208 6.1
      vertex 50.9 57.099999999999994 6.1
      vertex 50.91203695658754 56.71697783087118 6.1
    endloop
  endfacet
  facet normal 0 0 -1
    outer loop
      vertex 39 70.208 6.1
      vertex 50.91203695658754 57.48302216912881 6.1
      vertex 50.9 57.099999999999994 6.1
    endloop
  endfacet
  facet normal 0 0 -1
    outer loop
      vertex 39 70.208 6.1
      vertex 50.948100321981684 57.86453272474225 6.1
      vertex 50.91203695658754 57.48302216912881 6.1
    endloop
  endfacet
  facet normal 0 0 -1
    outer loop
      vertex 39 70.208 6.1
      vertex 51.008047770555 58.24302601897291 6.1
      vertex 50.948100321981684 57.86453272474225 6.1
    endloop
  endfacet
  facet normal 0 0 -1
    outer loop
      vertex 39 70.208 6.1
      vertex 51.09164271711535 58.61700831170561 6.1
      vertex 51.008047770555 58.24302601897291 6.1
    endloop
  endfacet
  facet normal 0 0 -1
    outer loop
      vertex 39 70.208 6.1
      vertex 51.19855525059956 58.985003665687174 6.1
      vertex 51.09164271711535 58.61700831170561 6.1
    endloop
  endfacet
  facet normal 0 0 -1
    outer loop
      vertex 39 70.208 6.1
      vertex 51.328363436081666 59.34555977137653 6.1
      vertex 51.19855525059956 58.985003665687174 6.1
    endloop
  endfacet
  facet normal 0 0 -1
    outer loop
      vertex 39 70.208 6.1
      vertex 51.48055497995728 59.697253678546936 6.1
      vertex 51.328363436081666 59.34555977137653 6.1
    endloop
  endfacet
  facet normal 0 0 -1
    outer loop
      vertex 39 70.208 6.1
      vertex 51.654529251732434 60.03869741202046 6.1
      vertex 51.48055497995728 59.697253678546936 6.1
    endloop
  endfacet
  facet normal 0 0 -1
    outer loop
      vertex 39 70.208 6.1
      vertex 43.33012701570988 72.708 6.1
      vertex 51.654529251732434 60.03869741202046 6.1
    endloop
  endfacet
  facet normal 0 0 -1
    outer loop
      vertex 43.33012701570988 72.708 6.1
      vertex 43.33012701570988 77.708 6.1
      vertex 54.754440228623466 62.77163656391833 6.1
    endloop
  endfacet
  facet normal 0 0 -1
    outer loop
      vertex 43.33012701570988 72.708 6.1
      vertex 51.84959965443771 60.36854344937188 6.1
      vertex 51.654529251732434 60.03869741202046 6.1
    endloop
  endfacet
  facet normal 0 0 -1
    outer loop
      vertex 43.33012701570988 72.708 6.1
      vertex 52.06499633431282 60.68549003898408 6.1
      vertex 51.84959965443771 60.36854344937188 6.1
    endloop
  endfacet
  facet normal 0 0 -1
    outer loop
      vertex 43.33012701570988 72.708 6.1
      vertex 52.29986921906769 60.988286337467 6.1
      vertex 52.06499633431282 60.68549003898408 6.1
    endloop
  endfacet
  facet normal 0 0 -1
    outer loop
      vertex 43.33012701570988 72.708 6.1
      vertex 52.55329137272939 61.275737346164995 6.1
      vertex 52.29986921906769 60.988286337467 6.1
    endloop
  endfacet
  facet normal 0 0 -1
    outer loop
      vertex 43.33012701570988 72.708 6.1
      vertex 52.824262653835 61.546708627270604 6.1
      vertex 52.55329137272939 61.275737346164995 6.1
    endloop
  endfacet
  facet normal 0 0 -1
    outer loop
      vertex 43.33012701570988 72.708 6.1
      vertex 53.11171366253299 61.80013078093231 6.1
      vertex 52.824262653835 61.546708627270604 6.1
    endloop
  endfacet
  facet normal 0 0 -1
    outer loop
      vertex 43.33012701570988 72.708 6.1
      vertex 53.414509961015916 62.03500366568717 6.1
      vertex 53.11171366253299 61.80013078093231 6.1
    endloop
  endfacet
  facet normal 0 0 -1
    outer loop
      vertex 43.33012701570988 72.708 6.1
      vertex 53.73145655062812 62.250400345562284 6.1
      vertex 53.414509961015916 62.03500366568717 6.1
    endloop
  endfacet
  facet normal 0 0 -1
    outer loop
      vertex 43.33012701570988 72.708 6.1
      vertex 54.06130258797954 62.44547074826756 6.1
      vertex 53.73145655062812 62.250400345562284 6.1
    endloop
  endfacet
  facet normal 0 0 -1
    outer loop
      vertex 43.33012701570988 72.708 6.1
      vertex 54.40274632145306 62.61944502004271 6.1
      vertex 54.06130258797954 62.44547074826756 6.1
    endloop
  endfacet
  facet normal 0 0 -1
    outer loop
      vertex 43.33012701570988 72.708 6.1
      vertex 54.754440228623466 62.77163656391833 6.1
      vertex 54.40274632145306 62.61944502004271 6.1
    endloop
  endfacet
  facet normal 0 0 -1
    outer loop
      vertex 33.58734122663736 89.583 6.1
      vertex 39 88.958 6.1
      vertex 37.91746824234724 87.083 6.1
    endloop
  endfacet
  facet normal 0 0 -1
    outer loop
      vertex 33.58734122663736 89.583 6.1
      vertex 34.66987298429012 91.458 6.1
      vertex 39 88.958 6.1
    endloop
  endfacet
  facet normal 0 0 -1
    outer loop
      vertex 33.58734122663736 98.333 6.1
      vertex 37.91746824234724 100.833 6.1
      vertex 34.66987298429012 96.458 6.1
    endloop
  endfacet
  facet normal 0 0 -1
    outer loop
      vertex 34.66987298429012 96.458 6.1
      vertex 37.91746824234724 100.833 6.1
      vertex 39 98.958 6.1
    endloop
  endfacet
  facet normal 0 0 -1
    outer loop
      vertex 43.33012701570988 77.708 6.1
      vertex 43.33012701570988 91.458 6.1
      vertex 66.5 111.3 6.1
    endloop
  endfacet
  facet normal 0 0 -1
    outer loop
      vertex 43.33012701570988 91.458 6.1
      vertex 43.33012701570988 96.458 6.1
      vertex 66.5 111.3 6.1
    endloop
  endfacet
  facet normal 0 0 -1
    outer loop
      vertex 37.91746824234724 100.833 6.1
      vertex 66.5 111.3 6.1
      vertex 39 98.958 6.1
    endloop
  endfacet
  facet normal 0 0 -1
    outer loop
      vertex 37.91746824234724 100.833 6.1
      vertex 37.91746824234724 105.833 6.1
      vertex 66.5 111.3 6.1
    endloop
  endfacet
  facet normal 0 0 -1
    outer loop
      vertex 33.58734122663736 108.333 6.1
      vertex 66.5 111.3 6.1
      vertex 37.91746824234724 105.833 6.1
    endloop
  endfacet
  facet normal 0 0 -1
    outer loop
      vertex 39 98.958 6.1
      vertex 66.5 111.3 6.1
      vertex 43.33012701570988 96.458 6.1
    endloop
  endfacet
  facet normal -1 0 0
    outer loop
      vertex 66.5 3.5 6.1
      vertex 66.5 98.8 4.6
      vertex 66.5 77.8 4.6
    endloop
  endfacet
  facet normal -1 0 0
    outer loop
      vertex 66.5 3.5 6.1
      vertex 66.5 111.3 6.1
      vertex 66.5 98.8 4.6
    endloop
  endfacet
  facet normal 0 0 -1
    outer loop
      vertex 43.33012701570988 77.708 6.1
      vertex 66.5 111.3 6.1
      vertex 54.754440228623466 62.77163656391833 6.1
    endloop
  endfacet
  facet normal 0 0 -1
    outer loop
      vertex 54.754440228623466 62.77163656391833 6.1
      vertex 66.5 111.3 6.1
      vertex 55.11499633431282 62.90144474940043 6.1
    endloop
  endfacet
  facet normal 0 0 -1
    outer loop
      vertex 55.11499633431282 62.90144474940043 6.1
      vertex 66.5 111.3 6.1
      vertex 55.48299168829438 63.008357282884646 6.1
    endloop
  endfacet
  facet normal 0 0 -1
    outer loop
      vertex 55.48299168829438 63.008357282884646 6.1
      vertex 66.5 111.3 6.1
      vertex 55.85697398102708 63.091952229445 6.1
    endloop
  endfacet
  facet normal 0 0 -1
    outer loop
      vertex 55.85697398102708 63.091952229445 6.1
      vertex 66.5 111.3 6.1
      vertex 56.23546727525775 63.15189967801831 6.1
    endloop
  endfacet
  facet normal 0 0 -1
    outer loop
      vertex 56.23546727525775 63.15189967801831 6.1
      vertex 66.5 111.3 6.1
      vertex 56.616977830871186 63.18796304341245 6.1
    endloop
  endfacet
  facet normal 0 0 -1
    outer loop
      vertex 56.616977830871186 63.18796304341245 6.1
      vertex 66.5 111.3 6.1
      vertex 57 63.199999999999996 6.1
    endloop
  endfacet
  facet normal 0 0 -1
    outer loop
      vertex 57 63.199999999999996 6.1
      vertex 66.5 111.3 6.1
      vertex 57.383022169128814 63.18796304341245 6.1
    endloop
  endfacet
  facet normal 0 0 -1
    outer loop
      vertex 57.383022169128814 63.18796304341245 6.1
      vertex 66.5 111.3 6.1
      vertex 57.76453272474225 63.15189967801831 6.1
    endloop
  endfacet
  facet normal 0 0 -1
    outer loop
      vertex 57.76453272474225 63.15189967801831 6.1
      vertex 66.5 111.3 6.1
      vertex 58.14302601897292 63.091952229445 6.1
    endloop
  endfacet
  facet normal 0 0 -1
    outer loop
      vertex 58.14302601897292 63.091952229445 6.1
      vertex 66.5 111.3 6.1
      vertex 58.51700831170562 63.008357282884646 6.1
    endloop
  endfacet
  facet normal 0 0 -1
    outer loop
      vertex 59.245559771376534 62.77163656391833 6.1
      vertex 66.5 111.3 6.1
      vertex 59.59725367854694 62.61944502004271 6.1
    endloop
  endfacet
  facet normal 0 0 -1
    outer loop
      vertex 59.59725367854694 62.61944502004271 6.1
      vertex 66.5 111.3 6.1
      vertex 59.93869741202046 62.44547074826756 6.1
    endloop
  endfacet
  facet normal 0 0 -1
    outer loop
      vertex 60.268543449371876 62.250400345562284 6.1
      vertex 59.93869741202046 62.44547074826756 6.1
      vertex 66.5 111.3 6.1
    endloop
  endfacet
  facet normal 0 0 -1
    outer loop
      vertex 60.268543449371876 62.250400345562284 6.1
      vertex 66.5 111.3 6.1
      vertex 60.585490038984084 62.03500366568717 6.1
    endloop
  endfacet
  facet normal 0 0 -1
    outer loop
      vertex 60.585490038984084 62.03500366568717 6.1
      vertex 66.5 111.3 6.1
      vertex 60.88828633746701 61.80013078093231 6.1
    endloop
  endfacet
  facet normal 0 0 -1
    outer loop
      vertex 60.88828633746701 61.80013078093231 6.1
      vertex 66.5 111.3 6.1
      vertex 61.175737346165 61.546708627270604 6.1
    endloop
  endfacet
  facet normal 0 0 -1
    outer loop
      vertex 61.44670862727061 61.275737346164995 6.1
      vertex 66.5 111.3 6.1
      vertex 61.70013078093231 60.988286337467 6.1
    endloop
  endfacet
  facet normal 0 0 -1
    outer loop
      vertex 61.70013078093231 60.988286337467 6.1
      vertex 66.5 111.3 6.1
      vertex 61.93500366568718 60.68549003898408 6.1
    endloop
  endfacet
  facet normal 0 0 -1
    outer loop
      vertex 61.44670862727061 61.275737346164995 6.1
      vertex 61.175737346165 61.546708627270604 6.1
      vertex 66.5 111.3 6.1
    endloop
  endfacet
  facet normal 0 0 -1
    outer loop
      vertex 63.1 57.099999999999994 6.1
      vertex 63.08796304341246 57.48302216912881 6.1
      vertex 66.5 111.3 6.1
    endloop
  endfacet
  facet normal 0 0 -1
    outer loop
      vertex 62.345470748267566 60.038697412020454 6.1
      vertex 66.5 111.3 6.1
      vertex 62.51944502004272 59.697253678546936 6.1
    endloop
  endfacet
  facet normal 0 0 -1
    outer loop
      vertex 62.671636563918334 59.34555977137653 6.1
      vertex 62.51944502004272 59.697253678546936 6.1
      vertex 66.5 111.3 6.1
    endloop
  endfacet
  facet normal 0 0 -1
    outer loop
      vertex 63.08796304341246 57.48302216912881 6.1
      vertex 63.051899678018316 57.86453272474225 6.1
      vertex 66.5 111.3 6.1
    endloop
  endfacet
  facet normal 0 0 -1
    outer loop
      vertex 62.991952229445005 58.24302601897291 6.1
      vertex 66.5 111.3 6.1
      vertex 63.051899678018316 57.86453272474225 6.1
    endloop
  endfacet
  facet normal 0 0 -1
    outer loop
      vertex 62.991952229445005 58.24302601897291 6.1
      vertex 62.90835728288465 58.61700831170561 6.1
      vertex 66.5 111.3 6.1
    endloop
  endfacet
  facet normal 0 0 -1
    outer loop
      vertex 62.80144474940044 58.985003665687174 6.1
      vertex 66.5 111.3 6.1
      vertex 62.90835728288465 58.61700831170561 6.1
    endloop
  endfacet
  facet normal 0 0 -1
    outer loop
      vertex 62.671636563918334 59.34555977137653 6.1
      vertex 66.5 111.3 6.1
      vertex 62.80144474940044 58.985003665687174 6.1
    endloop
  endfacet
  facet normal 0 0 -1
    outer loop
      vertex 62.15040034556229 60.36854344937187 6.1
      vertex 61.93500366568718 60.68549003898408 6.1
      vertex 66.5 111.3 6.1
    endloop
  endfacet
  facet normal 0 0 -1
    outer loop
      vertex 62.15040034556229 60.36854344937187 6.1
      vertex 66.5 111.3 6.1
      vertex 62.345470748267566 60.038697412020454 6.1
    endloop
  endfacet
  facet normal 0 0 -1
    outer loop
      vertex 58.51700831170562 63.008357282884646 6.1
      vertex 66.5 111.3 6.1
      vertex 58.88500366568718 62.90144474940043 6.1
    endloop
  endfacet
  facet normal 0 0 -1
    outer loop
      vertex 58.88500366568718 62.90144474940043 6.1
      vertex 66.5 111.3 6.1
      vertex 59.245559771376534 62.77163656391833 6.1
    endloop
  endfacet
  facet normal -1 0 0
    outer loop
      vertex 66.5 98.8 3.0999999999999996
      vertex 66.5 111.3 6.1
      vertex 66.5 103.8 3.0999999999999996
    endloop
  endfacet
  facet normal -1 0 0
    outer loop
      vertex 66.5 98.8 3.0999999999999996
      vertex 66.5 98.8 4.6
      vertex 66.5 111.3 6.1
    endloop
  endfacet
  facet normal 0 1 0
    outer loop
      vertex 66.5 77.8 3.0999999999999996
      vertex 70 77.8 4.6
      vertex 70 77.8 3.0999999999999996
    endloop
  endfacet
  facet normal 0 -1 0
    outer loop
      vertex 66.5 98.8 3.0999999999999996
      vertex 70 98.8 3.0999999999999996
      vertex 66.5 98.8 4.6
    endloop
  endfacet
  facet normal 0 1 0
    outer loop
      vertex 66.5 77.8 3.0999999999999996
      vertex 66.5 77.8 4.6
      vertex 70 77.8 4.6
    endloop
  endfacet
  facet normal 0 0 -1
    outer loop
      vertex 66.5 77.8 4.6
      vertex 70 98.8 4.6
      vertex 70 77.8 4.6
    endloop
  endfacet
  facet normal 0 0 -1
    outer loop
      vertex 66.5 77.8 4.6
      vertex 66.5 98.8 4.6
      vertex 70 98.8 4.6
    endloop
  endfacet
  facet normal 0 -1 0
    outer loop
      vertex 66.5 98.8 4.6
      vertex 70 98.8 3.0999999999999996
      vertex 70 98.8 4.6
    endloop
  endfacet
  facet normal 0 1 0
    outer loop
      vertex 66.5 72.8 3.0999999999999996
      vertex 68.5 72.8 0
      vertex 66.5 72.8 0
    endloop
  endfacet
  facet normal 0 1 0
    outer loop
      vertex 66.5 72.8 3.0999999999999996
      vertex 68.5 72.8 3.0999999999999996
      vertex 68.5 72.8 0
    endloop
  endfacet
  facet normal 0 0 -1
    outer loop
      vertex 66.5 72.8 3.0999999999999996
      vertex 66.5 77.8 3.0999999999999996
      vertex 68.5 72.8 3.0999999999999996
    endloop
  endfacet
  facet normal 0 0 -1
    outer loop
      vertex 68.5 72.8 3.0999999999999996
      vertex 70 77.8 3.0999999999999996
      vertex 70 72.8 3.0999999999999996
    endloop
  endfacet
  facet normal 0 0 -1
    outer loop
      vertex 66.5 77.8 3.0999999999999996
      vertex 70 77.8 3.0999999999999996
      vertex 68.5 72.8 3.0999999999999996
    endloop
  endfacet
  facet normal 0 -1 0
    outer loop
      vertex 68.5 103.8 3.0999999999999996
      vertex 66.5 103.8 0
      vertex 68.5 103.8 0
    endloop
  endfacet
  facet normal 0 -1 0
    outer loop
      vertex 66.5 103.8 3.0999999999999996
      vertex 66.5 103.8 0
      vertex 68.5 103.8 3.0999999999999996
    endloop
  endfacet
  facet normal 0 0 -1
    outer loop
      vertex 66.5 98.8 3.0999999999999996
      vertex 66.5 103.8 3.0999999999999996
      vertex 68.5 103.8 3.0999999999999996
    endloop
  endfacet
  facet normal 0 0 -1
    outer loop
      vertex 66.5 98.8 3.0999999999999996
      vertex 68.5 103.8 3.0999999999999996
      vertex 70 98.8 3.0999999999999996
    endloop
  endfacet
  facet normal 0 0 -1
    outer loop
      vertex 68.5 103.8 3.0999999999999996
      vertex 70 103.8 3.0999999999999996
      vertex 70 98.8 3.0999999999999996
    endloop
  endfacet
  facet normal 1 0 0
    outer loop
      vertex 7.60657911002636 82.083 6.1
      vertex 7.60657911002636 87.083 6.1
      vertex 7.60657911002636 87.083 8.1
    endloop
  endfacet
  facet normal 1 0 0
    outer loop
      vertex 7.60657911002636 82.083 6.1
      vertex 7.60657911002636 87.083 8.1
      vertex 7.60657911002636 82.083 8.1
    endloop
  endfacet
  facet normal 0.49999999963295555 0.8660254039963519 0
    outer loop
      vertex 17.349364906549454 70.208 6.1
      vertex 13.019237883388996 72.708 8.1
      vertex 17.349364906549454 70.208 8.1
    endloop
  endfacet
  facet normal 1 0 0
    outer loop
      vertex 13.019237883388996 72.708 6.1
      vertex 13.019237883388996 77.708 6.1
      vertex 13.019237883388996 77.708 8.1
    endloop
  endfacet
  facet normal 0.49999999963295555 0.8660254039963519 0
    outer loop
      vertex 7.60657911002636 82.083 6.1
      vertex 7.60657911002636 82.083 8.1
      vertex 11.936706133186817 79.583 6.1
    endloop
  endfacet
  facet normal 0.49999999963295555 0.8660254039963519 0
    outer loop
      vertex 13.019237883388996 72.708 6.1
      vertex 13.019237883388996 72.708 8.1
      vertex 17.349364906549454 70.208 6.1
    endloop
  endfacet
  facet normal -0.5000000002781947 0.8660254036238227 0
    outer loop
      vertex 11.936706133186817 79.583 6.1
      vertex 11.936706133186817 79.583 8.1
      vertex 16.266833148896694 82.083 6.1
    endloop
  endfacet
  facet normal 0.49999999963295555 -0.8660254039963519 0
    outer loop
      vertex 13.019237883388996 77.708 6.1
      vertex 17.349364906549454 80.208 6.1
      vertex 17.349364906549454 80.208 8.1
    endloop
  endfacet
  facet normal -1 0 0
    outer loop
      vertex 16.266833148896694 82.083 6.1
      vertex 16.266833148896694 82.083 8.1
      vertex 16.266833148896694 87.083 6.1
    endloop
  endfacet
  facet normal 1 0 0
    outer loop
      vertex 13.019237883388996 72.708 6.1
      vertex 13.019237883388996 77.708 8.1
      vertex 13.019237883388996 72.708 8.1
    endloop
  endfacet
  facet normal 0.49999999963295555 0.8660254039963519 0
    outer loop
      vertex 11.936706133186817 79.583 6.1
      vertex 7.60657911002636 82.083 8.1
      vertex 11.936706133186817 79.583 8.1
    endloop
  endfacet
  facet normal 0.49999999963295555 -0.8660254039963519 0
    outer loop
      vertex 13.019237883388996 77.708 6.1
      vertex 17.349364906549454 80.208 8.1
      vertex 13.019237883388996 77.708 8.1
    endloop
  endfacet
  facet normal -0.5000000002781947 0.8660254036238227 0
    outer loop
      vertex 16.266833148896694 82.083 6.1
      vertex 11.936706133186817 79.583 8.1
      vertex 16.266833148896694 82.083 8.1
    endloop
  endfacet
  facet normal -1 0 0
    outer loop
      vertex 16.266833148896694 87.083 6.1
      vertex 16.266833148896694 82.083 8.1
      vertex 16.266833148896694 87.083 8.1
    endloop
  endfacet
  facet normal 1 0 0
    outer loop
      vertex 7.60657911002636 100.833 6.1
      vertex 7.60657911002636 105.833 6.1
      vertex 7.60657911002636 105.833 8.1
    endloop
  endfacet
  facet normal 1 0 0
    outer loop
      vertex 7.60657911002636 100.833 6.1
      vertex 7.60657911002636 105.833 8.1
      vertex 7.60657911002636 100.833 8.1
    endloop
  endfacet
  facet normal 0.49999999963295555 -0.8660254039963519 0
    outer loop
      vertex 7.60657911002636 87.083 6.1
      vertex 11.936706133186817 89.583 6.1
      vertex 11.936706133186817 89.583 8.1
    endloop
  endfacet
  facet normal 0.49999999963295555 0.8660254039963519 0
    outer loop
      vertex 7.60657911002636 100.833 6.1
      vertex 7.60657911002636 100.833 8.1
      vertex 11.936706133186817 98.333 6.1
    endloop
  endfacet
  facet normal 1 0 0
    outer loop
      vertex 13.019237883388996 91.458 6.1
      vertex 13.019237883388996 96.458 6.1
      vertex 13.019237883388996 96.458 8.1
    endloop
  endfacet
  facet normal -0.5000000002781947 -0.8660254036238227 0
    outer loop
      vertex 11.936706133186817 89.583 6.1
      vertex 16.266833148896694 87.083 6.1
      vertex 16.266833148896694 87.083 8.1
    endloop
  endfacet
  facet normal 0.49999999963295555 0.8660254039963519 0
    outer loop
      vertex 13.019237883388996 91.458 6.1
      vertex 13.019237883388996 91.458 8.1
      vertex 17.349364906549454 88.958 6.1
    endloop
  endfacet
  facet normal -0.5000000002781947 0.8660254036238227 0
    outer loop
      vertex 11.936706133186817 98.333 6.1
      vertex 11.936706133186817 98.333 8.1
      vertex 16.266833148896694 100.833 6.1
    endloop
  endfacet
  facet normal 0.49999999963295555 -0.8660254039963519 0
    outer loop
      vertex 13.019237883388996 96.458 6.1
      vertex 17.349364906549454 98.958 6.1
      vertex 17.349364906549454 98.958 8.1
    endloop
  endfacet
  facet normal 0.49999999963295555 -0.8660254039963519 0
    outer loop
      vertex 7.60657911002636 87.083 6.1
      vertex 11.936706133186817 89.583 8.1
      vertex 7.60657911002636 87.083 8.1
    endloop
  endfacet
  facet normal 1 0 0
    outer loop
      vertex 13.019237883388996 91.458 6.1
      vertex 13.019237883388996 96.458 8.1
      vertex 13.019237883388996 91.458 8.1
    endloop
  endfacet
  facet normal 0.49999999963295555 0.8660254039963519 0
    outer loop
      vertex 11.936706133186817 98.333 6.1
      vertex 7.60657911002636 100.833 8.1
      vertex 11.936706133186817 98.333 8.1
    endloop
  endfacet
  facet normal -0.5000000002781947 -0.8660254036238227 0
    outer loop
      vertex 11.936706133186817 89.583 6.1
      vertex 16.266833148896694 87.083 8.1
      vertex 11.936706133186817 89.583 8.1
    endloop
  endfacet
  facet normal 0.49999999963295555 0.8660254039963519 0
    outer loop
      vertex 17.349364906549454 88.958 6.1
      vertex 13.019237883388996 91.458 8.1
      vertex 17.349364906549454 88.958 8.1
    endloop
  endfacet
  facet normal 0.49999999963295555 -0.8660254039963519 0
    outer loop
      vertex 13.019237883388996 96.458 6.1
      vertex 17.349364906549454 98.958 8.1
      vertex 13.019237883388996 96.458 8.1
    endloop
  endfacet
  facet normal -0.5000000002781947 0.8660254036238227 0
    outer loop
      vertex 16.266833148896694 100.833 6.1
      vertex 11.936706133186817 98.333 8.1
      vertex 16.266833148896694 100.833 8.1
    endloop
  endfacet
  facet normal 0.49999999963295555 -0.8660254039963519 0
    outer loop
      vertex 7.60657911002636 105.833 6.1
      vertex 11.936706133186817 108.333 6.1
      vertex 11.936706133186817 108.333 8.1
    endloop
  endfacet
  facet normal -0.5000000002781947 -0.8660254036238227 0
    outer loop
      vertex 11.936706133186817 108.333 6.1
      vertex 16.266833148896694 105.833 6.1
      vertex 16.266833148896694 105.833 8.1
    endloop
  endfacet
  facet normal -1 0 0
    outer loop
      vertex 16.266833148896694 100.833 6.1
      vertex 16.266833148896694 100.833 8.1
      vertex 16.266833148896694 105.833 6.1
    endloop
  endfacet
  facet normal 0.49999999963295555 -0.8660254039963519 0
    outer loop
      vertex 7.60657911002636 105.833 6.1
      vertex 11.936706133186817 108.333 8.1
      vertex 7.60657911002636 105.833 8.1
    endloop
  endfacet
  facet normal -0.5000000002781947 -0.8660254036238227 0
    outer loop
      vertex 11.936706133186817 108.333 6.1
      vertex 16.266833148896694 105.833 8.1
      vertex 11.936706133186817 108.333 8.1
    endloop
  endfacet
  facet normal -1 0 0
    outer loop
      vertex 16.266833148896694 105.833 6.1
      vertex 16.266833148896694 100.833 8.1
      vertex 16.266833148896694 105.833 8.1
    endloop
  endfacet
  facet normal -0.5000000002781947 0.8660254036238227 0
    outer loop
      vertex 17.349364906549454 70.208 6.1
      vertex 17.349364906549454 70.208 8.1
      vertex 21.67949192225933 72.708 6.1
    endloop
  endfacet
  facet normal -1 0 0
    outer loop
      vertex 21.67949192225933 72.708 6.1
      vertex 21.67949192225933 72.708 8.1
      vertex 21.67949192225933 77.708 6.1
    endloop
  endfacet
  facet normal -0.5000000002781947 -0.8660254036238227 0
    outer loop
      vertex 17.349364906549454 80.208 6.1
      vertex 21.67949192225933 77.708 6.1
      vertex 21.67949192225933 77.708 8.1
    endloop
  endfacet
  facet normal 1 0 0
    outer loop
      vertex 18.431896656751633 82.083 6.1
      vertex 18.431896656751633 87.083 6.1
      vertex 18.431896656751633 87.083 8.1
    endloop
  endfacet
  facet normal 0.49999999963295555 0.8660254039963519 0
    outer loop
      vertex 18.431896656751633 82.083 6.1
      vertex 18.431896656751633 82.083 8.1
      vertex 22.76202367991209 79.583 6.1
    endloop
  endfacet
  facet normal 1 0 0
    outer loop
      vertex 23.84455543011427 72.708 6.1
      vertex 23.84455543011427 77.708 6.1
      vertex 23.84455543011427 77.708 8.1
    endloop
  endfacet
  facet normal 0.49999999963295555 0.8660254039963519 0
    outer loop
      vertex 23.84455543011427 72.708 6.1
      vertex 23.84455543011427 72.708 8.1
      vertex 28.174682453274727 70.208 6.1
    endloop
  endfacet
  facet normal -0.5000000002781947 0.8660254036238227 0
    outer loop
      vertex 22.76202367991209 79.583 6.1
      vertex 22.76202367991209 79.583 8.1
      vertex 27.092150695621967 82.083 6.1
    endloop
  endfacet
  facet normal -0.5000000002781947 0.8660254036238227 0
    outer loop
      vertex 21.67949192225933 72.708 6.1
      vertex 17.349364906549454 70.208 8.1
      vertex 21.67949192225933 72.708 8.1
    endloop
  endfacet
  facet normal -1 0 0
    outer loop
      vertex 21.67949192225933 77.708 6.1
      vertex 21.67949192225933 72.708 8.1
      vertex 21.67949192225933 77.708 8.1
    endloop
  endfacet
  facet normal -0.5000000002781947 -0.8660254036238227 0
    outer loop
      vertex 17.349364906549454 80.208 6.1
      vertex 21.67949192225933 77.708 8.1
      vertex 17.349364906549454 80.208 8.1
    endloop
  endfacet
  facet normal 1 0 0
    outer loop
      vertex 18.431896656751633 82.083 6.1
      vertex 18.431896656751633 87.083 8.1
      vertex 18.431896656751633 82.083 8.1
    endloop
  endfacet
  facet normal 0.49999999963295555 0.8660254039963519 0
    outer loop
      vertex 22.76202367991209 79.583 6.1
      vertex 18.431896656751633 82.083 8.1
      vertex 22.76202367991209 79.583 8.1
    endloop
  endfacet
  facet normal 1 0 0
    outer loop
      vertex 23.84455543011427 72.708 6.1
      vertex 23.84455543011427 77.708 8.1
      vertex 23.84455543011427 72.708 8.1
    endloop
  endfacet
  facet normal 0.49999999963295555 -0.8660254039963519 0
    outer loop
      vertex 23.84455543011427 77.708 6.1
      vertex 28.174682453274727 80.208 8.1
      vertex 23.84455543011427 77.708 8.1
    endloop
  endfacet
  facet normal -0.5000000002781947 0.8660254036238227 0
    outer loop
      vertex 27.092150695621967 82.083 6.1
      vertex 22.76202367991209 79.583 8.1
      vertex 27.092150695621967 82.083 8.1
    endloop
  endfacet
  facet normal -0.5000000002781947 0.8660254036238227 0
    outer loop
      vertex 28.174682453274727 70.208 6.1
      vertex 28.174682453274727 70.208 8.1
      vertex 32.504809468984604 72.708 6.1
    endloop
  endfacet
  facet normal 0.49999999963295555 0.8660254039963519 0
    outer loop
      vertex 28.174682453274727 70.208 6.1
      vertex 23.84455543011427 72.708 8.1
      vertex 28.174682453274727 70.208 8.1
    endloop
  endfacet
  facet normal 0.49999999963295555 -0.8660254039963519 0
    outer loop
      vertex 23.84455543011427 77.708 6.1
      vertex 28.174682453274727 80.208 6.1
      vertex 28.174682453274727 80.208 8.1
    endloop
  endfacet
  facet normal -1 0 0
    outer loop
      vertex 27.092150695621967 82.083 6.1
      vertex 27.092150695621967 82.083 8.1
      vertex 27.092150695621967 87.083 6.1
    endloop
  endfacet
  facet normal 1 0 0
    outer loop
      vertex 29.257214210927486 82.083 6.1
      vertex 29.257214210927486 87.083 6.1
      vertex 29.257214210927486 87.083 8.1
    endloop
  endfacet
  facet normal -1 0 0
    outer loop
      vertex 32.504809468984604 72.708 6.1
      vertex 32.504809468984604 72.708 8.1
      vertex 32.504809468984604 77.708 6.1
    endloop
  endfacet
  facet normal -0.5000000002781947 -0.8660254036238227 0
    outer loop
      vertex 28.174682453274727 80.208 6.1
      vertex 32.504809468984604 77.708 6.1
      vertex 32.504809468984604 77.708 8.1
    endloop
  endfacet
  facet normal 1 0 0
    outer loop
      vertex 34.66987298429012 72.708 6.1
      vertex 34.66987298429012 77.708 6.1
      vertex 34.66987298429012 77.708 8.1
    endloop
  endfacet
  facet normal 0.5000000002781947 0.8660254036238227 0
    outer loop
      vertex 29.257214210927486 82.083 6.1
      vertex 29.257214210927486 82.083 8.1
      vertex 33.58734122663736 79.583 6.1
    endloop
  endfacet
  facet normal -1 0 0
    outer loop
      vertex 27.092150695621967 87.083 6.1
      vertex 27.092150695621967 82.083 8.1
      vertex 27.092150695621967 87.083 8.1
    endloop
  endfacet
  facet normal -0.5000000002781947 -0.8660254036238227 0
    outer loop
      vertex 28.174682453274727 80.208 6.1
      vertex 32.504809468984604 77.708 8.1
      vertex 28.174682453274727 80.208 8.1
    endloop
  endfacet
  facet normal 1 0 0
    outer loop
      vertex 29.257214210927486 82.083 6.1
      vertex 29.257214210927486 87.083 8.1
      vertex 29.257214210927486 82.083 8.1
    endloop
  endfacet
  facet normal -0.5000000002781947 0.8660254036238227 0
    outer loop
      vertex 32.504809468984604 72.708 6.1
      vertex 28.174682453274727 70.208 8.1
      vertex 32.504809468984604 72.708 8.1
    endloop
  endfacet
  facet normal -1 0 0
    outer loop
      vertex 32.504809468984604 77.708 6.1
      vertex 32.504809468984604 72.708 8.1
      vertex 32.504809468984604 77.708 8.1
    endloop
  endfacet
  facet normal 1 0 0
    outer loop
      vertex 34.66987298429012 72.708 6.1
      vertex 34.66987298429012 77.708 8.1
      vertex 34.66987298429012 72.708 8.1
    endloop
  endfacet
  facet normal 0.5000000002781947 0.8660254036238227 0
    outer loop
      vertex 33.58734122663736 79.583 6.1
      vertex 29.257214210927486 82.083 8.1
      vertex 33.58734122663736 79.583 8.1
    endloop
  endfacet
  facet normal -0.5000000002781947 0.8660254036238227 0
    outer loop
      vertex 17.349364906549454 88.958 6.1
      vertex 17.349364906549454 88.958 8.1
      vertex 21.67949192225933 91.458 6.1
    endloop
  endfacet
  facet normal 0.49999999963295555 -0.8660254039963519 0
    outer loop
      vertex 18.431896656751633 87.083 6.1
      vertex 22.76202367991209 89.583 6.1
      vertex 22.76202367991209 89.583 8.1
    endloop
  endfacet
  facet normal -1 0 0
    outer loop
      vertex 21.67949192225933 91.458 6.1
      vertex 21.67949192225933 91.458 8.1
      vertex 21.67949192225933 96.458 6.1
    endloop
  endfacet
  facet normal -0.5000000002781947 -0.8660254036238227 0
    outer loop
      vertex 17.349364906549454 98.958 6.1
      vertex 21.67949192225933 96.458 6.1
      vertex 21.67949192225933 96.458 8.1
    endloop
  endfacet
  facet normal 0.49999999963295555 0.8660254039963519 0
    outer loop
      vertex 18.431896656751633 100.833 6.1
      vertex 18.431896656751633 100.833 8.1
      vertex 22.76202367991209 98.333 6.1
    endloop
  endfacet
  facet normal -0.5000000002781947 -0.8660254036238227 0
    outer loop
      vertex 27.092150695621967 87.083 6.1
      vertex 27.092150695621967 87.083 8.1
      vertex 22.76202367991209 89.583 6.1
    endloop
  endfacet
  facet normal 0.49999999963295555 0.8660254039963519 0
    outer loop
      vertex 23.84455543011427 91.458 6.1
      vertex 23.84455543011427 91.458 8.1
      vertex 28.174682453274727 88.958 6.1
    endloop
  endfacet
  facet normal 1 0 0
    outer loop
      vertex 23.84455543011427 91.458 6.1
      vertex 23.84455543011427 96.458 6.1
      vertex 23.84455543011427 96.458 8.1
    endloop
  endfacet
  facet normal -0.5000000002781947 0.8660254036238227 0
    outer loop
      vertex 22.76202367991209 98.333 6.1
      vertex 22.76202367991209 98.333 8.1
      vertex 27.092150695621967 100.833 6.1
    endloop
  endfacet
  facet normal 0.49999999963295555 -0.8660254039963519 0
    outer loop
      vertex 18.431896656751633 87.083 6.1
      vertex 22.76202367991209 89.583 8.1
      vertex 18.431896656751633 87.083 8.1
    endloop
  endfacet
  facet normal -0.5000000002781947 0.8660254036238227 0
    outer loop
      vertex 21.67949192225933 91.458 6.1
      vertex 17.349364906549454 88.958 8.1
      vertex 21.67949192225933 91.458 8.1
    endloop
  endfacet
  facet normal -0.5000000002781947 -0.8660254036238227 0
    outer loop
      vertex 17.349364906549454 98.958 6.1
      vertex 21.67949192225933 96.458 8.1
      vertex 17.349364906549454 98.958 8.1
    endloop
  endfacet
  facet normal -1 0 0
    outer loop
      vertex 21.67949192225933 96.458 6.1
      vertex 21.67949192225933 91.458 8.1
      vertex 21.67949192225933 96.458 8.1
    endloop
  endfacet
  facet normal 0.49999999963295555 0.8660254039963519 0
    outer loop
      vertex 22.76202367991209 98.333 6.1
      vertex 18.431896656751633 100.833 8.1
      vertex 22.76202367991209 98.333 8.1
    endloop
  endfacet
  facet normal 1 0 0
    outer loop
      vertex 23.84455543011427 91.458 6.1
      vertex 23.84455543011427 96.458 8.1
      vertex 23.84455543011427 91.458 8.1
    endloop
  endfacet
  facet normal -0.5000000002781947 -0.8660254036238227 0
    outer loop
      vertex 22.76202367991209 89.583 6.1
      vertex 27.092150695621967 87.083 8.1
      vertex 22.76202367991209 89.583 8.1
    endloop
  endfacet
  facet normal 0.49999999963295555 -0.8660254039963519 0
    outer loop
      vertex 23.84455543011427 96.458 6.1
      vertex 28.174682453274727 98.958 8.1
      vertex 23.84455543011427 96.458 8.1
    endloop
  endfacet
  facet normal -0.5000000002781947 0.8660254036238227 0
    outer loop
      vertex 27.092150695621967 100.833 6.1
      vertex 22.76202367991209 98.333 8.1
      vertex 27.092150695621967 100.833 8.1
    endloop
  endfacet
  facet normal 1 0 0
    outer loop
      vertex 18.431896656751633 100.833 6.1
      vertex 18.431896656751633 105.833 6.1
      vertex 18.431896656751633 105.833 8.1
    endloop
  endfacet
  facet normal 0.49999999963295555 -0.8660254039963519 0
    outer loop
      vertex 18.431896656751633 105.833 6.1
      vertex 22.76202367991209 108.333 6.1
      vertex 22.76202367991209 108.333 8.1
    endloop
  endfacet
  facet normal -0.5000000002781947 -0.8660254036238227 0
    outer loop
      vertex 22.76202367991209 108.333 6.1
      vertex 27.092150695621967 105.833 6.1
      vertex 27.092150695621967 105.833 8.1
    endloop
  endfacet
  facet normal 1 0 0
    outer loop
      vertex 18.431896656751633 100.833 6.1
      vertex 18.431896656751633 105.833 8.1
      vertex 18.431896656751633 100.833 8.1
    endloop
  endfacet
  facet normal 0.49999999963295555 -0.8660254039963519 0
    outer loop
      vertex 18.431896656751633 105.833 6.1
      vertex 22.76202367991209 108.333 8.1
      vertex 18.431896656751633 105.833 8.1
    endloop
  endfacet
  facet normal -0.5000000002781947 -0.8660254036238227 0
    outer loop
      vertex 22.76202367991209 108.333 6.1
      vertex 27.092150695621967 105.833 8.1
      vertex 22.76202367991209 108.333 8.1
    endloop
  endfacet
  facet normal -0.5000000002781947 0.8660254036238227 0
    outer loop
      vertex 28.174682453274727 88.958 6.1
      vertex 28.174682453274727 88.958 8.1
      vertex 32.504809468984604 91.458 6.1
    endloop
  endfacet
  facet normal 0.49999999963295555 -0.8660254039963519 0
    outer loop
      vertex 23.84455543011427 96.458 6.1
      vertex 28.174682453274727 98.958 6.1
      vertex 28.174682453274727 98.958 8.1
    endloop
  endfacet
  facet normal 0.5000000002781947 -0.8660254036238227 0
    outer loop
      vertex 29.257214210927486 87.083 6.1
      vertex 33.58734122663736 89.583 6.1
      vertex 33.58734122663736 89.583 8.1
    endloop
  endfacet
  facet normal -1 0 0
    outer loop
      vertex 32.504809468984604 91.458 6.1
      vertex 32.504809468984604 91.458 8.1
      vertex 32.504809468984604 96.458 6.1
    endloop
  endfacet
  facet normal -0.5000000002781947 -0.8660254036238227 0
    outer loop
      vertex 28.174682453274727 98.958 6.1
      vertex 32.504809468984604 96.458 6.1
      vertex 32.504809468984604 96.458 8.1
    endloop
  endfacet
  facet normal 0.5000000002781947 0.8660254036238227 0
    outer loop
      vertex 29.257214210927486 100.833 6.1
      vertex 29.257214210927486 100.833 8.1
      vertex 33.58734122663736 98.333 6.1
    endloop
  endfacet
  facet normal 1 0 0
    outer loop
      vertex 34.66987298429012 91.458 6.1
      vertex 34.66987298429012 96.458 6.1
      vertex 34.66987298429012 96.458 8.1
    endloop
  endfacet
  facet normal 0.49999999963295555 0.8660254039963519 0
    outer loop
      vertex 28.174682453274727 88.958 6.1
      vertex 23.84455543011427 91.458 8.1
      vertex 28.174682453274727 88.958 8.1
    endloop
  endfacet
  facet normal -0.5000000002781947 -0.8660254036238227 0
    outer loop
      vertex 28.174682453274727 98.958 6.1
      vertex 32.504809468984604 96.458 8.1
      vertex 28.174682453274727 98.958 8.1
    endloop
  endfacet
  facet normal 0.5000000002781947 -0.8660254036238227 0
    outer loop
      vertex 29.257214210927486 87.083 6.1
      vertex 33.58734122663736 89.583 8.1
      vertex 29.257214210927486 87.083 8.1
    endloop
  endfacet
  facet normal -0.5000000002781947 0.8660254036238227 0
    outer loop
      vertex 32.504809468984604 91.458 6.1
      vertex 28.174682453274727 88.958 8.1
      vertex 32.504809468984604 91.458 8.1
    endloop
  endfacet
  facet normal 1 0 0
    outer loop
      vertex 34.66987298429012 91.458 6.1
      vertex 34.66987298429012 96.458 8.1
      vertex 34.66987298429012 91.458 8.1
    endloop
  endfacet
  facet normal -1 0 0
    outer loop
      vertex 32.504809468984604 96.458 6.1
      vertex 32.504809468984604 91.458 8.1
      vertex 32.504809468984604 96.458 8.1
    endloop
  endfacet
  facet normal 0.5000000002781947 0.8660254036238227 0
    outer loop
      vertex 33.58734122663736 98.333 6.1
      vertex 29.257214210927486 100.833 8.1
      vertex 33.58734122663736 98.333 8.1
    endloop
  endfacet
  facet normal -1 0 0
    outer loop
      vertex 27.092150695621967 100.833 6.1
      vertex 27.092150695621967 100.833 8.1
      vertex 27.092150695621967 105.833 6.1
    endloop
  endfacet
  facet normal 1 0 0
    outer loop
      vertex 29.257214210927486 100.833 6.1
      vertex 29.257214210927486 105.833 6.1
      vertex 29.257214210927486 105.833 8.1
    endloop
  endfacet
  facet normal 0.5000000002781947 -0.8660254036238227 0
    outer loop
      vertex 29.257214210927486 105.833 6.1
      vertex 33.58734122663736 108.333 6.1
      vertex 33.58734122663736 108.333 8.1
    endloop
  endfacet
  facet normal -1 0 0
    outer loop
      vertex 27.092150695621967 105.833 6.1
      vertex 27.092150695621967 100.833 8.1
      vertex 27.092150695621967 105.833 8.1
    endloop
  endfacet
  facet normal 1 0 0
    outer loop
      vertex 29.257214210927486 100.833 6.1
      vertex 29.257214210927486 105.833 8.1
      vertex 29.257214210927486 100.833 8.1
    endloop
  endfacet
  facet normal 0.5000000002781947 -0.8660254036238227 0
    outer loop
      vertex 29.257214210927486 105.833 6.1
      vertex 33.58734122663736 108.333 8.1
      vertex 29.257214210927486 105.833 8.1
    endloop
  endfacet
  facet normal -0.5000000002781947 0.8660254036238227 0
    outer loop
      vertex 39 70.208 6.1
      vertex 39 70.208 8.1
      vertex 43.33012701570988 72.708 6.1
    endloop
  endfacet
  facet normal 0.5000000002781947 0.8660254036238227 0
    outer loop
      vertex 39 70.208 6.1
      vertex 34.66987298429012 72.708 8.1
      vertex 39 70.208 8.1
    endloop
  endfacet
  facet normal 0.5000000002781947 0.8660254036238227 0
    outer loop
      vertex 34.66987298429012 72.708 6.1
      vertex 34.66987298429012 72.708 8.1
      vertex 39 70.208 6.1
    endloop
  endfacet
  facet normal -0.5000000002781947 0.8660254036238227 0
    outer loop
      vertex 33.58734122663736 79.583 6.1
      vertex 33.58734122663736 79.583 8.1
      vertex 37.91746824234724 82.083 6.1
    endloop
  endfacet
  facet normal 0.5000000002781947 -0.8660254036238227 0
    outer loop
      vertex 34.66987298429012 77.708 6.1
      vertex 39 80.208 6.1
      vertex 39 80.208 8.1
    endloop
  endfacet
  facet normal -1 0 0
    outer loop
      vertex 37.91746824234724 82.083 6.1
      vertex 37.91746824234724 82.083 8.1
      vertex 37.91746824234724 87.083 6.1
    endloop
  endfacet
  facet normal -1 0 0
    outer loop
      vertex 43.33012701570988 72.708 6.1
      vertex 43.33012701570988 72.708 8.1
      vertex 43.33012701570988 77.708 6.1
    endloop
  endfacet
  facet normal -0.5000000002781947 -0.8660254036238227 0
    outer loop
      vertex 39 80.208 6.1
      vertex 43.33012701570988 77.708 6.1
      vertex 43.33012701570988 77.708 8.1
    endloop
  endfacet
  facet normal 0.5000000002781947 -0.8660254036238227 0
    outer loop
      vertex 34.66987298429012 77.708 6.1
      vertex 39 80.208 8.1
      vertex 34.66987298429012 77.708 8.1
    endloop
  endfacet
  facet normal -0.5000000002781947 0.8660254036238227 0
    outer loop
      vertex 37.91746824234724 82.083 6.1
      vertex 33.58734122663736 79.583 8.1
      vertex 37.91746824234724 82.083 8.1
    endloop
  endfacet
  facet normal -1 0 0
    outer loop
      vertex 37.91746824234724 87.083 6.1
      vertex 37.91746824234724 82.083 8.1
      vertex 37.91746824234724 87.083 8.1
    endloop
  endfacet
  facet normal -0.5000000002781947 0.8660254036238227 0
    outer loop
      vertex 43.33012701570988 72.708 6.1
      vertex 39 70.208 8.1
      vertex 43.33012701570988 72.708 8.1
    endloop
  endfacet
  facet normal -1 0 0
    outer loop
      vertex 43.33012701570988 77.708 6.1
      vertex 43.33012701570988 72.708 8.1
      vertex 43.33012701570988 77.708 8.1
    endloop
  endfacet
  facet normal -0.5000000002781947 -0.8660254036238227 0
    outer loop
      vertex 39 80.208 6.1
      vertex 43.33012701570988 77.708 8.1
      vertex 39 80.208 8.1
    endloop
  endfacet
  facet normal -0.5000000002781947 -0.8660254036238227 0
    outer loop
      vertex 33.58734122663736 89.583 6.1
      vertex 37.91746824234724 87.083 6.1
      vertex 37.91746824234724 87.083 8.1
    endloop
  endfacet
  facet normal 0.5000000002781947 0.8660254036238227 0
    outer loop
      vertex 34.66987298429012 91.458 6.1
      vertex 34.66987298429012 91.458 8.1
      vertex 39 88.958 6.1
    endloop
  endfacet
  facet normal -0.5000000002781947 0.8660254036238227 0
    outer loop
      vertex 33.58734122663736 98.333 6.1
      vertex 33.58734122663736 98.333 8.1
      vertex 37.91746824234724 100.833 6.1
    endloop
  endfacet
  facet normal 0.5000000002781947 -0.8660254036238227 0
    outer loop
      vertex 34.66987298429012 96.458 6.1
      vertex 39 98.958 6.1
      vertex 39 98.958 8.1
    endloop
  endfacet
  facet normal -0.5000000002781947 0.8660254036238227 0
    outer loop
      vertex 39 88.958 6.1
      vertex 39 88.958 8.1
      vertex 43.33012701570988 91.458 6.1
    endloop
  endfacet
  facet normal -1 0 0
    outer loop
      vertex 43.33012701570988 91.458 6.1
      vertex 43.33012701570988 91.458 8.1
      vertex 43.33012701570988 96.458 6.1
    endloop
  endfacet
  facet normal -0.5000000002781947 -0.8660254036238227 0
    outer loop
      vertex 39 98.958 6.1
      vertex 43.33012701570988 96.458 6.1
      vertex 43.33012701570988 96.458 8.1
    endloop
  endfacet
  facet normal -0.5000000002781947 -0.8660254036238227 0
    outer loop
      vertex 33.58734122663736 89.583 6.1
      vertex 37.91746824234724 87.083 8.1
      vertex 33.58734122663736 89.583 8.1
    endloop
  endfacet
  facet normal 0.5000000002781947 0.8660254036238227 0
    outer loop
      vertex 39 88.958 6.1
      vertex 34.66987298429012 91.458 8.1
      vertex 39 88.958 8.1
    endloop
  endfacet
  facet normal 0.5000000002781947 -0.8660254036238227 0
    outer loop
      vertex 34.66987298429012 96.458 6.1
      vertex 39 98.958 8.1
      vertex 34.66987298429012 96.458 8.1
    endloop
  endfacet
  facet normal -0.5000000002781947 0.8660254036238227 0
    outer loop
      vertex 37.91746824234724 100.833 6.1
      vertex 33.58734122663736 98.333 8.1
      vertex 37.91746824234724 100.833 8.1
    endloop
  endfacet
  facet normal -0.5000000002781947 0.8660254036238227 0
    outer loop
      vertex 43.33012701570988 91.458 6.1
      vertex 39 88.958 8.1
      vertex 43.33012701570988 91.458 8.1
    endloop
  endfacet
  facet normal -0.5000000002781947 -0.8660254036238227 0
    outer loop
      vertex 39 98.958 6.1
      vertex 43.33012701570988 96.458 8.1
      vertex 39 98.958 8.1
    endloop
  endfacet
  facet normal -1 0 0
    outer loop
      vertex 43.33012701570988 96.458 6.1
      vertex 43.33012701570988 91.458 8.1
      vertex 43.33012701570988 96.458 8.1
    endloop
  endfacet
  facet normal -0.5000000002781947 -0.8660254036238227 0
    outer loop
      vertex 33.58734122663736 108.333 6.1
      vertex 37.91746824234724 105.833 6.1
      vertex 37.91746824234724 105.833 8.1
    endloop
  endfacet
  facet normal -1 0 0
    outer loop
      vertex 37.91746824234724 100.833 6.1
      vertex 37.91746824234724 100.833 8.1
      vertex 37.91746824234724 105.833 6.1
    endloop
  endfacet
  facet normal -0.5000000002781947 -0.8660254036238227 0
    outer loop
      vertex 33.58734122663736 108.333 6.1
      vertex 37.91746824234724 105.833 8.1
      vertex 33.58734122663736 108.333 8.1
    endloop
  endfacet
  facet normal -1 0 0
    outer loop
      vertex 37.91746824234724 105.833 6.1
      vertex 37.91746824234724 100.833 8.1
      vertex 37.91746824234724 105.833 8.1
    endloop
  endfacet
endsolid OpenSCAD_Model
